{
"type": "FeatureCollection",
"name": "大武要存置圖層",
"crs": { "type": "name", "properties": { "name": "urn:ogc:def:crs:OGC:1.3:CRS84" } },
"features": [
{ "type": "Feature", "properties": { "番號": "23", "類型": null, "分區": "要", "郡\n支廳": null, "庄 (區)": null, "大字": null, "地名": null, "土地\n類型": null, "面積\n(公頃)": null, "區分理由": null, "地        況": null, "林        況": null, "參  考  事  項": null }, "geometry": { "type": "MultiPolygon", "coordinates": [ [ [ [ 120.892686549832874, 22.26325862874846 ], [ 120.893048129516899, 22.261621542864507 ], [ 120.893381156058766, 22.259984458398165 ], [ 120.89376180327902, 22.25890892396556 ], [ 120.894313744391582, 22.257395560552002 ], [ 120.894485020881078, 22.256653160784499 ], [ 120.894789495929132, 22.255044631255203 ], [ 120.894903636220818, 22.253778753281722 ], [ 120.895141519883836, 22.252741297274305 ], [ 120.895455536587008, 22.251551552109046 ], [ 120.895929983435067, 22.249037925527013 ], [ 120.895825688438904, 22.248599456613885 ], [ 120.89532151948147, 22.248822262323465 ], [ 120.894774265709941, 22.249084029918752 ], [ 120.89406044999059, 22.249312493326649 ], [ 120.89356077529024, 22.249407696421091 ], [ 120.893419799297618, 22.249498559082685 ], [ 120.892049266328172, 22.249818426222955 ], [ 120.88964397512531, 22.250277685703001 ], [ 120.889141445322309, 22.250376696075755 ], [ 120.888166843713833, 22.250597558123722 ], [ 120.887915583812514, 22.250734627411806 ], [ 120.886301382919427, 22.250803235716749 ], [ 120.884633884108851, 22.250894689468836 ], [ 120.884169419080152, 22.250887098182854 ], [ 120.883567889357565, 22.250711999744276 ], [ 120.883171950151635, 22.250673947988076 ], [ 120.88287499955176, 22.250712034031416 ], [ 120.882410552350862, 22.251016627806521 ], [ 120.88220498662119, 22.251313594501525 ], [ 120.882029887153877, 22.251778073625218 ], [ 120.88197664186626, 22.252722245717681 ], [ 120.881986965935752, 22.253508926183898 ], [ 120.881827078400192, 22.253685965870243 ], [ 120.881718595344864, 22.254017191976587 ], [ 120.881575868407779, 22.254696772623074 ], [ 120.88165013759324, 22.255239285673191 ], [ 120.881975680710823, 22.255890289631449 ], [ 120.882461117888653, 22.256478467948785 ], [ 120.882506812392407, 22.256644076055849 ], [ 120.883119402812866, 22.257171714633209 ], [ 120.883547726837136, 22.257639971025736 ], [ 120.884073130270522, 22.258085379802591 ], [ 120.885021128499389, 22.258673535218698 ], [ 120.885912011614252, 22.259107504496974 ], [ 120.886351740583322, 22.259290225204328 ], [ 120.886802886570081, 22.259398706215926 ], [ 120.88788222080511, 22.259838376864771 ], [ 120.888196310687022, 22.259929732553431 ], [ 120.888731456058068, 22.260135053399114 ], [ 120.889873611463017, 22.260648960064891 ], [ 120.890170570758258, 22.260763159409898 ], [ 120.890718814097397, 22.261162881429279 ], [ 120.891164263482523, 22.261516922918513 ], [ 120.891552607219026, 22.261882388638842 ], [ 120.891906705450964, 22.26256765538162 ], [ 120.892066614844097, 22.262773232746582 ], [ 120.892135158724329, 22.263058764466876 ], [ 120.892078064825199, 22.263275773980101 ], [ 120.892244054603808, 22.263403732387108 ], [ 120.89224493571129, 22.263397611034719 ], [ 120.892488595355971, 22.263504198746819 ], [ 120.892686549832874, 22.26325862874846 ] ] ] ] } },
{ "type": "Feature", "properties": { "番號": "22", "類型": null, "分區": "要", "郡\n支廳": "大武", "庄 (區)": "大武", "大字": "大武", "地名": "大武", "土地\n類型": "山林", "面積\n(公頃)": "87", "區分理由": "第七條第三號 (八)", "地        況": "正對太平洋之東向陡坡地。基岩及土壤狀況等，與番號18相同，為海拔高度270公尺以下之地。\n東側以道路為界。東北側以道路與要存置林野21連接。西側及南側以稜線與要存置林野25相鄰。", "林        況": "大部分為芒草地，山谷間附近雜木叢生。", "參  考  事  項": null }, "geometry": { "type": "MultiPolygon", "coordinates": [ [ [ [ 120.892230448991441, 22.281681328236893 ], [ 120.892260460213635, 22.280549306917216 ], [ 120.892443159432077, 22.279833556506922 ], [ 120.892473578666696, 22.279178727799962 ], [ 120.892564907806403, 22.278462981917709 ], [ 120.892578893317619, 22.278045545886176 ], [ 120.892588394701932, 22.277760010299559 ], [ 120.892607377329071, 22.276836779151594 ], [ 120.89255015127064, 22.274742857805812 ], [ 120.892445309973724, 22.272182564798911 ], [ 120.892416702400467, 22.271230782499302 ], [ 120.892349969002041, 22.269317700535161 ], [ 120.892138628891146, 22.268499177005769 ], [ 120.891849221522477, 22.267296136720898 ], [ 120.891955765109174, 22.266336733460225 ], [ 120.891970934264194, 22.265301192027902 ], [ 120.892244054603808, 22.263403732387108 ], [ 120.892078064825199, 22.263275773980101 ], [ 120.891803962411714, 22.263412844405629 ], [ 120.891312871066319, 22.263812617879861 ], [ 120.890570515910696, 22.26428093222313 ], [ 120.890319254711784, 22.264395158709689 ], [ 120.889325648148201, 22.265149020611251 ], [ 120.888457102068003, 22.265862330337505 ], [ 120.886926712587069, 22.266901753943458 ], [ 120.886321417124293, 22.267450011342877 ], [ 120.886104434722597, 22.267826928443746 ], [ 120.88612730140234, 22.268249519286229 ], [ 120.886207295279746, 22.269037592251138 ], [ 120.886207326623165, 22.269585819676898 ], [ 120.886058880928914, 22.270122633051237 ], [ 120.885887588143333, 22.270579497724444 ], [ 120.885830522983269, 22.271299049050036 ], [ 120.886390222215567, 22.272304104947292 ], [ 120.886716892425511, 22.272691655101635 ], [ 120.887676334903844, 22.27368146265627 ], [ 120.888666229722517, 22.27459512600106 ], [ 120.889077430803212, 22.275219475756149 ], [ 120.889579997612245, 22.27576767828662 ], [ 120.88976276390683, 22.276224525420663 ], [ 120.890097864192697, 22.277564620304013 ], [ 120.890280627005438, 22.277960553279204 ], [ 120.890676595388342, 22.278508761087206 ], [ 120.891011639930156, 22.278874229438021 ], [ 120.891453309035882, 22.279696548692666 ], [ 120.891529473421272, 22.280092486947911 ], [ 120.891773156594112, 22.28061024521946 ], [ 120.891881630298499, 22.280905487125928 ], [ 120.892047309530241, 22.281356430074393 ], [ 120.892145793043426, 22.282585526967974 ], [ 120.892230448991441, 22.281681328236893 ] ] ] ] } },
{ "type": "Feature", "properties": { "番號": "73", "類型": null, "分區": "要", "郡\n支廳": "〃", "庄 (區)": null, "大字": null, "地名": "Boketsu社蕃地", "土地\n類型": "山林", "面積\n(公頃)": "46", "區分理由": "第七條第二號", "地        況": "位於虷子崙溪上游河段左岸側匯入之支流左岸。溪畔可見部分斷崖，惟整體多為陡坡地。基岩及土壤狀況等，與番號38相同。海拔高度介於300至900公尺。\n東側以稜線及溪流，與要存置林野70相鄰。北側以小溪流與準要存置林野172鄰接。西側以溪流與要存置林野74相連。西南側以虷子崙溪溪畔為界。", "林        況": "與番號66相同。", "參  考  事  項": "依據治水調查之結果，選定為施業限制預定地。(詳情參見〈治水調查復命書〉)\r" }, "geometry": { "type": "MultiPolygon", "coordinates": [ [ [ [ 120.864349718459167, 22.534332473505216 ], [ 120.863996233906434, 22.534019582529574 ], [ 120.863002554388572, 22.533505668981732 ], [ 120.862283493902822, 22.532875108492174 ], [ 120.860180007661299, 22.531656930418908 ], [ 120.858047950034774, 22.530124665072968 ], [ 120.855820696453122, 22.52826879794738 ], [ 120.854707064967599, 22.527259962745344 ], [ 120.854229459622388, 22.526685508625622 ], [ 120.853519239430796, 22.526791799880129 ], [ 120.852811123011065, 22.526822292419286 ], [ 120.852514158736952, 22.526624336230029 ], [ 120.852527853375591, 22.52654409579668 ], [ 120.852307378801356, 22.526532896153292 ], [ 120.852207140021335, 22.526532901171926 ], [ 120.851795313446758, 22.527189121313363 ], [ 120.851551659434548, 22.52718151924136 ], [ 120.851221889896721, 22.527515516734383 ], [ 120.851100086084188, 22.52791146494916 ], [ 120.850993507969292, 22.528261726773184 ], [ 120.85102399382491, 22.528764267163748 ], [ 120.851206746373606, 22.528977457614324 ], [ 120.851480884033634, 22.529449528718597 ], [ 120.85167887111659, 22.529769318206391 ], [ 120.851557062888602, 22.530089123707409 ], [ 120.851648446232986, 22.530317547275544 ], [ 120.851846431549433, 22.530606879677126 ], [ 120.851953044125864, 22.53085053102544 ], [ 120.851846460712352, 22.531109421592625 ], [ 120.852105366491912, 22.531520579286692 ], [ 120.852082161434453, 22.531599639314987 ], [ 120.85240543171777, 22.531851047436366 ], [ 120.852611025022796, 22.532033779655734 ], [ 120.852645298748527, 22.532205099047207 ], [ 120.853364858744541, 22.532559126635014 ], [ 120.855843331383952, 22.533575507748505 ], [ 120.85643724159543, 22.533655427854626 ], [ 120.857076839501516, 22.533781031300649 ], [ 120.857727854027445, 22.533826684324968 ], [ 120.858218978191118, 22.533997980834879 ], [ 120.860080649021299, 22.534089258854902 ], [ 120.8627532346637, 22.534271867517983 ], [ 120.863892896628514, 22.534323056459201 ], [ 120.86434592617276, 22.53435527475505 ], [ 120.864349718459167, 22.534332473505216 ] ] ] ] } },
{ "type": "Feature", "properties": { "番號": "75", "類型": null, "分區": "要", "郡\n支廳": "大武", "庄 (區)": null, "大字": null, "地名": "Boketsu社蕃地", "土地\n類型": "山林", "面積\n(公頃)": "525", "區分理由": "第七條第三號 (口)", "地        況": "位於Enabari山西側之地。整體多為陡坡地。基岩及土壤狀況等，與番號38相同。海拔高度介於270至1,260公尺。\n東側以稜線與要存置林野72相鄰。北側同樣以稜線與要存置林野76鄰接。西側以溪流與準要存置林野178、要存置林野77及78接壤。南側以稜線與要存置林野74相鄰；另以稜線或小溪流，與準要存置林野172毗鄰。", "林        況": "與番號66相同。", "參  考  事  項": null }, "geometry": { "type": "MultiPolygon", "coordinates": [ [ [ [ 120.857720124074021, 22.576008539724889 ], [ 120.858400600538801, 22.575315289612753 ], [ 120.858629019111802, 22.575201064080076 ], [ 120.859476045572791, 22.574334898199574 ], [ 120.859809147409308, 22.574020792788779 ], [ 120.860123220455222, 22.573820902405597 ], [ 120.860570522719911, 22.573297398800396 ], [ 120.860695193135101, 22.57309656613554 ], [ 120.860837959227453, 22.57310226967742 ], [ 120.861477512628412, 22.572462638789819 ], [ 120.861757317241427, 22.572182800277073 ], [ 120.861842969389826, 22.57205716050116 ], [ 120.862031412220617, 22.571920094162042 ], [ 120.862358270247626, 22.57175210188365 ], [ 120.862210346756399, 22.571626441483833 ], [ 120.861344180782751, 22.570703254513678 ], [ 120.859868860418047, 22.569427938037119 ], [ 120.859516676092085, 22.568933028053483 ], [ 120.859164148430793, 22.567989669220783 ], [ 120.858924274057472, 22.567509982146028 ], [ 120.858615860829076, 22.566836134584779 ], [ 120.85841020640882, 22.565602632913624 ], [ 120.858158860973646, 22.564266340868009 ], [ 120.858157346911284, 22.562780130324615 ], [ 120.857803179599429, 22.560918458700886 ], [ 120.857574707244069, 22.560107550241334 ], [ 120.856935030994549, 22.558634220776174 ], [ 120.85670654204992, 22.557537777134335 ], [ 120.856794044315677, 22.556492713984518 ], [ 120.857346018829048, 22.555578973735901 ], [ 120.858906874708993, 22.554722289955393 ], [ 120.860410612114862, 22.553656216579828 ], [ 120.862409240958769, 22.55207615508851 ], [ 120.863722637286457, 22.551238519411381 ], [ 120.865131266079501, 22.551352662884277 ], [ 120.865466602055847, 22.550680089699409 ], [ 120.866027121193525, 22.549915646983347 ], [ 120.865189420928417, 22.549213126876182 ], [ 120.864903865525832, 22.548801970534228 ], [ 120.863224873189139, 22.547648492562043 ], [ 120.862628673873118, 22.547484910781819 ], [ 120.861292348545035, 22.546833957541704 ], [ 120.860127330849906, 22.545988831793743 ], [ 120.859510570822636, 22.545783277369832 ], [ 120.858151367146959, 22.5445155692824 ], [ 120.85796860110375, 22.544070143561402 ], [ 120.85682638149116, 22.542459782380593 ], [ 120.855901202316716, 22.54147758771494 ], [ 120.855353034182272, 22.54237990634493 ], [ 120.854313787642667, 22.54389900557133 ], [ 120.853731331188058, 22.544378733858316 ], [ 120.852908990442742, 22.544207453952104 ], [ 120.851812548715742, 22.544196087480884 ], [ 120.850384896382621, 22.544287530270459 ], [ 120.848955818957222, 22.544423231085894 ], [ 120.847790852968885, 22.544468975085756 ], [ 120.847071324788317, 22.54466317506342 ], [ 120.846574027355786, 22.544743689213139 ], [ 120.845095465164178, 22.544983073473261 ], [ 120.843085312559978, 22.544800431674446 ], [ 120.841760472112583, 22.545245932950742 ], [ 120.841132339884325, 22.545885563247502 ], [ 120.840401426254758, 22.546696519810169 ], [ 120.840195857480822, 22.546936379670438 ], [ 120.837877281700827, 22.545908569168812 ], [ 120.837054925001794, 22.545463175477831 ], [ 120.836232573608456, 22.545109153046432 ], [ 120.835535865377508, 22.544915024025819 ], [ 120.835044757764038, 22.545029262710624 ], [ 120.833662828230558, 22.545771723457623 ], [ 120.832360847526004, 22.546514180202955 ], [ 120.832002514912119, 22.546677238755326 ], [ 120.831328683693783, 22.547077021794415 ], [ 120.82998100931357, 22.547671002535868 ], [ 120.828496273818061, 22.548162197478941 ], [ 120.828369353697411, 22.548255729128101 ], [ 120.829758446065142, 22.549182157159208 ], [ 120.830377119857516, 22.549562839748116 ], [ 120.831090945947963, 22.549515214773965 ], [ 120.832109345096626, 22.549572270774039 ], [ 120.832432952486059, 22.549657915114349 ], [ 120.83307063848757, 22.549638847475801 ], [ 120.834336497745994, 22.54968637323374 ], [ 120.834707698147241, 22.549848157906606 ], [ 120.835564307140388, 22.550095578809547 ], [ 120.83649705013417, 22.550209746139597 ], [ 120.83717281971883, 22.550409586905729 ], [ 120.838162680075584, 22.550714108166531 ], [ 120.839028805674033, 22.550942492910153 ], [ 120.839295313939715, 22.551151872026217 ], [ 120.839814665790598, 22.551863899377828 ], [ 120.840604682271376, 22.552653840474072 ], [ 120.840690358875563, 22.552948889209716 ], [ 120.841080607427926, 22.553329583235758 ], [ 120.841680271765895, 22.554157605228568 ], [ 120.841918225219317, 22.554338432254376 ], [ 120.842251356403835, 22.554528772348824 ], [ 120.842403659799444, 22.554871406941757 ], [ 120.842746309254707, 22.55507126439818 ], [ 120.842974747202462, 22.555290163258952 ], [ 120.843031864571344, 22.555480517188567 ], [ 120.843174644718701, 22.555727973861657 ], [ 120.843479222749508, 22.555918315386158 ], [ 120.843631520061948, 22.556156253742497 ], [ 120.843647794338708, 22.556411648290137 ], [ 120.843914304264317, 22.556649580920567 ], [ 120.844199854050771, 22.55696365531324 ], [ 120.844723356737461, 22.557449038889835 ], [ 120.844913731006258, 22.557791671572026 ], [ 120.845046982926732, 22.557858289768948 ], [ 120.845351561510654, 22.558058149131259 ], [ 120.845570488933049, 22.558400780381216 ], [ 120.845627620686443, 22.558838598138831 ], [ 120.845856056975734, 22.559028943478165 ], [ 120.845960765700994, 22.559266884218665 ], [ 120.84599885482811, 22.559580971015791 ], [ 120.846094044176283, 22.559790358714547 ], [ 120.846579459950163, 22.559999726848233 ], [ 120.846703196365638, 22.560104416879781 ], [ 120.846826938313768, 22.560304285307129 ], [ 120.846969719570296, 22.560570777656814 ], [ 120.846950695200221, 22.560761135402451 ], [ 120.847103006900014, 22.561246537584594 ], [ 120.847141099349017, 22.56161773141854 ], [ 120.847408520210507, 22.561835359274916 ], [ 120.847477060614452, 22.562056169716751 ], [ 120.847537987286969, 22.562284594811633 ], [ 120.847720735876393, 22.562429256810049 ], [ 120.84774358857986, 22.56260438391239 ], [ 120.84786543174441, 22.562886105854375 ], [ 120.848261391374891, 22.563274413854284 ], [ 120.848436520921084, 22.563335319245748 ], [ 120.848748718438813, 22.56361703164205 ], [ 120.84871066084871, 22.563845461700165 ], [ 120.848756372455142, 22.564302315707359 ], [ 120.848878212521967, 22.564530737747184 ], [ 120.848946757797322, 22.564835305176114 ], [ 120.849091448798461, 22.565208397231331 ], [ 120.849228514557637, 22.56539113287737 ], [ 120.849464563694653, 22.565558635016068 ], [ 120.849495031902322, 22.565756604551094 ], [ 120.84955595946262, 22.566000258188531 ], [ 120.849761550132513, 22.566137304767771 ], [ 120.8500889653738, 22.566236273879145 ], [ 120.850165117740573, 22.56641901257953 ], [ 120.850344303064716, 22.566664762142068 ], [ 120.850544180668606, 22.566759930513442 ], [ 120.850915387151332, 22.567026411404065 ], [ 120.851381770809411, 22.567292887521003 ], [ 120.851591165023663, 22.567369019735644 ], [ 120.851610205993424, 22.567464197175997 ], [ 120.851914783471386, 22.567645020851494 ], [ 120.85230502206754, 22.567854393749226 ], [ 120.852638158786235, 22.568139912226638 ], [ 120.852790442267008, 22.568139904588982 ], [ 120.852961768931522, 22.568273145749341 ], [ 120.853056953855813, 22.568406390728537 ], [ 120.85301889626966, 22.568634820785505 ], [ 120.853266371870347, 22.568891790039924 ], [ 120.853342523573758, 22.569063107331541 ], [ 120.853371090564522, 22.569301051886477 ], [ 120.85340918634364, 22.569729352753441 ], [ 120.853656655855872, 22.569881625773057 ], [ 120.8536852245077, 22.570148123846241 ], [ 120.85374234022332, 22.570309924252879 ], [ 120.853951744401201, 22.570557377576463 ], [ 120.854085002410457, 22.570728692003364 ], [ 120.853998541627874, 22.571038582701473 ], [ 120.85428579839612, 22.571064102422895 ], [ 120.854771205863244, 22.571130702951098 ], [ 120.85511385144288, 22.571263935516622 ], [ 120.855351806558915, 22.57147331604919 ], [ 120.855646862997176, 22.571597033162107 ], [ 120.855818196858763, 22.571854006233384 ], [ 120.855932433827277, 22.572272785439743 ], [ 120.856023847939483, 22.57302963944878 ], [ 120.856069552250247, 22.573360857969782 ], [ 120.856195222662592, 22.57398902907072 ], [ 120.856332303706068, 22.574434457081075 ], [ 120.856560741548691, 22.574651452360985 ], [ 120.856697810633079, 22.574891295039127 ], [ 120.856743516939019, 22.575256777781867 ], [ 120.856903431203591, 22.575542304943234 ], [ 120.857017671056241, 22.57601057691361 ], [ 120.857097647126707, 22.576478850603003 ], [ 120.857125808540687, 22.576502467590892 ], [ 120.857720124074021, 22.576008539724889 ] ] ] ] } },
{ "type": "Feature", "properties": { "番號": "76", "類型": null, "分區": "要", "郡\n支廳": "〃", "庄 (區)": null, "大字": null, "地名": "Chiyokozoru社蕃地", "土地\n類型": "山林", "面積\n(公頃)": "45", "區分理由": "第七條第三號 (八)", "地        況": "位於太麻里溪上游右岸，為北向之斷崖及陡坡地。基岩及土壤狀況等，與番號38相同。海拔高度介於212至630公尺。\n東南側以稜線與要存置林野72相鄰。北側以溪流與要存置林野89鄰接。西南側以稜線與要存置林野75接壤。", "林        況": "與番號66相同。", "參  考  事  項": null }, "geometry": { "type": "MultiPolygon", "coordinates": [ [ [ [ 120.870947140094913, 22.579207438048144 ], [ 120.870475036515259, 22.57878106253953 ], [ 120.869698358899058, 22.578232873969725 ], [ 120.86917296009068, 22.577875029575939 ], [ 120.868944532663988, 22.577836969679712 ], [ 120.868853151060691, 22.577639003208546 ], [ 120.868685637909806, 22.57761616879889 ], [ 120.868601871366195, 22.577433430488185 ], [ 120.868426736067164, 22.577273539575735 ], [ 120.868152626698873, 22.577288781871257 ], [ 120.867924184652381, 22.576999451019187 ], [ 120.867741414801671, 22.576489304004895 ], [ 120.867497761241935, 22.576489316229107 ], [ 120.867238542539482, 22.576153508138677 ], [ 120.866838781251758, 22.575858475177082 ], [ 120.866667452928681, 22.575696680504922 ], [ 120.866381904247476, 22.575401641812828 ], [ 120.866105882142634, 22.575258888071261 ], [ 120.86601068669836, 22.574944804150526 ], [ 120.865848873324254, 22.574735419803975 ], [ 120.865591882778133, 22.574526040232076 ], [ 120.865487168509972, 22.574192921110132 ], [ 120.865077905561307, 22.574173905962532 ], [ 120.864563913949141, 22.573574307870928 ], [ 120.864440162586149, 22.573212636185211 ], [ 120.864087988223645, 22.572889047315069 ], [ 120.863640652743783, 22.57284148055815 ], [ 120.862358270247626, 22.57175210188365 ], [ 120.862031412220617, 22.571920094162042 ], [ 120.861842969389826, 22.57205716050116 ], [ 120.861757317241427, 22.572182800277073 ], [ 120.861477512628412, 22.572462638789819 ], [ 120.860837959227453, 22.57310226967742 ], [ 120.860695193135101, 22.57309656613554 ], [ 120.860570522719911, 22.573297398800396 ], [ 120.860123220455222, 22.573820902405597 ], [ 120.859809147409308, 22.574020792788779 ], [ 120.859476045572791, 22.574334898199574 ], [ 120.858629019111802, 22.575201064080076 ], [ 120.858400600538801, 22.575315289612753 ], [ 120.857720124074021, 22.576008539724889 ], [ 120.857125808540687, 22.576502467590892 ], [ 120.857451723491963, 22.576775789429739 ], [ 120.85786289685845, 22.576912825688535 ], [ 120.858406269009905, 22.577010165923966 ], [ 120.859194338003192, 22.577044390606563 ], [ 120.859753982442555, 22.577090048157153 ], [ 120.860165153813227, 22.577192820193392 ], [ 120.860839026143665, 22.577501164379985 ], [ 120.861455782201318, 22.577638190322507 ], [ 120.862026843911167, 22.577615318856015 ], [ 120.863397365297956, 22.577101286767704 ], [ 120.86402552599931, 22.576952776958073 ], [ 120.864608013618081, 22.577009854769607 ], [ 120.865270455376844, 22.577158299826841 ], [ 120.865601677252656, 22.577249654466133 ], [ 120.86617275490535, 22.577500896771163 ], [ 120.866583938231358, 22.57780925413396 ], [ 120.867166448441225, 22.578254659785486 ], [ 120.867703274272841, 22.578711489135554 ], [ 120.868171083529518, 22.578942749157296 ], [ 120.869187575057055, 22.578931276747056 ], [ 120.869838588902823, 22.578965508303416 ], [ 120.870466766207755, 22.579102533669015 ], [ 120.870649514351214, 22.579239581384243 ], [ 120.871163489683397, 22.579559354992192 ], [ 120.871580146326224, 22.579653081805731 ], [ 120.870947140094913, 22.579207438048144 ] ] ] ] } },
{ "type": "Feature", "properties": { "番號": "5", "類型": "(保)", "分區": "要", "郡\n支廳": "〃", "庄 (區)": "〃", "大字": "太麻里", "地名": "太麻里", "土地\n類型": "山林", "面積\n(公頃)": "14.8", "區分理由": "第七條第一號", "地        況": "正對太平洋之平坦地。海岸線呈帶狀的沖積層，土壤質地大部分為摻雜石礫之砂地，部分為黏質壤土。\n北側與不要存置林野四鄰接。西側以既有登錄地為界，其餘則以保安林邊界標樁為界。", "林        況": "並無值得注目之樹種，可見林投為主，欖仁、山欖、胡頹子、海桐零星分布。", "參  考  事  項": "依據大正2年3月15日告示第46號，選定編入為防風保安林。(詳情參見〈保安林編入調書〉)\r" }, "geometry": { "type": "MultiPolygon", "coordinates": [ [ [ [ 121.0110454645327, 22.614824790627029 ], [ 121.010797927413051, 22.613511341612931 ], [ 121.010331457919236, 22.611769600949334 ], [ 121.010217230930877, 22.611522142935797 ], [ 121.010179118473459, 22.610808307105859 ], [ 121.010074404762435, 22.610484705921589 ], [ 121.009988718159363, 22.610018336232667 ], [ 121.009893494985477, 22.609228360578534 ], [ 121.009817273410761, 22.607857795938752 ], [ 121.009703033670036, 22.607391427683819 ], [ 121.009645844204016, 22.605963755069091 ], [ 121.009503003637221, 22.604678854305 ], [ 121.009417276012442, 22.60350816471195 ], [ 121.009065123926973, 22.603565289414828 ], [ 121.008732030001852, 22.604012644460781 ], [ 121.008646371131661, 22.60402216659875 ], [ 121.008294213500719, 22.603984112936491 ], [ 121.00856076549222, 22.604945401046681 ], [ 121.008560807080656, 22.605659238789048 ], [ 121.008465647686734, 22.605963814339102 ], [ 121.008132546001349, 22.606277919675804 ], [ 121.008351481147912, 22.606753800510653 ], [ 121.008741776183527, 22.607933992647776 ], [ 121.008798900213662, 22.608238560550078 ], [ 121.008284991917421, 22.609066638146881 ], [ 121.008903699336955, 22.610027908568576 ], [ 121.009141669916559, 22.61050378844595 ], [ 121.008989414783684, 22.610989205760976 ], [ 121.008894244856236, 22.61111294241757 ], [ 121.009436810016126, 22.612064698824636 ], [ 121.009636714180985, 22.612616723306221 ], [ 121.009988953361571, 22.614053898939414 ], [ 121.009360823639781, 22.614729696895367 ], [ 121.009059694440225, 22.614975091377367 ], [ 121.009147052115651, 22.6151235822371 ], [ 121.00951255230045, 22.61546620599308 ], [ 121.010068404986214, 22.615778363107804 ], [ 121.010350138636426, 22.615938248608394 ], [ 121.010768938462263, 22.616288483954527 ], [ 121.011027829599058, 22.616448370602296 ], [ 121.011147463375409, 22.616541410066095 ], [ 121.0110454645327, 22.614824790627029 ] ] ] ] } },
{ "type": "Feature", "properties": { "番號": "24", "類型": null, "分區": "要", "郡\n支廳": "大武", "庄 (區)": null, "大字": null, "地名": "阿塱衛社蕃地", "土地\n類型": "山林", "面積\n(公頃)": "490", "區分理由": "第七條第三號 (口)", "地        況": "Tawa溪流域一帶，整體以陡坡地為主，崩塌地甚多。基岩及土壤狀況等，與番號18相同。海拔高度480公尺以下之地。\n東南側以稜線與高雄州相鄰。東北側以稜線與要存置林野23連接。西北側同樣與要存置林野25鄰接。西側及南側以稜線與高雄州毗鄰。", "林        況": "觀音山附近有草生地，其餘則為紅楠、櫟屬植物為主的闊葉原生林。", "參  考  事  項": null }, "geometry": { "type": "MultiPolygon", "coordinates": [ [ [ [ 120.886301382919427, 22.250803235716749 ], [ 120.887915583812514, 22.250734627411806 ], [ 120.888166843713833, 22.250597558123722 ], [ 120.889141445322309, 22.250376696075755 ], [ 120.88964397512531, 22.250277685703001 ], [ 120.892049266328172, 22.249818426222955 ], [ 120.893419799297618, 22.249498559082685 ], [ 120.89356077529024, 22.249407696421091 ], [ 120.89406044999059, 22.249312493326649 ], [ 120.894774265709941, 22.249084029918752 ], [ 120.89532151948147, 22.248822262323465 ], [ 120.895825688438904, 22.248599456613885 ], [ 120.895661055472445, 22.247907319492533 ], [ 120.895594398846072, 22.247336252571891 ], [ 120.895004250948006, 22.246470158604609 ], [ 120.894642569012973, 22.246317891106933 ], [ 120.894309404362133, 22.245537444956486 ], [ 120.894061887753665, 22.244557119991377 ], [ 120.893566894752581, 22.243300789995136 ], [ 120.893405045752317, 22.242463228345994 ], [ 120.893186129570935, 22.242310953782955 ], [ 120.893081387961161, 22.241492424982294 ], [ 120.892710130179992, 22.240321749395363 ], [ 120.89232937261221, 22.239465162898028 ], [ 120.891815351799949, 22.238342083554809 ], [ 120.890635060388647, 22.236686038287033 ], [ 120.890301918569818, 22.236305341281483 ], [ 120.889302539821458, 22.235981784244668 ], [ 120.888398352361975, 22.235905686262807 ], [ 120.886913584704558, 22.235839134828915 ], [ 120.88619022626024, 22.235629778184649 ], [ 120.885371675437128, 22.235153926808128 ], [ 120.884743477868952, 22.234659030342716 ], [ 120.883791648050121, 22.233640668836877 ], [ 120.882611370757331, 22.232232087299852 ], [ 120.880165271288917, 22.231423192086304 ], [ 120.878080892302677, 22.231442330820762 ], [ 120.876967316667944, 22.231394796694364 ], [ 120.876044097005007, 22.231375806667579 ], [ 120.875130374967043, 22.231004656191168 ], [ 120.873655121178203, 22.230871479410116 ], [ 120.872922248253801, 22.23071923024845 ], [ 120.87125663305018, 22.230462330992346 ], [ 120.869343564244957, 22.230329175855847 ], [ 120.865584049544182, 22.230043826611585 ], [ 120.864042171697847, 22.229910653120228 ], [ 120.862624022545873, 22.229748919998336 ], [ 120.862195726339152, 22.229767976849214 ], [ 120.860710973246654, 22.229958407009939 ], [ 120.859968607557676, 22.23024397884226 ], [ 120.859302411844581, 22.23102447446534 ], [ 120.858598153949998, 22.231957257375306 ], [ 120.858464911332334, 22.232052442340112 ], [ 120.858093754009957, 22.232642566626971 ], [ 120.857751163418399, 22.233470635443727 ], [ 120.857722633074417, 22.233870386036379 ], [ 120.857760751737928, 22.234707953865723 ], [ 120.857970188236308, 22.235526477547765 ], [ 120.858350939853352, 22.236278367893163 ], [ 120.859017267544303, 22.237810706801614 ], [ 120.859264770031757, 22.238543568059754 ], [ 120.859344504867209, 22.239012961850218 ], [ 120.860075581450843, 22.238979389556327 ], [ 120.861170099967623, 22.238646211103259 ], [ 120.862188480000015, 22.238370143443284 ], [ 120.8641300818948, 22.238151137147895 ], [ 120.865386417895976, 22.238103485822759 ], [ 120.866585672032713, 22.238484140009103 ], [ 120.867442311696152, 22.239274078151862 ], [ 120.867946798529431, 22.240111622898254 ], [ 120.868289460805698, 22.240539908635867 ], [ 120.869088986016237, 22.241187082036252 ], [ 120.869704869187586, 22.241319111566057 ], [ 120.87058049484439, 22.24124292555322 ], [ 120.87173213213056, 22.241128654538219 ], [ 120.872512577892934, 22.241004884047126 ], [ 120.873540502233482, 22.241195189948883 ], [ 120.873959291575972, 22.241366490306277 ], [ 120.874387624171234, 22.241985128547661 ], [ 120.874892087638926, 22.242413406274839 ], [ 120.875624975234956, 22.242822637026972 ], [ 120.876538696198338, 22.24317475180807 ], [ 120.87753807878893, 22.24356493369979 ], [ 120.878128195732756, 22.243888510975353 ], [ 120.878737371476248, 22.244621354311043 ], [ 120.879270406026492, 22.245363719249497 ], [ 120.879565511233722, 22.246344041890328 ], [ 120.879592474312574, 22.246972257475115 ], [ 120.879950395697421, 22.247939252035049 ], [ 120.880810835593508, 22.248609265205857 ], [ 120.8822728317394, 22.24991884727217 ], [ 120.883100432819774, 22.250683120598609 ], [ 120.883171950151635, 22.250673947988076 ], [ 120.883567889357565, 22.250711999744276 ], [ 120.884169419080152, 22.250887098182854 ], [ 120.884633884108851, 22.250894689468836 ], [ 120.886301382919427, 22.250803235716749 ] ] ] ] } },
{ "type": "Feature", "properties": { "番號": "25", "類型": null, "分區": "要", "郡\n支廳": "〃", "庄 (區)": null, "大字": null, "地名": "阿塱衛社蕃地", "土地\n類型": "山林", "面積\n(公頃)": "1,428.00", "區分理由": "第七條第三號 (イ)", "地        況": "楓港溪流域一帶，地勢與番號24相同。基岩及土壤狀況等，與番號18相同。海拔高度600公尺以下。\n東側以稜線與要存置林野23及22為界。東北隅以稜線與不要存置林野七及準要存置林野129為界。西北側以稜線與要存置林野26為界。西側及南側之部分區域以中央山脈、高雄州為界。南側與要存置林野24連接。", "林        況": "有少許的草生地，其餘則為紅楠、櫟屬植物為主的闊葉原生林。", "參  考  事  項": null }, "geometry": { "type": "MultiPolygon", "coordinates": [ [ [ [ 120.888438737182426, 22.283412223783852 ], [ 120.889002173391603, 22.283191382038908 ], [ 120.889519914974471, 22.282803028622681 ], [ 120.890646759509565, 22.281874031869673 ], [ 120.891411695728479, 22.281272466654251 ], [ 120.891881630298499, 22.280905487125928 ], [ 120.891773156594112, 22.28061024521946 ], [ 120.891529473421272, 22.280092486947911 ], [ 120.891453309035882, 22.279696548692666 ], [ 120.891011639930156, 22.278874229438021 ], [ 120.890676595388342, 22.278508761087206 ], [ 120.890280627005438, 22.277960553279204 ], [ 120.890097864192697, 22.277564620304013 ], [ 120.88976276390683, 22.276224525420663 ], [ 120.889579997612245, 22.27576767828662 ], [ 120.889077430803212, 22.275219475756149 ], [ 120.888666229722517, 22.27459512600106 ], [ 120.887676334903844, 22.27368146265627 ], [ 120.886716892425511, 22.272691655101635 ], [ 120.886390222215567, 22.272304104947292 ], [ 120.885830522983269, 22.271299049050036 ], [ 120.885887588143333, 22.270579497724444 ], [ 120.886058880928914, 22.270122633051237 ], [ 120.886207326623165, 22.269585819676898 ], [ 120.886207295279746, 22.269037592251138 ], [ 120.88612730140234, 22.268249519286229 ], [ 120.886104434722597, 22.267826928443746 ], [ 120.886321417124293, 22.267450011342877 ], [ 120.886926712587069, 22.266901753943458 ], [ 120.888457102068003, 22.265862330337505 ], [ 120.889325648148201, 22.265149020611251 ], [ 120.890319254711784, 22.264395158709689 ], [ 120.890570515910696, 22.26428093222313 ], [ 120.891312871066319, 22.263812617879861 ], [ 120.891803962411714, 22.263412844405629 ], [ 120.892078064825199, 22.263275773980101 ], [ 120.892135158724329, 22.263058764466876 ], [ 120.892066614844097, 22.262773232746582 ], [ 120.891906705450964, 22.26256765538162 ], [ 120.891552607219026, 22.261882388638842 ], [ 120.891164263482523, 22.261516922918513 ], [ 120.890718814097397, 22.261162881429279 ], [ 120.890170570758258, 22.260763159409898 ], [ 120.889873611463017, 22.260648960064891 ], [ 120.888731456058068, 22.260135053399114 ], [ 120.888196310687022, 22.259929732553431 ], [ 120.88788222080511, 22.259838376864771 ], [ 120.886802886570081, 22.259398706215926 ], [ 120.886351740583322, 22.259290225204328 ], [ 120.885912011614252, 22.259107504496974 ], [ 120.885021128499389, 22.258673535218698 ], [ 120.884073130270522, 22.258085379802591 ], [ 120.883547726837136, 22.257639971025736 ], [ 120.883119402812866, 22.257171714633209 ], [ 120.882506812392407, 22.256644076055849 ], [ 120.882461117888653, 22.256478467948785 ], [ 120.881975680710823, 22.255890289631449 ], [ 120.88165013759324, 22.255239285673191 ], [ 120.881575868407779, 22.254696772623074 ], [ 120.881718595344864, 22.254017191976587 ], [ 120.881827078400192, 22.253685965870243 ], [ 120.881986965935752, 22.253508926183898 ], [ 120.88197664186626, 22.252722245717681 ], [ 120.882029887153877, 22.251778073625218 ], [ 120.88220498662119, 22.251313594501525 ], [ 120.882410552350862, 22.251016627806521 ], [ 120.88287499955176, 22.250712034031416 ], [ 120.883100432819774, 22.250683120598609 ], [ 120.8822728317394, 22.24991884727217 ], [ 120.880810835593508, 22.248609265205857 ], [ 120.879950395697421, 22.247939252035049 ], [ 120.879592474312574, 22.246972257475115 ], [ 120.879565511233722, 22.246344041890328 ], [ 120.879270406026492, 22.245363719249497 ], [ 120.878737371476248, 22.244621354311043 ], [ 120.878128195732756, 22.243888510975353 ], [ 120.87753807878893, 22.24356493369979 ], [ 120.876538696198338, 22.24317475180807 ], [ 120.875624975234956, 22.242822637026972 ], [ 120.874892087638926, 22.242413406274839 ], [ 120.874387624171234, 22.241985128547661 ], [ 120.873959291575972, 22.241366490306277 ], [ 120.873540502233482, 22.241195189948883 ], [ 120.872512577892934, 22.241004884047126 ], [ 120.87173213213056, 22.241128654538219 ], [ 120.87058049484439, 22.24124292555322 ], [ 120.869704869187586, 22.241319111566057 ], [ 120.869088986016237, 22.241187082036252 ], [ 120.868289460805698, 22.240539908635867 ], [ 120.867946798529431, 22.240111622898254 ], [ 120.867442311696152, 22.239274078151862 ], [ 120.866585672032713, 22.238484140009103 ], [ 120.865386417895976, 22.238103485822759 ], [ 120.8641300818948, 22.238151137147895 ], [ 120.862188480000015, 22.238370143443284 ], [ 120.861170099967623, 22.238646211103259 ], [ 120.860075581450843, 22.238979389556327 ], [ 120.859344504867209, 22.239012961850218 ], [ 120.859350458282279, 22.239048009217491 ], [ 120.859217234137944, 22.239466800663898 ], [ 120.858636716378712, 22.240570898548448 ], [ 120.857837288942036, 22.241636935914251 ], [ 120.857523210233893, 22.241741647665716 ], [ 120.856923610860449, 22.242036730295705 ], [ 120.855143822634261, 22.242474638875571 ], [ 120.85414447530728, 22.242703116419314 ], [ 120.853649565935484, 22.242912533333755 ], [ 120.85279299958745, 22.243407503274572 ], [ 120.852022088351603, 22.243826326276896 ], [ 120.851631868440577, 22.243940559636226 ], [ 120.849566561156237, 22.244597392626268 ], [ 120.847463180274161, 22.245206638316567 ], [ 120.846578049350683, 22.24550173508538 ], [ 120.846492387171622, 22.245454150133828 ], [ 120.845283661986556, 22.245892030483827 ], [ 120.844065424515136, 22.246425089687008 ], [ 120.843199340978728, 22.246929577954532 ], [ 120.842495058648481, 22.247434058218122 ], [ 120.841924022196807, 22.247900460538052 ], [ 120.841105550622004, 22.248814213492256 ], [ 120.840762927446619, 22.249071212074806 ], [ 120.840106249470765, 22.249851707294148 ], [ 120.839554266938848, 22.250641715172897 ], [ 120.839259241052545, 22.251050996812207 ], [ 120.838964216254013, 22.251479314128353 ], [ 120.838402727967761, 22.252478714921359 ], [ 120.838269498398731, 22.25280232801229 ], [ 120.838208280618232, 22.252802331042098 ], [ 120.838578423814695, 22.253360851348294 ], [ 120.840131790230529, 22.254670428992316 ], [ 120.84220290310779, 22.255675410182423 ], [ 120.842857734290661, 22.255888577342425 ], [ 120.843954204120578, 22.256391064918311 ], [ 120.845279103530359, 22.256969683888837 ], [ 120.846299424650653, 22.257350346903053 ], [ 120.846741058945582, 22.257563524613087 ], [ 120.847837520066022, 22.257913726774262 ], [ 120.848172548087632, 22.257989852893424 ], [ 120.848538094588946, 22.259147203895886 ], [ 120.849055934153498, 22.260472061306171 ], [ 120.849786977566112, 22.261918736484827 ], [ 120.850269247306798, 22.262595875052241 ], [ 120.851228675045633, 22.263326797503222 ], [ 120.851609399426764, 22.263600892385018 ], [ 120.852218551646914, 22.263920661577867 ], [ 120.852934302305712, 22.264240425491852 ], [ 120.853802337318797, 22.264575410405101 ], [ 120.855401350463836, 22.265214929933709 ], [ 120.855964822857715, 22.265626072627928 ], [ 120.856863341548959, 22.266433140784873 ], [ 120.858020760444106, 22.267559995469277 ], [ 120.858355806742409, 22.267955920930742 ], [ 120.858949733220143, 22.268321376490331 ], [ 120.860472604610962, 22.268960899772274 ], [ 120.861157890727497, 22.269143608319176 ], [ 120.862132527647489, 22.269539502101207 ], [ 120.862583681827545, 22.269790750674328 ], [ 120.863680157719884, 22.270399837985003 ], [ 120.864038030430081, 22.270514034313248 ], [ 120.865340089017948, 22.271123111438691 ], [ 120.86629949671152, 22.271503777428077 ], [ 120.867030480054751, 22.271899683270281 ], [ 120.867456883376079, 22.27206717609333 ], [ 120.868675187348728, 22.272699100169785 ], [ 120.870106702122698, 22.273574670325637 ], [ 120.870807236604108, 22.274107634532005 ], [ 120.871378328386911, 22.274610148068685 ], [ 120.872012877316436, 22.275212278494198 ], [ 120.872652509729079, 22.275943216735289 ], [ 120.873315007746541, 22.277077710155211 ], [ 120.873581536060911, 22.27764115293559 ], [ 120.874076523129702, 22.278790883191185 ], [ 120.874106574241168, 22.279068710983047 ], [ 120.87415029858046, 22.279020608408938 ], [ 120.874212169459838, 22.279120542638029 ], [ 120.874685228866525, 22.279624964591147 ], [ 120.875347690738295, 22.280127473591701 ], [ 120.875987309435189, 22.280618562317834 ], [ 120.876295691315136, 22.280755603898644 ], [ 120.876478443901277, 22.280972601539432 ], [ 120.877175166287074, 22.28141800181378 ], [ 120.877592772661956, 22.281675499222043 ], [ 120.878327014093927, 22.281656874187938 ], [ 120.878418375030748, 22.281496969991 ], [ 120.878814309887758, 22.281458879022701 ], [ 120.879925977075786, 22.281420752590527 ], [ 120.881677235722847, 22.281397823007293 ], [ 120.882629017888945, 22.281580518326024 ], [ 120.884403149540105, 22.282090586502708 ], [ 120.886725532179966, 22.283133626400684 ], [ 120.887037720094057, 22.283252393540998 ], [ 120.887494573559195, 22.28330567079173 ], [ 120.887928589295655, 22.283442706142633 ], [ 120.888438737182426, 22.283412223783852 ] ] ] ] } },
{ "type": "Feature", "properties": { "番號": "21", "類型": null, "分區": "要", "郡\n支廳": "大武", "庄 (區)": "大武", "大字": "大武", "地名": "大武", "土地\n類型": "山林", "面積\n(公頃)": "25", "區分理由": "第七條第三號 (八)", "地        況": "正對太平洋之平坦地，太平洋海岸線帶狀所形成的沖積層地帶。部分區域為黏質壤土，大部分為摻雜石礫之砂地。\n本區域內有原生海岸林。西側以道路與不要存置林野七及要存置林野22為界。東側與海岸砂地鄰接。南側以樹林地的邊境為界。", "林        況": "包含各種海岸樹種的闊葉原生林。", "參  考  事  項": "此處原生海岸林具有不可替代之獨特性，學術研究價值極高，實有保存之必要，宜予列為特別施業區。\r" }, "geometry": { "type": "MultiPolygon", "coordinates": [ [ [ [ 120.892541537530136, 22.290542468019222 ], [ 120.892655719623633, 22.290009463473194 ], [ 120.892627120166665, 22.289200448723854 ], [ 120.892541431297985, 22.288686489759392 ], [ 120.892351019218708, 22.287677608447893 ], [ 120.89274118460331, 22.286611591339771 ], [ 120.892893435936841, 22.286050031397654 ], [ 120.892750601013446, 22.284841273147826 ], [ 120.892693436982867, 22.283832385234668 ], [ 120.892950366325323, 22.282975767153438 ], [ 120.893473773771774, 22.281805047242202 ], [ 120.893502301873781, 22.281367225317574 ], [ 120.893311882196087, 22.280225094289086 ], [ 120.893349920939215, 22.279663540010091 ], [ 120.893778172462888, 22.278864020469726 ], [ 120.893768637323745, 22.278559450152471 ], [ 120.893349824572468, 22.277978882833082 ], [ 120.892873932740898, 22.277874210200178 ], [ 120.892578893317619, 22.278045545886176 ], [ 120.892564907806403, 22.278462981917709 ], [ 120.892473578666696, 22.279178727799962 ], [ 120.892443159432077, 22.279833556506922 ], [ 120.892260460213635, 22.280549306917216 ], [ 120.892230448991441, 22.281681328236893 ], [ 120.892145793043426, 22.282585526967974 ], [ 120.891746127354565, 22.283956115334348 ], [ 120.891270307954244, 22.28511731505807 ], [ 120.89087061286348, 22.285973940219694 ], [ 120.890813535974445, 22.286487906261161 ], [ 120.890832604089994, 22.287058975552831 ], [ 120.8906803413185, 22.28742066091576 ], [ 120.890870749039934, 22.288353399532472 ], [ 120.89118045716431, 22.289724001477783 ], [ 120.891323260508514, 22.290380725172234 ], [ 120.891599312435275, 22.291046960098953 ], [ 120.892541537530136, 22.290542468019222 ] ] ] ] } },
{ "type": "Feature", "properties": { "番號": "20", "類型": null, "分區": "要", "郡\n支廳": "〃", "庄 (區)": "〃", "大字": "〃", "地名": null, "土地\n類型": "山林", "面積\n(公頃)": "129", "區分理由": "第七條第三號 (八)", "地        況": "正對太平洋之東向陡坡地。基岩及土壤狀況等，與番號18相同，為海拔高度325公尺以下之地。\n東側以山麓為界。北側以稜線與不要存置林野六相鄰。西側及南側以稜線與準要存置林野127鄰接。", "林        況": "毛柿比例多，其餘則為雜木林。", "參  考  事  項": "現存之毛柿樹應加以保護，並促進其繁殖增長。\r" }, "geometry": { "type": "MultiPolygon", "coordinates": [ [ [ [ 120.891753726098017, 22.328221041694281 ], [ 120.891753688028402, 22.327557376622785 ], [ 120.891820244895584, 22.326386679309998 ], [ 120.89191538494201, 22.3257394616396 ], [ 120.891981969109978, 22.325044656199992 ], [ 120.892229372977823, 22.324054788824363 ], [ 120.892391115213925, 22.323026854352573 ], [ 120.892457659545727, 22.321637246784668 ], [ 120.892467129235555, 22.32079967662138 ], [ 120.892485800945252, 22.320799675694683 ], [ 120.892383186499714, 22.320697070925537 ], [ 120.892057673379853, 22.32057145162694 ], [ 120.891303822071748, 22.319732015778488 ], [ 120.889904624704741, 22.318110245715229 ], [ 120.889653341590929, 22.317841855168918 ], [ 120.889048016432582, 22.31787043872054 ], [ 120.888436990137549, 22.318064632927502 ], [ 120.887888775535288, 22.31816745277802 ], [ 120.886803767261469, 22.318367381210599 ], [ 120.885655934849609, 22.31844167730619 ], [ 120.885381822963055, 22.318413137396856 ], [ 120.885044893816683, 22.318378889902231 ], [ 120.88420542757396, 22.318316113834015 ], [ 120.883491592902885, 22.318213356613107 ], [ 120.882810878270845, 22.318082424949147 ], [ 120.881434610160724, 22.317973989899027 ], [ 120.87945301785544, 22.317911270508962 ], [ 120.879304585340961, 22.318676512023956 ], [ 120.879378860533279, 22.319321817732234 ], [ 120.879373186903052, 22.319967127408592 ], [ 120.879172448591476, 22.321458582536987 ], [ 120.879048736279543, 22.321772677321295 ], [ 120.878960548125818, 22.322339669611797 ], [ 120.879280494558373, 22.322358457002053 ], [ 120.88103175843834, 22.32242689850866 ], [ 120.881724651298967, 22.322480164007587 ], [ 120.882836345978745, 22.322921736494028 ], [ 120.883483577811077, 22.323393789113631 ], [ 120.884245038404984, 22.324147564055028 ], [ 120.885341570676104, 22.325738892069239 ], [ 120.885927906152844, 22.326507904238898 ], [ 120.886407618742268, 22.326850522577136 ], [ 120.887352438003546, 22.327325098505128 ], [ 120.887683656518519, 22.327359346276982 ], [ 120.888431774292926, 22.327799033230768 ], [ 120.889362615851525, 22.327953175986142 ], [ 120.890373408522805, 22.328147289689223 ], [ 120.89089879370114, 22.328272899060487 ], [ 120.891753726098017, 22.328221041694281 ] ] ] ] } },
{ "type": "Feature", "properties": { "番號": "26", "類型": null, "分區": "要", "郡\n支廳": "〃", "庄 (區)": null, "大字": null, "地名": "阿塱衛社蕃地", "土地\n類型": "山林", "面積\n(公頃)": "5,102.00", "區分理由": "第七條第三號 (イ)", "地        況": "阿塱衛溪上游流域一帶及Sukeya溪右岸之地。整體多為陡坡地，除溪畔外，其餘區域險峻地或崩塌地甚多。基岩及土壤狀況等，與番號17相同。Sukeya山及Kaboaboan山附近之基岩為下部黏板岩。海拔高度介於90至1,089公尺。\n東側以稜線或小溪流，與準要存置林野129、128及127為界。北側以Sukeya溪流及Sukeya山稜線，與要存置林野27為界。西南側沿中央山脈延伸至高雄州界。東南側以稜線與要存置林野25連接。", "林        況": "阿塱衛溪溪畔處、其餘處大部分為蕃人現耕地、蕃人開墾舊跡，其餘則為天然闊葉林、栲櫧植物、櫟屬植物類為主。", "參  考  事  項": "現居阿塱衛社之蕃人，因當局計畫將其遷移至阿塱衛溪下游兩岸，故於本次選定該地為保留地。\r" }, "geometry": { "type": "MultiPolygon", "coordinates": [ [ [ [ 120.869969782963494, 22.337484254730519 ], [ 120.870464682960161, 22.337113034469859 ], [ 120.871045241320076, 22.336722774279774 ], [ 120.871463988653034, 22.336161201044618 ], [ 120.871149865745238, 22.335494967990535 ], [ 120.871387785190905, 22.335085689144091 ], [ 120.871587579695472, 22.3337341462382 ], [ 120.871758847268467, 22.332839460970135 ], [ 120.871498485108233, 22.331922906109028 ], [ 120.871338553380312, 22.331329000965564 ], [ 120.871201480557644, 22.33102062982373 ], [ 120.871007304707803, 22.330769368544747 ], [ 120.870870231230185, 22.330449575997367 ], [ 120.870596086241875, 22.329844255118378 ], [ 120.869979264771587, 22.328565088328659 ], [ 120.869133980089913, 22.326623491359481 ], [ 120.868974050336604, 22.326063850429342 ], [ 120.868939727595176, 22.325035925638044 ], [ 120.869044373956982, 22.32418978465277 ], [ 120.868520882032968, 22.323885239825522 ], [ 120.867892687575164, 22.323447450463942 ], [ 120.867531004488356, 22.323276147334575 ], [ 120.866731485657795, 22.322743188096258 ], [ 120.866217514724539, 22.322495749821439 ], [ 120.865532209047885, 22.321972302749359 ], [ 120.865275222489231, 22.321829547935533 ], [ 120.865141972807436, 22.321801001035418 ], [ 120.864532811053209, 22.321315621533991 ], [ 120.86422823317784, 22.321125279891895 ], [ 120.863866554455043, 22.321030119463497 ], [ 120.863419200992638, 22.320668463823171 ], [ 120.862857639286162, 22.32038295655482 ], [ 120.862581616200004, 22.320221167008107 ], [ 120.862222786310397, 22.320012982110981 ], [ 120.86200195605322, 22.319677965172428 ], [ 120.861750680451181, 22.319540920775953 ], [ 120.861651691386228, 22.319457168714159 ], [ 120.861765882604331, 22.319084063796012 ], [ 120.861979055465994, 22.318665268343221 ], [ 120.862595762962599, 22.317957110588917 ], [ 120.86293838682424, 22.317713436932536 ], [ 120.863722599602042, 22.316891056813049 ], [ 120.863935789489929, 22.31676921790741 ], [ 120.864407839031415, 22.316259038367168 ], [ 120.864872274726793, 22.315754569908819 ], [ 120.865367153696681, 22.315015961127646 ], [ 120.865709763155152, 22.314521016554803 ], [ 120.865915328830525, 22.314224049811486 ], [ 120.866136130273532, 22.314056524908299 ], [ 120.866539655743154, 22.313607262936507 ], [ 120.867217280128159, 22.312960016337644 ], [ 120.867613200152817, 22.31266304015168 ], [ 120.867670302695956, 22.31260117160582 ], [ 120.867718181222031, 22.311843993267843 ], [ 120.867809476252376, 22.31053433424777 ], [ 120.867771291934986, 22.308554625867547 ], [ 120.867586414700042, 22.307247677270993 ], [ 120.867434094138005, 22.306600471852882 ], [ 120.866939111210854, 22.30552498072764 ], [ 120.866025344901644, 22.304382885507199 ], [ 120.865663644375061, 22.303907011553228 ], [ 120.865454250228552, 22.303830879235885 ], [ 120.86473086444245, 22.303145630785913 ], [ 120.863750491560381, 22.302308109673341 ], [ 120.862922415788077, 22.301708526952496 ], [ 120.86220856134868, 22.301261223972393 ], [ 120.861935071949972, 22.301022974325775 ], [ 120.861615264210201, 22.300805983480636 ], [ 120.861124135591112, 22.300554736914748 ], [ 120.860610152674468, 22.300097906181886 ], [ 120.860119026671427, 22.299892345236806 ], [ 120.859970545043495, 22.29980098135545 ], [ 120.859525096888689, 22.299469782683683 ], [ 120.85880553912024, 22.29915001900941 ], [ 120.857930072468434, 22.298678929441209 ], [ 120.857273343735216, 22.298570458653234 ], [ 120.856810769246835, 22.298336342775688 ], [ 120.856388173424023, 22.298176464051959 ], [ 120.855897055920195, 22.298119381376637 ], [ 120.856074066173946, 22.297782441132995 ], [ 120.856696491880768, 22.297205629285862 ], [ 120.857164737429002, 22.296748749843992 ], [ 120.857832849816063, 22.296200489248566 ], [ 120.858461000215129, 22.295869237342007 ], [ 120.859369353921082, 22.295567667198348 ], [ 120.859930890540838, 22.295415353949952 ], [ 120.861092028109127, 22.294996511512139 ], [ 120.862338824042908, 22.294558629154036 ], [ 120.862833736091602, 22.294396801373168 ], [ 120.863452372473191, 22.29413027124227 ], [ 120.864800946440042, 22.293656144667999 ], [ 120.864350201975611, 22.293037538933469 ], [ 120.863817180914538, 22.292533119951774 ], [ 120.863027219077537, 22.292685444519101 ], [ 120.862008828747875, 22.292780673383994 ], [ 120.860171911432374, 22.292818835800137 ], [ 120.857830553982879, 22.292837987548516 ], [ 120.856774083506139, 22.292771415057071 ], [ 120.855660514349054, 22.292838095128424 ], [ 120.854632605193501, 22.29291428879155 ], [ 120.853471451256354, 22.293047596089096 ], [ 120.852652929162147, 22.293076190182152 ], [ 120.851796326931577, 22.292942982915932 ], [ 120.851425127218064, 22.292790715908847 ], [ 120.851272841553339, 22.292752652106085 ], [ 120.850235387968297, 22.292362472175203 ], [ 120.849378775924592, 22.292057943821085 ], [ 120.848959994158704, 22.292019893229241 ], [ 120.848293753907058, 22.292019926257456 ], [ 120.84795112151177, 22.292115121624775 ], [ 120.847123085502886, 22.292210341055899 ], [ 120.846561557037333, 22.292505421877536 ], [ 120.846323615178932, 22.292524469349924 ], [ 120.845685943334402, 22.292791000432665 ], [ 120.844467714125074, 22.293466827342431 ], [ 120.843002022065804, 22.294104595171905 ], [ 120.842345311511835, 22.294314020173228 ], [ 120.841460165369327, 22.294342617573086 ], [ 120.840594045941486, 22.294218928616775 ], [ 120.84006104065007, 22.293990526922805 ], [ 120.839413829280446, 22.293876344950679 ], [ 120.83879516506984, 22.293657465341155 ], [ 120.838100391810741, 22.294009659806491 ], [ 120.836510961764233, 22.294514184044402 ], [ 120.835283193013851, 22.294809297909044 ], [ 120.834417092647641, 22.295018733297098 ], [ 120.83386506880602, 22.295085385536417 ], [ 120.832713428714271, 22.295152067506024 ], [ 120.831523698126091, 22.294876109178549 ], [ 120.830238787626627, 22.294552566376243 ], [ 120.829363160266169, 22.294600198983431 ], [ 120.828259115838421, 22.294790610494573 ], [ 120.827231218604808, 22.295076196617181 ], [ 120.826288975384514, 22.295266600107986 ], [ 120.825384791045437, 22.295247609262447 ], [ 120.824337842562585, 22.29525717901182 ], [ 120.823490770525254, 22.295342881559979 ], [ 120.822529494039699, 22.295571357351669 ], [ 120.82213927793714, 22.295752215635392 ], [ 120.821882298447434, 22.295733192700045 ], [ 120.820978131539817, 22.296018772694076 ], [ 120.819702799224871, 22.296751709514965 ], [ 120.81890333702917, 22.297208605418437 ], [ 120.818360835791822, 22.297360917740207 ], [ 120.817827838644945, 22.297275283621087 ], [ 120.817094951963981, 22.296885088572125 ], [ 120.817094938882292, 22.296656660441439 ], [ 120.816971187828116, 22.296294988703103 ], [ 120.817132974328089, 22.296037999033199 ], [ 120.817380404489754, 22.295504987791826 ], [ 120.817694482118426, 22.295381240314313 ], [ 120.818541545992559, 22.295152770183339 ], [ 120.819350542805907, 22.294990926812122 ], [ 120.819912082205533, 22.294886202743477 ], [ 120.820673490423715, 22.294724361732609 ], [ 120.821625253555922, 22.294572029123049 ], [ 120.822605565481439, 22.294343552389261 ], [ 120.823433593909343, 22.294115083206751 ], [ 120.824242579269168, 22.293753365228394 ], [ 120.825451304442254, 22.293315484723657 ], [ 120.826127053185431, 22.293153647964576 ], [ 120.826688589852012, 22.293001334707061 ], [ 120.827050253341696, 22.29282999568213 ], [ 120.827507094560019, 22.292668169777219 ], [ 120.828573080106551, 22.292687152605854 ], [ 120.829686654786769, 22.292715650913653 ], [ 120.831694894437831, 22.292734587028423 ], [ 120.832313549939983, 22.292801181226679 ], [ 120.834340822290102, 22.292772527205347 ], [ 120.834521656211436, 22.292724929048124 ], [ 120.835092715489182, 22.292658275868039 ], [ 120.837167557888961, 22.292306012984586 ], [ 120.837538745082171, 22.292239369714252 ], [ 120.838176426748021, 22.292144159717356 ], [ 120.839080607244597, 22.292096525700689 ], [ 120.841364852499709, 22.291972680561756 ], [ 120.843163683770982, 22.291668020561403 ], [ 120.84402978085221, 22.291401478155034 ], [ 120.845733424580558, 22.290915983951933 ], [ 120.84624736391396, 22.290611387652849 ], [ 120.846428174402334, 22.290154522456923 ], [ 120.846437668692445, 22.289745254944513 ], [ 120.845818981068263, 22.289117108291752 ], [ 120.845257409013655, 22.28865076205609 ], [ 120.844952823515868, 22.288327170654593 ], [ 120.844676796074936, 22.288089238380998 ], [ 120.844524494609871, 22.28777515726906 ], [ 120.844096164070223, 22.287194590368284 ], [ 120.844591084316036, 22.287175530161569 ], [ 120.845114564796887, 22.287280200435749 ], [ 120.845514320935976, 22.28748957306226 ], [ 120.846123475041125, 22.287841702882389 ], [ 120.847237092166168, 22.288612592576243 ], [ 120.848750461068619, 22.289516712185733 ], [ 120.850235255020593, 22.290040119682196 ], [ 120.852833627943824, 22.290668168193577 ], [ 120.855479563287091, 22.290839358116759 ], [ 120.857535380502924, 22.290667935124649 ], [ 120.859971899875347, 22.290382279208078 ], [ 120.861075940952205, 22.290134760696009 ], [ 120.863274518455569, 22.289868152255107 ], [ 120.863874150460006, 22.29014413982966 ], [ 120.865044868942221, 22.290829366120992 ], [ 120.866215590691624, 22.291571699436052 ], [ 120.866758100587205, 22.291571672542954 ], [ 120.867452886878084, 22.291447906210376 ], [ 120.868052491089756, 22.291238484056564 ], [ 120.868575949202494, 22.290952922975979 ], [ 120.868579070910727, 22.290968527093369 ], [ 120.868607095555333, 22.290851142882918 ], [ 120.868500481428953, 22.290577034440815 ], [ 120.868363413222312, 22.290348613129307 ], [ 120.867997924155787, 22.290196345842148 ], [ 120.867839441892954, 22.28998204371775 ], [ 120.867668094649147, 22.289487124647714 ], [ 120.867487250935341, 22.289363401720841 ], [ 120.866973278394127, 22.289087409901516 ], [ 120.866754359997003, 22.288897063997094 ], [ 120.866592519576471, 22.28821178769946 ], [ 120.866002401481879, 22.287869174788231 ], [ 120.865888167082318, 22.287488466938886 ], [ 120.86607849964264, 22.287107743994344 ], [ 120.86659240736212, 22.286251113125299 ], [ 120.866782745915287, 22.285975086397215 ], [ 120.867458484246015, 22.285632410749113 ], [ 120.867810631621452, 22.285489625730939 ], [ 120.868138317732814, 22.285334088022939 ], [ 120.868549477896977, 22.285242696404332 ], [ 120.869143384770936, 22.285265509782043 ], [ 120.869908602713934, 22.285151257807019 ], [ 120.870388287173711, 22.285002755767064 ], [ 120.870456771602903, 22.284248939629379 ], [ 120.870536662263603, 22.283232430607494 ], [ 120.870582323126996, 22.282809836352452 ], [ 120.871278976908073, 22.282055989089731 ], [ 120.871553078019247, 22.281896075835494 ], [ 120.871987063059379, 22.281496305150789 ], [ 120.872615192543719, 22.280799568313785 ], [ 120.873769613845255, 22.279439412123342 ], [ 120.874106574241168, 22.279068710983047 ], [ 120.874076523129702, 22.278790883191185 ], [ 120.873581536060911, 22.27764115293559 ], [ 120.873315007746541, 22.277077710155211 ], [ 120.872652509729079, 22.275943216735289 ], [ 120.872012877316436, 22.275212278494198 ], [ 120.871378328386911, 22.274610148068685 ], [ 120.870807236604108, 22.274107634532005 ], [ 120.870106702122698, 22.273574670325637 ], [ 120.868675187348728, 22.272699100169785 ], [ 120.867456883376079, 22.27206717609333 ], [ 120.867030480054751, 22.271899683270281 ], [ 120.86629949671152, 22.271503777428077 ], [ 120.865340089017948, 22.271123111438691 ], [ 120.864038030430081, 22.270514034313248 ], [ 120.863680157719884, 22.270399837985003 ], [ 120.862583681827545, 22.269790750674328 ], [ 120.862132527647489, 22.269539502101207 ], [ 120.861157890727497, 22.269143608319176 ], [ 120.860472604610962, 22.268960899772274 ], [ 120.858949733220143, 22.268321376490331 ], [ 120.858355806742409, 22.267955920930742 ], [ 120.858020760444106, 22.267559995469277 ], [ 120.856863341548959, 22.266433140784873 ], [ 120.855964822857715, 22.265626072627928 ], [ 120.855401350463836, 22.265214929933709 ], [ 120.853802337318797, 22.264575410405101 ], [ 120.852934302305712, 22.264240425491852 ], [ 120.852218551646914, 22.263920661577867 ], [ 120.851609399426764, 22.263600892385018 ], [ 120.851228675045633, 22.263326797503222 ], [ 120.850269247306798, 22.262595875052241 ], [ 120.849786977566112, 22.261918736484827 ], [ 120.849055934153498, 22.260472061306171 ], [ 120.848538094588946, 22.259147203895886 ], [ 120.848172548087632, 22.257989852893424 ], [ 120.847837520066022, 22.257913726774262 ], [ 120.846741058945582, 22.257563524613087 ], [ 120.846299424650653, 22.257350346903053 ], [ 120.845279103530359, 22.256969683888837 ], [ 120.843954204120578, 22.256391064918311 ], [ 120.842857734290661, 22.255888577342425 ], [ 120.84220290310779, 22.255675410182423 ], [ 120.840131790230529, 22.254670428992316 ], [ 120.838578423814695, 22.253360851348294 ], [ 120.838208280618232, 22.252802331042098 ], [ 120.838050590880911, 22.252802338846536 ], [ 120.836575336951185, 22.252669162125763 ], [ 120.834909720496185, 22.252393227252622 ], [ 120.83405749339174, 22.252207481228492 ], [ 120.833200893528371, 22.25211615237577 ], [ 120.832412825801768, 22.252104769972391 ], [ 120.830870938472472, 22.251807889727573 ], [ 120.830139981618231, 22.251876454339026 ], [ 120.828975022676801, 22.252047833084326 ], [ 120.82811844107016, 22.25227630359813 ], [ 120.82704491942205, 22.25362408264343 ], [ 120.825891463950271, 22.255234557992338 ], [ 120.825617364099401, 22.255417314057457 ], [ 120.824863603213117, 22.256159742765899 ], [ 120.823630174114314, 22.25733620865568 ], [ 120.822510943280463, 22.258261397962677 ], [ 120.821700070210483, 22.258901036853256 ], [ 120.820340992868367, 22.259826238042955 ], [ 120.8199412617425, 22.260054685958476 ], [ 120.819164650500198, 22.260660058941244 ], [ 120.81723452700966, 22.261882244981166 ], [ 120.816926163370113, 22.26206500275083 ], [ 120.816503591676252, 22.262327716020177 ], [ 120.815681290812776, 22.262853141429552 ], [ 120.815018868037612, 22.263035916732083 ], [ 120.813853926034554, 22.263504252078977 ], [ 120.812746096217239, 22.264075377258504 ], [ 120.81222073054677, 22.264292409996827 ], [ 120.811227107475915, 22.264760736866485 ], [ 120.810256317787733, 22.265069162916056 ], [ 120.809388310972892, 22.265229105591963 ], [ 120.808154832240902, 22.265537544652684 ], [ 120.807081256405965, 22.265937347049391 ], [ 120.806236103863711, 22.266302873915762 ], [ 120.806121900378457, 22.266462779264522 ], [ 120.805642279827737, 22.267730579155874 ], [ 120.805299696148907, 22.268678572876734 ], [ 120.805071302241828, 22.269226811709384 ], [ 120.804523149553631, 22.270414665155943 ], [ 120.803792277566984, 22.271968012672559 ], [ 120.803175614948373, 22.273464247503675 ], [ 120.802307662344091, 22.274572166958592 ], [ 120.801222718815112, 22.275908525304999 ], [ 120.800274812802328, 22.276936498884055 ], [ 120.799395427180741, 22.277838833597116 ], [ 120.798952912145239, 22.278223974062279 ], [ 120.797915551011542, 22.279451826706055 ], [ 120.79691625803386, 22.280632088273872 ], [ 120.795859860922278, 22.281850424034221 ], [ 120.794898656799901, 22.283344772419323 ], [ 120.794489438451379, 22.28410621983539 ], [ 120.794032637500322, 22.284972365842791 ], [ 120.793661511822009, 22.286114524943262 ], [ 120.793480734538448, 22.287151978379317 ], [ 120.793404649989952, 22.288151355270159 ], [ 120.792586152836847, 22.288617769966734 ], [ 120.792110277229042, 22.288798632502697 ], [ 120.791596330198942, 22.288969979087003 ], [ 120.790920589024637, 22.289265065602926 ], [ 120.790039265004708, 22.289558258743536 ], [ 120.789034218042957, 22.289980900633687 ], [ 120.788908583494845, 22.289969485454783 ], [ 120.788063438792378, 22.290472069270244 ], [ 120.786270377634111, 22.291819884220857 ], [ 120.785950590765196, 22.291968378370253 ], [ 120.784454480487383, 22.293281914388402 ], [ 120.783700710466164, 22.293864443536595 ], [ 120.783179807699398, 22.294348951142123 ], [ 120.781952089479503, 22.295529224115647 ], [ 120.781019412932508, 22.296576232711949 ], [ 120.780153361513868, 22.29764227368813 ], [ 120.779030358929276, 22.29918421939087 ], [ 120.778725808805831, 22.299479287522146 ], [ 120.778459339374166, 22.299945674878082 ], [ 120.778192881392826, 22.300611936865579 ], [ 120.777564819318897, 22.30248698242189 ], [ 120.777507750081767, 22.303134198347543 ], [ 120.777488745725407, 22.303676716149326 ], [ 120.777545944751139, 22.305294746050503 ], [ 120.777783986456015, 22.307017463217104 ], [ 120.778117183001314, 22.30834994423703 ], [ 120.77845989508927, 22.309644353425135 ], [ 120.778812100352951, 22.310510459357307 ], [ 120.779326101394062, 22.311281378863974 ], [ 120.780125637294063, 22.312109391238177 ], [ 120.780296961700131, 22.312204561132805 ], [ 120.781125045848441, 22.312946911531199 ], [ 120.781962636803769, 22.313498904663582 ], [ 120.782533713609055, 22.313736822313658 ], [ 120.78307623670996, 22.313965223540798 ], [ 120.783828156184171, 22.314307828450698 ], [ 120.784427781234626, 22.314460084126452 ], [ 120.785417636051235, 22.314669427473259 ], [ 120.786140983265938, 22.314678909415271 ], [ 120.788939194373441, 22.314707324067843 ], [ 120.789748199417872, 22.314688248240824 ], [ 120.791746908448317, 22.31447875658505 ], [ 120.791742640711149, 22.314605583635192 ], [ 120.79226662085189, 22.314451724067922 ], [ 120.793522958035595, 22.314421204635075 ], [ 120.794413821785113, 22.31451253168327 ], [ 120.795517883313522, 22.314619076693905 ], [ 120.797101647483515, 22.314893111870212 ], [ 120.798753940097797, 22.315182372186779 ], [ 120.800665124265763, 22.315639133624117 ], [ 120.801868170927577, 22.315760902261776 ], [ 120.802818522948812, 22.315896642937226 ], [ 120.80385404902097, 22.315866134460833 ], [ 120.804455565799785, 22.315812804709498 ], [ 120.805734757257426, 22.315987869466273 ], [ 120.806975893114597, 22.316429435606139 ], [ 120.808559695222442, 22.317365912369787 ], [ 120.809176454314269, 22.317556238541119 ], [ 120.811019088158773, 22.317617061259323 ], [ 120.812153591935711, 22.317472333799834 ], [ 120.813833260594507, 22.317152451047487 ], [ 120.815744386630939, 22.316596514404793 ], [ 120.816932166919386, 22.316055842206897 ], [ 120.818055105910815, 22.315483129839038 ], [ 120.819225768378956, 22.315188018739118 ], [ 120.820044285625656, 22.315073764054176 ], [ 120.820929437813149, 22.31514986283922 ], [ 120.821852671239782, 22.315406798671603 ], [ 120.822471339856008, 22.315701820972521 ], [ 120.824441541951458, 22.316301347041431 ], [ 120.82551705504568, 22.316491650441691 ], [ 120.826878108964664, 22.316843742928747 ], [ 120.827633191219462, 22.317016930119753 ], [ 120.828904766246936, 22.317153923890686 ], [ 120.829810861324518, 22.317298550070127 ], [ 120.830952996250019, 22.31745077880564 ], [ 120.831592592156341, 22.317542118313842 ], [ 120.832452487729284, 22.317567456541031 ], [ 120.833427102512303, 22.317575022442718 ], [ 120.834310390418722, 22.318336405691838 ], [ 120.835071845856476, 22.318998809464325 ], [ 120.835932301281133, 22.319935322071412 ], [ 120.836808614112357, 22.320776655503131 ], [ 120.837516760722593, 22.321271547957203 ], [ 120.838582769602809, 22.321697894209425 ], [ 120.839633547948495, 22.322086169861944 ], [ 120.840288372190955, 22.32217750860702 ], [ 120.842214779280098, 22.322542897979964 ], [ 120.843889907689388, 22.322717943055366 ], [ 120.844735118599118, 22.323372728381266 ], [ 120.84605591257683, 22.324279078290726 ], [ 120.846413788378328, 22.324446574480135 ], [ 120.847198077593575, 22.324956691681759 ], [ 120.847715844066627, 22.325002351602119 ], [ 120.847974730796807, 22.32508609572745 ], [ 120.848317376501385, 22.325223135589134 ], [ 120.848690474098504, 22.325276416961621 ], [ 120.849436679336804, 22.325558107931073 ], [ 120.849878305811529, 22.325634228713117 ], [ 120.850852923172866, 22.325687480222889 ], [ 120.851370700560167, 22.325923496907226 ], [ 120.851896096489142, 22.326235655918897 ], [ 120.852360561116058, 22.326235632860204 ], [ 120.852924032282431, 22.326623932686729 ], [ 120.853266683224732, 22.326852343793028 ], [ 120.853784454931599, 22.326989374957734 ], [ 120.854089035439173, 22.327225402224155 ], [ 120.854172802711687, 22.327423369100394 ], [ 120.854583983841565, 22.327697462426762 ], [ 120.85503082328205, 22.327947061411866 ], [ 120.855304957794431, 22.328369639817563 ], [ 120.855624771782857, 22.328695134005343 ], [ 120.855813228490135, 22.328797917300932 ], [ 120.856235819086507, 22.328866424753922 ], [ 120.856498514646475, 22.328980625769091 ], [ 120.856858298461958, 22.329226168130528 ], [ 120.857132414955146, 22.329334657875446 ], [ 120.857714902878868, 22.329397446685707 ], [ 120.858028990509496, 22.329448827416524 ], [ 120.858411618484269, 22.329722922157082 ], [ 120.858919881969612, 22.330025564173582 ], [ 120.859462411203893, 22.330362468705015 ], [ 120.860117887463602, 22.330759393460252 ], [ 120.860483390972931, 22.331162931647402 ], [ 120.860841270259826, 22.331391341991456 ], [ 120.861320961040519, 22.331353246819553 ], [ 120.861709292653984, 22.331505512946173 ], [ 120.862348911233354, 22.331992794495136 ], [ 120.863224567022257, 22.332441992969674 ], [ 120.863689057414248, 22.332891211860531 ], [ 120.86413068605944, 22.333005403986451 ], [ 120.864447956249265, 22.333230897540464 ], [ 120.864505077628166, 22.33349358703407 ], [ 120.864562201301482, 22.333796251447243 ], [ 120.864727828920138, 22.334133174688979 ], [ 120.86480778430105, 22.334247384774809 ], [ 120.864842059554121, 22.334447257671748 ], [ 120.864922020506384, 22.334658549705228 ], [ 120.865024842333654, 22.335189639961964 ], [ 120.865144780649359, 22.335452326335389 ], [ 120.865796975463979, 22.336163466802802 ], [ 120.866350911207306, 22.336243389130871 ], [ 120.866607892855441, 22.33630048339586 ], [ 120.867047618610627, 22.336426097018283 ], [ 120.867367421126275, 22.336551716596688 ], [ 120.867555887990946, 22.336831531673624 ], [ 120.868383937597997, 22.336974258116996 ], [ 120.869034956677297, 22.337099861244145 ], [ 120.869577480332879, 22.337339683815248 ], [ 120.869903335399059, 22.337535036870513 ], [ 120.869969782963494, 22.337484254730519 ] ] ] ] } },
{ "type": "Feature", "properties": { "番號": "29", "類型": null, "分區": "要", "郡\n支廳": "〃", "庄 (區)": null, "大字": null, "地名": "Chiyachiyagatoan社蕃地", "土地\n類型": "山林", "面積\n(公頃)": "271", "區分理由": "第七條第三號 (口)", "地        況": "位於Chiyachiyagatoan溪右岸、山腰以上之北向陡坡或險峻地。基岩及土壤狀況等，與番號28相同。海拔高度介於333至1,045公尺。\n東側以稜線至溪流匯流點。北側以小溪流與準要存置林野131相鄰。西側以稜線與要存置林野30鄰接。南側以稜線與要存置林野27及準要存置林野130接壤。", "林        況": "本區域約1成地面積為蕃人的現耕地及其開墾舊跡。其餘的區域為栲櫧植物、櫟屬植物類為主要樹種的闊葉原生林，隨處能看見油杉呈現零星分布生長。", "參  考  事  項": null }, "geometry": { "type": "MultiPolygon", "coordinates": [ [ [ [ 120.805513231192293, 22.361222668988692 ], [ 120.80570826065636, 22.361069973009403 ], [ 120.806477273517331, 22.360742521098079 ], [ 120.807086403581536, 22.360673962367652 ], [ 120.808121917817616, 22.360437868464857 ], [ 120.809804637363001, 22.36020935665513 ], [ 120.811906129521475, 22.35985899568362 ], [ 120.812865503309794, 22.35964574838534 ], [ 120.814014276432943, 22.359375701897473 ], [ 120.815879735714489, 22.35913956673847 ], [ 120.816603070948801, 22.358941559721583 ], [ 120.816801006675348, 22.358370479532542 ], [ 120.8176004202097, 22.357068399397928 ], [ 120.818262812728662, 22.356360239239244 ], [ 120.818346561651154, 22.356238406735482 ], [ 120.817531770128554, 22.354936406850459 ], [ 120.816998731515312, 22.354129320590815 ], [ 120.815998796572345, 22.352413065954689 ], [ 120.815267772794741, 22.351316647221402 ], [ 120.814650965579474, 22.350288751250783 ], [ 120.814045588813542, 22.349420754407632 ], [ 120.813714313162151, 22.348392844243357 ], [ 120.813644481697096, 22.348101949210626 ], [ 120.813506571770716, 22.348093708882743 ], [ 120.812311142370177, 22.348025239847498 ], [ 120.809265464509096, 22.347888334317297 ], [ 120.806021816324304, 22.347720981538618 ], [ 120.80440118431514, 22.347678707690456 ], [ 120.802322504013688, 22.347496068474239 ], [ 120.80120321305192, 22.347370488617042 ], [ 120.800380888694605, 22.347484743554777 ], [ 120.799050321093929, 22.347650420083159 ], [ 120.798547780610861, 22.347564784501884 ], [ 120.798005295962597, 22.34735838114883 ], [ 120.797902465158117, 22.347319256312904 ], [ 120.796320600574958, 22.346976692701507 ], [ 120.795235579945356, 22.346965325213095 ], [ 120.794635969546562, 22.347068147676985 ], [ 120.793579554221907, 22.347964780659627 ], [ 120.793122726664691, 22.348364552623561 ], [ 120.792836245413639, 22.34853399915605 ], [ 120.793341588900816, 22.349232806660172 ], [ 120.794632303804718, 22.351185803185828 ], [ 120.795980110594485, 22.352887525901949 ], [ 120.797681983098926, 22.35470344508354 ], [ 120.798339319168946, 22.355441235324399 ], [ 120.799161688155152, 22.356103636070664 ], [ 120.80066936703588, 22.35735991592701 ], [ 120.802165618089006, 22.358501982271388 ], [ 120.804187280044459, 22.36021509284981 ], [ 120.804587044652621, 22.360570278739125 ], [ 120.805141011995929, 22.361198428594047 ], [ 120.805449390353488, 22.3612726524076 ], [ 120.805513231192293, 22.361222668988692 ] ] ] ] } },
{ "type": "Feature", "properties": { "番號": "27", "類型": null, "分區": "要", "郡\n支廳": "大武", "庄 (區)": null, "大字": null, "地名": "Chiyachiyagatoan社蕃地", "土地\n類型": "山林", "面積\n(公頃)": "2,262.00", "區分理由": "第七條第三號 (イ)", "地        況": "介於Kachirai溪、Sukeya溪左岸及Sukeya山北側，三者之間。整體大致為崩塌地，斷崖甚多。\n大約從Kachirai溪右岸附近至Sukeya山一帶，以北之基岩為下部黏板岩，以南之基岩則為第三紀南部第三系。土壤質地為黏質壤土，其中摻雜石礫，濕度乾，結合度較軟。地力雖為貧瘠，但大部分區域尚可。海拔高度介於30至1,189公尺。\n東側以稜線與準要存置林野127、126及要存置林野18相鄰。北側局部以大武溪溪畔為界，其餘以Kachirai溪與要存置林野28及準要存置林野130為界。西北側以稜線與要存置林野29及30鄰接。西側以中央山脈與高雄州為界。南側以Sukeya溪及Sukeya山之稜線，與要存置林野26相連。", "林        況": "有少許的蕃人現耕地及其開墾舊跡，其餘區域是以栲櫧植物、櫟屬植物類為主要樹種的闊葉原生林，Kachirai山附近能看見油杉零星分布。", "參  考  事  項": null }, "geometry": { "type": "MultiPolygon", "coordinates": [ [ [ [ 120.877945515844957, 22.363001538478407 ], [ 120.878939137940549, 22.36252179004379 ], [ 120.879185553404142, 22.362387363437389 ], [ 120.879240693434454, 22.361711410826814 ], [ 120.879206397488105, 22.361151763663479 ], [ 120.879206386329088, 22.360957599770963 ], [ 120.879217787241174, 22.360603535634386 ], [ 120.879137825289504, 22.360375111500073 ], [ 120.879217756391057, 22.360066729578538 ], [ 120.879229089700985, 22.358536260682556 ], [ 120.879073911944019, 22.357858122447237 ], [ 120.878742669793198, 22.357412704099993 ], [ 120.878251528026212, 22.356933029484207 ], [ 120.878121271185591, 22.35683580491613 ], [ 120.877109496311036, 22.356780523242847 ], [ 120.876052993611552, 22.35615239845556 ], [ 120.87465386129341, 22.355667058265674 ], [ 120.87367351454489, 22.355286393475371 ], [ 120.872172866545881, 22.354916700058773 ], [ 120.870672847178056, 22.354444689849764 ], [ 120.870040848875789, 22.354064007740483 ], [ 120.869507833083603, 22.353652863628888 ], [ 120.869066180816461, 22.353127500918866 ], [ 120.868258985655601, 22.351513315700025 ], [ 120.86727853673915, 22.34935408422642 ], [ 120.866829260681925, 22.348661207939823 ], [ 120.866336287247208, 22.347942950720629 ], [ 120.86629622390214, 22.34788457883921 ], [ 120.86532156066184, 22.347031828976011 ], [ 120.864499187896584, 22.346300899871043 ], [ 120.864339271441665, 22.345973494185436 ], [ 120.864476283286791, 22.345219674599235 ], [ 120.865073285737154, 22.343901424361174 ], [ 120.866072531312142, 22.341902628722693 ], [ 120.866929051568832, 22.34060816019927 ], [ 120.868109166571784, 22.339180425875767 ], [ 120.868604060012586, 22.33869499155589 ], [ 120.86896094917401, 22.338255249713963 ], [ 120.869903335399059, 22.337535036870513 ], [ 120.869577480332879, 22.337339683815248 ], [ 120.869034956677297, 22.337099861244145 ], [ 120.868383937597997, 22.336974258116996 ], [ 120.867555887990946, 22.336831531673624 ], [ 120.867367421126275, 22.336551716596688 ], [ 120.867047618610627, 22.336426097018283 ], [ 120.866607892855441, 22.33630048339586 ], [ 120.866350911207306, 22.336243389130871 ], [ 120.865796975463979, 22.336163466802802 ], [ 120.865144780649359, 22.335452326335389 ], [ 120.865024842333654, 22.335189639961964 ], [ 120.864922020506384, 22.334658549705228 ], [ 120.864842059554121, 22.334447257671748 ], [ 120.86480778430105, 22.334247384774809 ], [ 120.864727828920138, 22.334133174688979 ], [ 120.864562201301482, 22.333796251447243 ], [ 120.864505077628166, 22.33349358703407 ], [ 120.864447956249265, 22.333230897540464 ], [ 120.86413068605944, 22.333005403986451 ], [ 120.863689057414248, 22.332891211860531 ], [ 120.863224567022257, 22.332441992969674 ], [ 120.862348911233354, 22.331992794495136 ], [ 120.861709292653984, 22.331505512946173 ], [ 120.861320961040519, 22.331353246819553 ], [ 120.860841270259826, 22.331391341991456 ], [ 120.860483390972931, 22.331162931647402 ], [ 120.860117887463602, 22.330759393460252 ], [ 120.859462411203893, 22.330362468705015 ], [ 120.858919881969612, 22.330025564173582 ], [ 120.858411618484269, 22.329722922157082 ], [ 120.858028990509496, 22.329448827416524 ], [ 120.857714902878868, 22.329397446685707 ], [ 120.857132414955146, 22.329334657875446 ], [ 120.856858298461958, 22.329226168130528 ], [ 120.856498514646475, 22.328980625769091 ], [ 120.856235819086507, 22.328866424753922 ], [ 120.855813228490135, 22.328797917300932 ], [ 120.855624771782857, 22.328695134005343 ], [ 120.855304957794431, 22.328369639817563 ], [ 120.85503082328205, 22.327947061411866 ], [ 120.854583983841565, 22.327697462426762 ], [ 120.854172802711687, 22.327423369100394 ], [ 120.854089035439173, 22.327225402224155 ], [ 120.853784454931599, 22.326989374957734 ], [ 120.853266683224732, 22.326852343793028 ], [ 120.852924032282431, 22.326623932686729 ], [ 120.852360561116058, 22.326235632860204 ], [ 120.851896096489142, 22.326235655918897 ], [ 120.851370700560167, 22.325923496907226 ], [ 120.850852923172866, 22.325687480222889 ], [ 120.849878305811529, 22.325634228713117 ], [ 120.849436679336804, 22.325558107931073 ], [ 120.848690474098504, 22.325276416961621 ], [ 120.848317376501385, 22.325223135589134 ], [ 120.847974730796807, 22.32508609572745 ], [ 120.847715844066627, 22.325002351602119 ], [ 120.847198077593575, 22.324956691681759 ], [ 120.846413788378328, 22.324446574480135 ], [ 120.84605591257683, 22.324279078290726 ], [ 120.844735118599118, 22.323372728381266 ], [ 120.843889907689388, 22.322717943055366 ], [ 120.842214779280098, 22.322542897979964 ], [ 120.840288372190955, 22.32217750860702 ], [ 120.839633547948495, 22.322086169861944 ], [ 120.838582769602809, 22.321697894209425 ], [ 120.837516760722593, 22.321271547957203 ], [ 120.836808614112357, 22.320776655503131 ], [ 120.835932301281133, 22.319935322071412 ], [ 120.835071845856476, 22.318998809464325 ], [ 120.834310390418722, 22.318336405691838 ], [ 120.833427102512303, 22.317575022442718 ], [ 120.832452487729284, 22.317567456541031 ], [ 120.831592592156341, 22.317542118313842 ], [ 120.830952996250019, 22.31745077880564 ], [ 120.829810861324518, 22.317298550070127 ], [ 120.828904766246936, 22.317153923890686 ], [ 120.827633191219462, 22.317016930119753 ], [ 120.826878108964664, 22.316843742928747 ], [ 120.82551705504568, 22.316491650441691 ], [ 120.824441541951458, 22.316301347041431 ], [ 120.822471339856008, 22.315701820972521 ], [ 120.821852671239782, 22.315406798671603 ], [ 120.820929437813149, 22.31514986283922 ], [ 120.820044285625656, 22.315073764054176 ], [ 120.819225768378956, 22.315188018739118 ], [ 120.818055105910815, 22.315483129839038 ], [ 120.816932166919386, 22.316055842206897 ], [ 120.815744386630939, 22.316596514404793 ], [ 120.813833260594507, 22.317152451047487 ], [ 120.812153591935711, 22.317472333799834 ], [ 120.811019088158773, 22.317617061259323 ], [ 120.809176454314269, 22.317556238541119 ], [ 120.808559695222442, 22.317365912369787 ], [ 120.806975893114597, 22.316429435606139 ], [ 120.805734757257426, 22.315987869466273 ], [ 120.804455565799785, 22.315812804709498 ], [ 120.80385404902097, 22.315866134460833 ], [ 120.802818522948812, 22.315896642937226 ], [ 120.801868170927577, 22.315760902261776 ], [ 120.800665124265763, 22.315639133624117 ], [ 120.798753940097797, 22.315182372186779 ], [ 120.797101647483515, 22.314893111870212 ], [ 120.795517883313522, 22.314619076693905 ], [ 120.794413821785113, 22.31451253168327 ], [ 120.793522958035595, 22.314421204635075 ], [ 120.79226662085189, 22.314451724067922 ], [ 120.791742640711149, 22.314605583635192 ], [ 120.791718403854006, 22.315325845707012 ], [ 120.791804088973578, 22.315773179907044 ], [ 120.791984998216464, 22.317039043570546 ], [ 120.792118353251865, 22.318904533477674 ], [ 120.792127914634406, 22.319665960157057 ], [ 120.791937587541341, 22.320141861575657 ], [ 120.791832917192394, 22.320570169546027 ], [ 120.791775828890039, 22.320884261081201 ], [ 120.791766348834528, 22.321540992473153 ], [ 120.791747364708399, 22.322435670323522 ], [ 120.79163323451084, 22.323872869746801 ], [ 120.791538117919487, 22.324929354649207 ], [ 120.791338291678741, 22.325728863085846 ], [ 120.791081358579007, 22.326518856519339 ], [ 120.790605530498368, 22.327527771131166 ], [ 120.789768043834655, 22.328793685371103 ], [ 120.788254839522381, 22.330763953299371 ], [ 120.787388790970823, 22.331877583538784 ], [ 120.785989776359955, 22.333448096554747 ], [ 120.785009536486641, 22.33493292822406 ], [ 120.784666942294479, 22.335694372413158 ], [ 120.784676470393563, 22.335875210893345 ], [ 120.78465751308083, 22.337236262906913 ], [ 120.784638547578027, 22.338454547326961 ], [ 120.784638650851591, 22.340253419021131 ], [ 120.784610208082199, 22.342176024051312 ], [ 120.784559041070537, 22.342221117207977 ], [ 120.785288081346181, 22.342980462121297 ], [ 120.785701290092732, 22.343203793561639 ], [ 120.787574458138451, 22.344612340757322 ], [ 120.789348636217127, 22.345921907330361 ], [ 120.790033943486151, 22.346470100837159 ], [ 120.790772548232866, 22.346987834607511 ], [ 120.791936695487252, 22.347873728989644 ], [ 120.792427838004343, 22.34836482510363 ], [ 120.792804746898696, 22.348490441854505 ], [ 120.792836245413639, 22.34853399915605 ], [ 120.793122726664691, 22.348364552623561 ], [ 120.793579554221907, 22.347964780659627 ], [ 120.794635969546562, 22.347068147676985 ], [ 120.795235579945356, 22.346965325213095 ], [ 120.796320600574958, 22.346976692701507 ], [ 120.797902465158117, 22.347319256312904 ], [ 120.798005295962597, 22.34735838114883 ], [ 120.798420825467531, 22.346931719651803 ], [ 120.79978180024743, 22.345903725363282 ], [ 120.8019041755975, 22.344580640228166 ], [ 120.80312240317312, 22.343876259585656 ], [ 120.804312085788027, 22.343314647954873 ], [ 120.806535374324156, 22.34243354249331 ], [ 120.80812289244048, 22.341782443416868 ], [ 120.809207871067954, 22.341062840869739 ], [ 120.811275048103937, 22.339817804810565 ], [ 120.8123828463048, 22.338698451896843 ], [ 120.813547743607018, 22.337453460676922 ], [ 120.814279840438303, 22.336518296622817 ], [ 120.815033603110123, 22.335810131957555 ], [ 120.816015826426877, 22.335718711916869 ], [ 120.816449811451548, 22.335318941122502 ], [ 120.817774651002026, 22.334850597642301 ], [ 120.818825399919817, 22.334724909980743 ], [ 120.819921844371649, 22.334781962558132 ], [ 120.820744189671558, 22.335033192663037 ], [ 120.821735672644081, 22.335420614641549 ], [ 120.82224583153122, 22.335580488996886 ], [ 120.822413369160245, 22.336029722671899 ], [ 120.822489517172173, 22.336138856775904 ], [ 120.822908316450437, 22.33648147817485 ], [ 120.823129132325604, 22.336565224189336 ], [ 120.823410867717371, 22.336755566973352 ], [ 120.823783972331782, 22.336930676676506 ], [ 120.82427889500056, 22.336953494906684 ], [ 120.824575856118855, 22.337098151307377 ], [ 120.82486520175101, 22.337219965272666 ], [ 120.825230698308559, 22.337501675148243 ], [ 120.825398208841008, 22.337478824014575 ], [ 120.825809383016278, 22.33763108901244 ], [ 120.826030209379795, 22.337897577531127 ], [ 120.826152044916356, 22.338049856900714 ], [ 120.826350013458423, 22.338049847067079 ], [ 120.826586057681581, 22.338133592323931 ], [ 120.827096220934436, 22.338369609385509 ], [ 120.827416031131619, 22.338628478715311 ], [ 120.82763685705811, 22.338887352961788 ], [ 120.827865292788232, 22.33907008411952 ], [ 120.828344986228757, 22.339077674561974 ], [ 120.828695252686941, 22.339328928106752 ], [ 120.82899983540851, 22.339603026733805 ], [ 120.829761259428182, 22.33971720297486 ], [ 120.830043467789139, 22.339856783924589 ], [ 120.83066214297169, 22.340266020257861 ], [ 120.831023810801256, 22.340170823903691 ], [ 120.831318884108939, 22.340589594150412 ], [ 120.831442464651019, 22.340898498940529 ], [ 120.831471189457929, 22.340970300134234 ], [ 120.831709147167402, 22.34122726995907 ], [ 120.831794832314529, 22.34167460412349 ], [ 120.832499170239444, 22.342140943229968 ], [ 120.832784714354503, 22.34235983933478 ], [ 120.832889423463072, 22.342607297939722 ], [ 120.833308211261098, 22.342750044714325 ], [ 120.833603284570614, 22.343168814958084 ], [ 120.833984006413885, 22.343397224171788 ], [ 120.834602661374021, 22.343454300467172 ], [ 120.835069030110432, 22.343463795135214 ], [ 120.835674009643128, 22.343630485885246 ], [ 120.835978585804824, 22.343790370442552 ], [ 120.836184189065364, 22.344148230961473 ], [ 120.836618213626252, 22.344437551692401 ], [ 120.83720451205734, 22.34455935089683 ], [ 120.837600463996154, 22.34481821643492 ], [ 120.838026863450537, 22.344917180770786 ], [ 120.838300991658173, 22.345229352257491 ], [ 120.838332858725323, 22.34528490890655 ], [ 120.838602367490083, 22.345458368206781 ], [ 120.839097312003858, 22.345861899972011 ], [ 120.839714074563261, 22.346113140265533 ], [ 120.840193784605688, 22.346410072993809 ], [ 120.840757256251337, 22.346805987080938 ], [ 120.841252196828506, 22.347140990405592 ], [ 120.84182327302716, 22.347369390154267 ], [ 120.842698905268051, 22.347407417997442 ], [ 120.843163365094512, 22.347323637938704 ], [ 120.843726799129541, 22.347064724733027 ], [ 120.844404446216529, 22.346813420123677 ], [ 120.844830837793396, 22.346775327582392 ], [ 120.845366608400539, 22.346817139791838 ], [ 120.846042382223061, 22.347093123529213 ], [ 120.846708626301407, 22.347159715292786 ], [ 120.847279698119422, 22.347311972331585 ], [ 120.848098228414329, 22.347426145719819 ], [ 120.848564598228464, 22.34745467606102 ], [ 120.849011922220768, 22.347302368418283 ], [ 120.849744777200115, 22.347140528749357 ], [ 120.85044908722405, 22.347121458075446 ], [ 120.85110581467066, 22.347207085988398 ], [ 120.851324735844628, 22.347445021069788 ], [ 120.851543665218088, 22.347825723726391 ], [ 120.851819705818031, 22.348292084090328 ], [ 120.852514542945784, 22.349053476631905 ], [ 120.852743014638818, 22.34986248153951 ], [ 120.853047620421705, 22.350538232926144 ], [ 120.853409309549761, 22.350814232263932 ], [ 120.85388521566415, 22.351166368631638 ], [ 120.854399198663188, 22.351623199328284 ], [ 120.854722817466893, 22.351908718395034 ], [ 120.855086174188216, 22.352219410168864 ], [ 120.855352695215757, 22.352653410350761 ], [ 120.855779131834936, 22.353399587681128 ], [ 120.856098949020037, 22.353780285318336 ], [ 120.856502510309753, 22.35395539348491 ], [ 120.857279157818454, 22.353985811965423 ], [ 120.85791875369182, 22.354077151422619 ], [ 120.858314702992843, 22.354290331320051 ], [ 120.85873349787812, 22.354556809975819 ], [ 120.85933503862789, 22.354922265065671 ], [ 120.859875661609792, 22.355211580476844 ], [ 120.860568563697441, 22.355424745611948 ], [ 120.861078721232218, 22.355561777124539 ], [ 120.861413756264156, 22.355759731506048 ], [ 120.861947568868075, 22.356234486468313 ], [ 120.862575763489559, 22.356674179367285 ], [ 120.863095449568362, 22.35699966360075 ], [ 120.863495201906133, 22.357142411302071 ], [ 120.863866394856572, 22.357176657067662 ], [ 120.86467732144763, 22.357473573307519 ], [ 120.865276961601609, 22.357890424810591 ], [ 120.865602496415647, 22.358392950482546 ], [ 120.865802397032169, 22.358889771696742 ], [ 120.866081471832686, 22.359156447648051 ], [ 120.866495509496247, 22.359451480047071 ], [ 120.867128457941305, 22.359803608591417 ], [ 120.867261708993198, 22.359855950076579 ], [ 120.867513951750908, 22.360260445656699 ], [ 120.86779950241727, 22.360593555794697 ], [ 120.868151669173741, 22.360788653967521 ], [ 120.868827435584862, 22.360936146861057 ], [ 120.869384232169267, 22.361112199183381 ], [ 120.870107600293736, 22.361488117823534 ], [ 120.870493082341341, 22.361740321366931 ], [ 120.871023226416298, 22.361865930471232 ], [ 120.871418210042776, 22.361837357318894 ], [ 120.871903610615632, 22.361784985075946 ], [ 120.872365217168081, 22.361737372935242 ], [ 120.87284110576627, 22.361784938464755 ], [ 120.873483565082935, 22.36201809355385 ], [ 120.874240244664279, 22.36238449269544 ], [ 120.874844632836925, 22.362612890757354 ], [ 120.875198696019822, 22.362684256937989 ], [ 120.875484228082868, 22.362693760579241 ], [ 120.87570313147522, 22.362622365910369 ], [ 120.87628847053486, 22.362612818969257 ], [ 120.876583519767067, 22.362612804299328 ], [ 120.876869058940841, 22.362746039833599 ], [ 120.87722123690564, 22.36313625367897 ], [ 120.877401472877551, 22.363299102155729 ], [ 120.877945515844957, 22.363001538478407 ] ] ] ] } },
{ "type": "Feature", "properties": { "番號": "28", "類型": null, "分區": "要", "郡\n支廳": "大武", "庄 (區)": null, "大字": null, "地名": "Chiyachiyagatoan社蕃地", "土地\n類型": "山林", "面積\n(公頃)": "745", "區分理由": "第七條第三號 (口)", "地        況": "介於Kachirai溪下游左岸，與大武溪主流Chiyachiyagatoan溪下游，兩者之間。溪畔及其他區域，斷崖絕壁甚多，整體大致為陡坡或險峻地。基岩為下部黏板岩。土壤質地為黏質壤土，摻雜石礫，濕度偏乾，結合度較鬆軟，地力相較尚可。海拔高度介於33至765公尺。\n東側及南側以Kachirai溪與要存置林野27相鄰。北側局部以大武溪溪畔為界，部分以Chiyachiyagatoan溪與要存置林野32相鄰。西側以稜線與準要存置林野130相連。", "林        況": "Kachirai溪下游左岸區域處約15公頃為蕃人的現耕地及其開墾舊跡，其餘則為栲櫧植物、櫟屬植物類為主要樹種的闊葉原生林。", "參  考  事  項": null }, "geometry": { "type": "MultiPolygon", "coordinates": [ [ [ [ 120.84854214886947, 22.368024612089275 ], [ 120.849120791964069, 22.367430670186433 ], [ 120.849775599565916, 22.367232666579859 ], [ 120.851009081780589, 22.366988948570796 ], [ 120.852273018061652, 22.366699543423799 ], [ 120.853247611343406, 22.366334009960159 ], [ 120.853963329706318, 22.366090317703765 ], [ 120.855105424309954, 22.365542033415821 ], [ 120.855897278283308, 22.365191737585658 ], [ 120.856932778823321, 22.364719601310117 ], [ 120.857694189228923, 22.364597735117098 ], [ 120.858821061604957, 22.364156051384121 ], [ 120.860755031174037, 22.363622956273858 ], [ 120.862856537948133, 22.363531480532341 ], [ 120.86422707438291, 22.363272527185536 ], [ 120.86506463964534, 22.363379085327285 ], [ 120.86623724431567, 22.363759740549053 ], [ 120.86776011148693, 22.364323120844944 ], [ 120.869191605065438, 22.364825591517121 ], [ 120.870729680440064, 22.365038714608943 ], [ 120.871719536169778, 22.365267093501245 ], [ 120.872831208172542, 22.365312723844525 ], [ 120.874445371870536, 22.364596902159622 ], [ 120.877179787914486, 22.363416344362463 ], [ 120.876966518554056, 22.363266494161667 ], [ 120.876738072006219, 22.362895309840074 ], [ 120.876271699488413, 22.362819190324803 ], [ 120.875386553978615, 22.362857305686831 ], [ 120.874844043003904, 22.362838296984943 ], [ 120.874244735432981, 22.362687944942444 ], [ 120.873544206498892, 22.362253966359535 ], [ 120.872889371797314, 22.361979885182464 ], [ 120.872257393620686, 22.361949459522211 ], [ 120.871396999418423, 22.36207894489792 ], [ 120.870894467884185, 22.362147498317618 ], [ 120.870171104738333, 22.361858192005364 ], [ 120.869900785592861, 22.361580284573279 ], [ 120.869209782903511, 22.361294783785926 ], [ 120.868244672907437, 22.361060692951661 ], [ 120.867776389068894, 22.360849420227183 ], [ 120.86731380338891, 22.360421140509519 ], [ 120.86707393623432, 22.360061378153311 ], [ 120.866638772935886, 22.359830687391021 ], [ 120.865993448722492, 22.35943097027091 ], [ 120.865627949995542, 22.359111189079155 ], [ 120.865496584163552, 22.358739999921596 ], [ 120.865325243590789, 22.35836310204806 ], [ 120.864999715995737, 22.357986211839421 ], [ 120.864537138191977, 22.357694988986665 ], [ 120.863914661750059, 22.357386641973179 ], [ 120.863349303753552, 22.357289588127674 ], [ 120.863000948074514, 22.35716396998021 ], [ 120.86246984565642, 22.356924146858347 ], [ 120.861961579853414, 22.356581529947988 ], [ 120.861538968913862, 22.356158958938167 ], [ 120.861329725452464, 22.35594481797887 ], [ 120.860891897867972, 22.355725929462789 ], [ 120.860482629451283, 22.35561173574736 ], [ 120.859702165127331, 22.355411899938279 ], [ 120.858931202661452, 22.354936046346396 ], [ 120.857912773521733, 22.354355508832295 ], [ 120.857141829098524, 22.354193743900399 ], [ 120.856066322083819, 22.35410813681257 ], [ 120.855799815600022, 22.353927311130814 ], [ 120.855514256730018, 22.353451433407365 ], [ 120.855143023638291, 22.352718578306447 ], [ 120.854438671522431, 22.352004775437496 ], [ 120.853391673914956, 22.351157739858344 ], [ 120.852885310425279, 22.350793802884162 ], [ 120.852839616195581, 22.350633905470332 ], [ 120.852588332702126, 22.350359804213284 ], [ 120.852342736550654, 22.34968024275824 ], [ 120.852285605315771, 22.349246232167257 ], [ 120.851703079661888, 22.348526712533296 ], [ 120.851566018950365, 22.348429637392815 ], [ 120.851428944791692, 22.348098423428382 ], [ 120.85110340768621, 22.347555922816422 ], [ 120.850923643513681, 22.347447809104906 ], [ 120.850338296217188, 22.347314588453383 ], [ 120.849990902250667, 22.347362194907646 ], [ 120.849205696270616, 22.347462171228308 ], [ 120.84855850075084, 22.347624006641297 ], [ 120.847568466510566, 22.347602640700693 ], [ 120.84695742541588, 22.34753985333009 ], [ 120.846746124207911, 22.347402806955682 ], [ 120.846232164162487, 22.3473457254638 ], [ 120.845849549279365, 22.347300058851374 ], [ 120.845346998359688, 22.347031680777729 ], [ 120.844821618362772, 22.346997442665138 ], [ 120.844153482763247, 22.347140243442844 ], [ 120.843496778263201, 22.347454364746547 ], [ 120.843045645319364, 22.347574311929577 ], [ 120.842149080878059, 22.347654306325261 ], [ 120.84171227604476, 22.347566763915751 ], [ 120.84114881358289, 22.347330749517933 ], [ 120.840585337564519, 22.346858692723249 ], [ 120.839663991412124, 22.346318125271612 ], [ 120.839153828169515, 22.34608210822325 ], [ 120.838597974195082, 22.345747107922953 ], [ 120.838332858725323, 22.34528490890655 ], [ 120.838300991658173, 22.345229352257491 ], [ 120.838026863450537, 22.344917180770786 ], [ 120.837600463996154, 22.34481821643492 ], [ 120.83720451205734, 22.34455935089683 ], [ 120.836618213626252, 22.344437551692401 ], [ 120.836184189065364, 22.344148230961473 ], [ 120.835978585804824, 22.343790370442552 ], [ 120.835674009643128, 22.343630485885246 ], [ 120.835069030110432, 22.343463795135214 ], [ 120.834602661374021, 22.343454300467172 ], [ 120.833984006413885, 22.343397224171788 ], [ 120.833603284570614, 22.343168814958084 ], [ 120.833308211261098, 22.342750044714325 ], [ 120.832889423463072, 22.342607297939722 ], [ 120.832784714354503, 22.34235983933478 ], [ 120.832499170239444, 22.342140943229968 ], [ 120.831794832314529, 22.34167460412349 ], [ 120.831709147167402, 22.34122726995907 ], [ 120.831471189457929, 22.340970300134234 ], [ 120.831442464651019, 22.340898498940529 ], [ 120.830006979426486, 22.341562566658343 ], [ 120.829053329956565, 22.342013759594771 ], [ 120.827127735548927, 22.342542666386073 ], [ 120.826111271428061, 22.343033837371586 ], [ 120.825380337545241, 22.343502151359981 ], [ 120.823918488142198, 22.344758578727919 ], [ 120.82223965050072, 22.346289130648884 ], [ 120.821224167117208, 22.347284747066549 ], [ 120.82079591679755, 22.348103302501148 ], [ 120.820577063393301, 22.349045579438791 ], [ 120.822404516728511, 22.349940165484814 ], [ 120.823508593935017, 22.350320824172663 ], [ 120.824327150522151, 22.350891853828077 ], [ 120.825564490544394, 22.351529487540166 ], [ 120.827459575284692, 22.352563887261251 ], [ 120.829089069900633, 22.353629804222631 ], [ 120.829089100523277, 22.354162803197536 ], [ 120.829439401554126, 22.355015584147321 ], [ 120.829652693821515, 22.356675484642796 ], [ 120.82980504732177, 22.357893760444075 ], [ 120.830155376368126, 22.35923385474026 ], [ 120.830615767409412, 22.360116611405765 ], [ 120.831710380497626, 22.361430018743953 ], [ 120.83264317541925, 22.362448381119666 ], [ 120.833499817106912, 22.363266872663154 ], [ 120.83375855421184, 22.3634877248974 ], [ 120.83413089716629, 22.363401778856119 ], [ 120.834606751341155, 22.362849720543458 ], [ 120.835226004435384, 22.362273860505191 ], [ 120.835728515881001, 22.361855050612569 ], [ 120.836162505883095, 22.361542843922429 ], [ 120.836406153777119, 22.36144384628469 ], [ 120.836642193623746, 22.361451448819579 ], [ 120.836771643342999, 22.361603727803224 ], [ 120.837022918978334, 22.361740772187549 ], [ 120.837365562519054, 22.361839740673581 ], [ 120.837997556943378, 22.362151894360039 ], [ 120.83846203734096, 22.36242598501995 ], [ 120.838956967432821, 22.362578245829962 ], [ 120.839307229523342, 22.36275335664612 ], [ 120.839505215565893, 22.363057917639896 ], [ 120.83985548290849, 22.363324399706638 ], [ 120.840487486959759, 22.363804067350387 ], [ 120.841226097768811, 22.3644284008395 ], [ 120.84147023746165, 22.364566538854447 ], [ 120.842144102399871, 22.36474924784741 ], [ 120.842566693673561, 22.364829176677567 ], [ 120.843012136662352, 22.365069004060558 ], [ 120.843606075749008, 22.365651466249446 ], [ 120.844040097475599, 22.365891294199209 ], [ 120.844371328505204, 22.366142548666723 ], [ 120.844668307570018, 22.36659939015156 ], [ 120.844816812862561, 22.367101924645333 ], [ 120.845170906772793, 22.367707241571175 ], [ 120.845604926529319, 22.367912805299603 ], [ 120.846381576248064, 22.367981295111793 ], [ 120.84684413544818, 22.367948435563747 ], [ 120.847426619780478, 22.367948406594529 ], [ 120.847889187762846, 22.368068308355106 ], [ 120.848386027409248, 22.368325265286096 ], [ 120.848535461835894, 22.368380113067648 ], [ 120.84854214886947, 22.368024612089275 ] ] ] ] } },
{ "type": "Feature", "properties": { "番號": "17", "類型": null, "分區": "要", "郡\n支廳": "〃", "庄 (區)": "〃", "大字": "〃", "地名": "大鳥萬", "土地\n類型": "山林", "面積\n(公頃)": "204", "區分理由": "第七條第三號\n((口))", "地        況": "大武溪下游左岸之南向地，除溪畔有崩塌及險峻地外，整體多為陡坡地。基岩及土壤狀況等，與番號6相同。海拔高度介於33至480公尺。\n東側及北側以稜線與準要存置林野124鄰接。西南側以稜線與要存置林野33相鄰。南側以大武溪溪畔為界。", "林        況": "同番號8。", "參  考  事  項": null }, "geometry": { "type": "MultiPolygon", "coordinates": [ [ [ [ 120.871805648635259, 22.37725667850702 ], [ 120.87492740951582, 22.376380882093127 ], [ 120.876784657163569, 22.375690936796271 ], [ 120.878545351347341, 22.374239378913092 ], [ 120.878616698643995, 22.373620715895449 ], [ 120.878711796444946, 22.372240624659032 ], [ 120.878426108946357, 22.369528055049024 ], [ 120.878092852037526, 22.36714861213348 ], [ 120.877639791798813, 22.365336787355311 ], [ 120.877452008253456, 22.365518333179217 ], [ 120.876150100111289, 22.367528565301686 ], [ 120.876047325182299, 22.367814105552647 ], [ 120.875647601417683, 22.368168189005239 ], [ 120.874322763421503, 22.368659375334694 ], [ 120.872758057932359, 22.368785088615045 ], [ 120.871775821630422, 22.368648080596795 ], [ 120.870713629277262, 22.368385441091348 ], [ 120.869685701360467, 22.368134221286702 ], [ 120.868292276021535, 22.367586063107687 ], [ 120.868223731383353, 22.367289109966187 ], [ 120.867881042997155, 22.366409678762743 ], [ 120.867461194072604, 22.365717005832625 ], [ 120.86698520572628, 22.365777282394859 ], [ 120.866528365140297, 22.365948626199732 ], [ 120.864792382073574, 22.366793896560402 ], [ 120.863124940358333, 22.367879013043432 ], [ 120.862119923241167, 22.368815618311867 ], [ 120.861343339883064, 22.369900690501151 ], [ 120.860977893682588, 22.370494621787891 ], [ 120.859976538688045, 22.371668776267462 ], [ 120.858349083427996, 22.372963283237436 ], [ 120.856873904532662, 22.374134050742672 ], [ 120.857073826967962, 22.375009681931349 ], [ 120.857311828488619, 22.376028078801394 ], [ 120.857347977779469, 22.376782945099574 ], [ 120.858518884455634, 22.376724340599825 ], [ 120.861107703627923, 22.376724211802671 ], [ 120.86421046967088, 22.376552736347634 ], [ 120.866647007519106, 22.376590686481649 ], [ 120.867693965190156, 22.376742919806443 ], [ 120.86948333109126, 22.377351972427743 ], [ 120.870492217886323, 22.377504207644368 ], [ 120.871805648635259, 22.37725667850702 ] ] ] ] } },
{ "type": "Feature", "properties": { "番號": "32", "類型": null, "分區": "要", "郡\n支廳": "〃", "庄 (區)": null, "大字": null, "地名": "姑子崙社蕃地", "土地\n類型": "山林", "面積\n(公頃)": "374", "區分理由": "第七條第三號 (口)", "地        況": "介於Kuwarun溪與Chiyachiyagatoan溪之間。地勢、基岩及土壤狀況等，與番號28相同。海拔高度介於100至667公尺。北側大部分區域以稜線與準要存置林野137相鄰。東側及北側部分區域與要存置林野33連接。西側以溪流與準要存置林野134、135及136鄰接。南側以Chiyachiyagatoan溪與準要存置林野131、130及要存置林野28相連。", "林        況": "與番號30相同。", "參  考  事  項": "缺番號31。\r" }, "geometry": { "type": "MultiPolygon", "coordinates": [ [ [ [ 120.83127432407997, 22.385760346439625 ], [ 120.831442416218721, 22.38566947347763 ], [ 120.83145190823106, 22.385639530843331 ], [ 120.831649860554165, 22.385357792956945 ], [ 120.831939182095965, 22.385060821981018 ], [ 120.832396022489164, 22.384885671006714 ], [ 120.8328300159761, 22.384634378458294 ], [ 120.833309687498442, 22.384261255298348 ], [ 120.834565982910718, 22.383507379931601 ], [ 120.835199591355646, 22.38319846280022 ], [ 120.835896276489734, 22.382992842808605 ], [ 120.836677988104995, 22.382813868534885 ], [ 120.837134788247681, 22.382658526838746 ], [ 120.836501346039611, 22.382077214046721 ], [ 120.83580738906555, 22.381451450675069 ], [ 120.834927907221896, 22.380674838787627 ], [ 120.833899933860664, 22.379635541932764 ], [ 120.833146066840584, 22.378527702995154 ], [ 120.832357914354162, 22.377042959339455 ], [ 120.831616870964936, 22.375495395599245 ], [ 120.831161221522379, 22.374313302672796 ], [ 120.831059210921637, 22.374026749210213 ], [ 120.831311934735567, 22.374040038019466 ], [ 120.832728153684698, 22.373735396720953 ], [ 120.833855038377081, 22.373506912528445 ], [ 120.83499715667088, 22.373369798832574 ], [ 120.836261100001479, 22.373202221992944 ], [ 120.837616390649401, 22.372638698516372 ], [ 120.838607353666774, 22.372259839238183 ], [ 120.841272273109283, 22.371536350933454 ], [ 120.841593968342409, 22.371473136482695 ], [ 120.84309012273431, 22.370936255960228 ], [ 120.84393534666313, 22.37181566221042 ], [ 120.845557251187472, 22.37330036435991 ], [ 120.846448147681357, 22.373962761609974 ], [ 120.846944864970951, 22.374279782871735 ], [ 120.847251155818185, 22.373960419932587 ], [ 120.847551893147653, 22.373568270021526 ], [ 120.847673696287174, 22.37315709333507 ], [ 120.8477117316868, 22.372540335502393 ], [ 120.847803061052474, 22.371832203768598 ], [ 120.847993394390087, 22.371466709299636 ], [ 120.848305552326664, 22.371063137416989 ], [ 120.848547839959537, 22.370757079266518 ], [ 120.848547786540578, 22.369828138225657 ], [ 120.848803086044555, 22.369494242987784 ], [ 120.848694508535061, 22.369349487637759 ], [ 120.848526966929157, 22.368831725553417 ], [ 120.848531980882811, 22.368565170052428 ], [ 120.848242426658317, 22.368452825741496 ], [ 120.847968317041563, 22.368464260780556 ], [ 120.847602822229049, 22.368213008020234 ], [ 120.846803331303107, 22.368167362157177 ], [ 120.846026688152051, 22.368213086408442 ], [ 120.845295719538115, 22.368076065886818 ], [ 120.844953074469899, 22.367950447458298 ], [ 120.844621827678836, 22.367425079240387 ], [ 120.844439048751113, 22.366751225355692 ], [ 120.844153491604104, 22.366305804709015 ], [ 120.843902210061557, 22.366065967672089 ], [ 120.843388235564106, 22.365757615260048 ], [ 120.842710059262799, 22.365081049630373 ], [ 120.841796354507863, 22.365014470196563 ], [ 120.841291903964375, 22.36481462066978 ], [ 120.840911174452742, 22.364452961732589 ], [ 120.84024490300537, 22.363910478058795 ], [ 120.839664298132291, 22.363491722026918 ], [ 120.838969464776596, 22.362796954351435 ], [ 120.838569708035266, 22.36257806393834 ], [ 120.83826958284159, 22.362581251474317 ], [ 120.837717540969251, 22.362333815116529 ], [ 120.837251163482989, 22.362172035047585 ], [ 120.836994172511851, 22.36195313753446 ], [ 120.836718149386925, 22.361791348000196 ], [ 120.836499238041029, 22.361724734013656 ], [ 120.835937703067174, 22.361905600870664 ], [ 120.835309564307607, 22.362438631074941 ], [ 120.834970119042154, 22.362786842222423 ], [ 120.83430392746547, 22.363633963002098 ], [ 120.83400888914538, 22.363824334449546 ], [ 120.833675766821003, 22.363786279659148 ], [ 120.833276016092171, 22.3636720854713 ], [ 120.832543149603609, 22.363634050558435 ], [ 120.831629447561667, 22.363615060315535 ], [ 120.830991763176314, 22.36366268121952 ], [ 120.830639616903113, 22.363824501991431 ], [ 120.829954342830931, 22.36385308958457 ], [ 120.829259541190737, 22.363710356550961 ], [ 120.82872653693012, 22.363500990599057 ], [ 120.82821083424281, 22.363483884132904 ], [ 120.827731143866785, 22.363529593612977 ], [ 120.827251448894046, 22.363495353246112 ], [ 120.826771747355409, 22.363346898812139 ], [ 120.826132154056921, 22.363301244989337 ], [ 120.825355511522275, 22.363358390642503 ], [ 120.824727355241095, 22.363586850014325 ], [ 120.824110632696389, 22.364032315547661 ], [ 120.823619543377561, 22.364466353428096 ], [ 120.823048498658196, 22.364786181217042 ], [ 120.822785207945344, 22.364933863008357 ], [ 120.822621688013115, 22.366790701864311 ], [ 120.822439098868841, 22.36941763452899 ], [ 120.822318637709174, 22.371097539119106 ], [ 120.82236633030756, 22.372905926174592 ], [ 120.822413997732781, 22.374276492633989 ], [ 120.822474771945281, 22.374525126259908 ], [ 120.822566392274865, 22.374899954558341 ], [ 120.822775914833187, 22.375757133131611 ], [ 120.823255732682512, 22.377927176574886 ], [ 120.824477909578761, 22.379697433833471 ], [ 120.824664312982819, 22.379886720827077 ], [ 120.825609156507213, 22.380846180718059 ], [ 120.827390982916967, 22.382749659858394 ], [ 120.829203245870147, 22.384302880996032 ], [ 120.830589254045066, 22.385515067441649 ], [ 120.831118948842104, 22.3858725757119 ], [ 120.83127432407997, 22.385760346439625 ] ] ] ] } },
{ "type": "Feature", "properties": { "番號": "14", "類型": null, "分區": "要", "郡\n支廳": "〃", "庄 (區)": "〃", "大字": "〃", "地名": null, "土地\n類型": "山林", "面積\n(公頃)": "75", "區分理由": "第七條第二號", "地        況": "正對太平洋之地。東側可見斷崖峭壁，整體多為陡坡及險峻地。基岩及土壤狀況等，與番號6相同。海拔高度位於390公尺以下。\n東側以山麓為界。北側及西側以稜線與準要存置林野122連接。", "林        況": "同番號8。", "參  考  事  項": "依據治水調查結果，選定為施業限制預定地。(詳情參見〈治水調查復命書〉)\r" }, "geometry": { "type": "MultiPolygon", "coordinates": [ [ [ [ 120.921964452644147, 22.398379307941916 ], [ 120.922050076460778, 22.397760644258327 ], [ 120.921907278381511, 22.397199098971509 ], [ 120.921669309719434, 22.396751772469678 ], [ 120.92034630114378, 22.395952340010208 ], [ 120.920136899331965, 22.395742958015862 ], [ 120.919156529083111, 22.394953026330814 ], [ 120.918728191851258, 22.394258245533806 ], [ 120.918147572257467, 22.39358250799134 ], [ 120.917443206463375, 22.392630759325861 ], [ 120.916681761770178, 22.392154905364908 ], [ 120.916491391007895, 22.391869379721946 ], [ 120.916234366644773, 22.391069894181733 ], [ 120.91598689287315, 22.390841478404315 ], [ 120.915234956034411, 22.390194302894578 ], [ 120.914987472949164, 22.38980408388224 ], [ 120.914711413705419, 22.38901411712397 ], [ 120.914625723580201, 22.388481122498398 ], [ 120.914406796932269, 22.3881480090878 ], [ 120.914264014753954, 22.387862481074038 ], [ 120.913921317258442, 22.386825053859951 ], [ 120.913369150039927, 22.38439803281771 ], [ 120.912807533579141, 22.383160741910469 ], [ 120.912350644860396, 22.382494516031187 ], [ 120.911866153920883, 22.38204132531073 ], [ 120.911876223813024, 22.382838118062782 ], [ 120.91180014123124, 22.383866048283728 ], [ 120.911823968658027, 22.384441876258755 ], [ 120.911904893966735, 22.3848714439583 ], [ 120.912104816401111, 22.385747075047153 ], [ 120.912333324306033, 22.387184257117937 ], [ 120.912628418979381, 22.387974222932964 ], [ 120.912999648262826, 22.388640453072277 ], [ 120.913104399570813, 22.389620785107414 ], [ 120.913199499357077, 22.389930014910188 ], [ 120.9133480677786, 22.391529004193526 ], [ 120.913359514681375, 22.391974438412973 ], [ 120.913279622413668, 22.392956683207682 ], [ 120.91316548215319, 22.394213043425079 ], [ 120.913062718437445, 22.394692747545907 ], [ 120.91278865884712, 22.39557220936614 ], [ 120.912256457828036, 22.3969140129932 ], [ 120.911725420890022, 22.397810619719866 ], [ 120.911205781862591, 22.398301766005861 ], [ 120.911148689706664, 22.398547329055123 ], [ 120.911548431161123, 22.39850162353104 ], [ 120.912033829759693, 22.398415938824801 ], [ 120.912667708349758, 22.398393064452399 ], [ 120.913869734393558, 22.398426507388294 ], [ 120.916039777204034, 22.3984873134957 ], [ 120.917570230792052, 22.398570994259291 ], [ 120.918506782833106, 22.398723233023034 ], [ 120.91929105141385, 22.398875479368904 ], [ 120.920227607836324, 22.399103860829634 ], [ 120.920981421476526, 22.399286565770179 ], [ 120.92143066995493, 22.399499742954905 ], [ 120.921658371234059, 22.399522887838188 ], [ 120.921964452644147, 22.398379307941916 ] ] ] ] } },
{ "type": "Feature", "properties": { "番號": "33", "類型": null, "分區": "要", "郡\n支廳": "〃", "庄 (區)": null, "大字": null, "地名": "東Tebaobao社蕃地", "土地\n類型": "山林", "面積\n(公頃)": "551", "區分理由": "第七條第三號 (口)", "地        況": "介於大武溪主流及Kuwarun溪左岸。為西向地。地勢、基岩及土壤狀況等，與番號28相同，海拔高度介於33至660公尺。\n東側以稜線與要存置林野17及準要存置林野124、125以及要存置林野16相鄰。北側以蕃社界、小稜線或小溪流，與要存置林野35、準要存置林野138及要存置林野36相連。西側以稜線與要存置林野37連接。南側以大武溪與要存置林野32及準要存置林野137相鄰，局部區域以溪畔為界。", "林        況": "與番號29相同。", "參  考  事  項": null }, "geometry": { "type": "MultiPolygon", "coordinates": [ [ [ [ 120.84801419840413, 22.401791996555602 ], [ 120.848775591263617, 22.401365559459769 ], [ 120.849582670044597, 22.400954348632101 ], [ 120.850595328896262, 22.400497441941962 ], [ 120.851353415052102, 22.400193010202315 ], [ 120.851227979540951, 22.39991936988439 ], [ 120.850352229998776, 22.397844524666471 ], [ 120.850104715617007, 22.396911788801937 ], [ 120.849902409163874, 22.395957635549024 ], [ 120.849879508696802, 22.395905033799163 ], [ 120.849550207017387, 22.395148636798936 ], [ 120.849112320201428, 22.393901821735117 ], [ 120.848943825873988, 22.392679541350116 ], [ 120.848761035714347, 22.391811523563764 ], [ 120.848768584569626, 22.390676996818893 ], [ 120.849118750229579, 22.389176968015544 ], [ 120.849397889881942, 22.388365082484327 ], [ 120.850288664770559, 22.386914519539367 ], [ 120.851065269780506, 22.386206353693531 ], [ 120.852378654349408, 22.385155518946334 ], [ 120.85281264058473, 22.384778590940378 ], [ 120.854445809950363, 22.383544997787972 ], [ 120.855403347753537, 22.382853859882257 ], [ 120.856514969851673, 22.382031463319542 ], [ 120.857184972481392, 22.381254774360947 ], [ 120.857225379291748, 22.381161317979672 ], [ 120.857428593631226, 22.380691306202504 ], [ 120.857641725666724, 22.379564383527146 ], [ 120.857580757953116, 22.378620216988811 ], [ 120.857550268840754, 22.378056762471175 ], [ 120.857382725472192, 22.377508543313905 ], [ 120.857347977779469, 22.376782945099574 ], [ 120.857311828488619, 22.376028078801394 ], [ 120.857073826967962, 22.375009681931349 ], [ 120.856873904532662, 22.374134050742672 ], [ 120.858349083427996, 22.372963283237436 ], [ 120.859976538688045, 22.371668776267462 ], [ 120.860977893682588, 22.370494621787891 ], [ 120.861343339883064, 22.369900690501151 ], [ 120.862119923241167, 22.368815618311867 ], [ 120.863124940358333, 22.367879013043432 ], [ 120.864792382073574, 22.366793896560402 ], [ 120.866528365140297, 22.365948626199732 ], [ 120.86698520572628, 22.365777282394859 ], [ 120.867461194072604, 22.365717005832625 ], [ 120.867424149226906, 22.365655888701262 ], [ 120.866373372216231, 22.365290455967521 ], [ 120.865151289420908, 22.365153459867727 ], [ 120.863460946741142, 22.365222072357962 ], [ 120.862547256368316, 22.36540486028742 ], [ 120.861565043680557, 22.365679022872573 ], [ 120.860754136117265, 22.365713327415328 ], [ 120.860125980548389, 22.365953208177586 ], [ 120.858698360341762, 22.366604299313462 ], [ 120.857784687689005, 22.367095465209733 ], [ 120.857190785393612, 22.367152601775476 ], [ 120.85698521122967, 22.367301090277703 ], [ 120.856277124558829, 22.367849352983399 ], [ 120.855500489306181, 22.368032134105245 ], [ 120.854107112513674, 22.368329159961931 ], [ 120.852987847957067, 22.368660436406152 ], [ 120.851811489569556, 22.369208722409205 ], [ 120.851354648312366, 22.369368644817534 ], [ 120.851009237640966, 22.369699628968149 ], [ 120.850217384539519, 22.370065153352062 ], [ 120.849486416808148, 22.369943361375867 ], [ 120.848968639824378, 22.369714959003776 ], [ 120.84895010902936, 22.369690253779591 ], [ 120.848917200783177, 22.369798600275466 ], [ 120.848825871741354, 22.370512442709721 ], [ 120.84876879466249, 22.371020698127587 ], [ 120.848545912158329, 22.371411035773527 ], [ 120.848005346948497, 22.37212680412302 ], [ 120.847860698219378, 22.372484682048956 ], [ 120.847875993571336, 22.373649664731392 ], [ 120.847716111239961, 22.373916172165533 ], [ 120.847183148822083, 22.374433969098785 ], [ 120.846787234096126, 22.37482231661032 ], [ 120.846596894630281, 22.37508121128991 ], [ 120.846551983221914, 22.375293651682284 ], [ 120.846559651269786, 22.376230206621948 ], [ 120.846590139066038, 22.376770818339519 ], [ 120.846384574319572, 22.377083013674298 ], [ 120.845866825360943, 22.377341924645251 ], [ 120.845432837137608, 22.377684588429435 ], [ 120.845113060653006, 22.37801201799013 ], [ 120.844950517086943, 22.378343246863245 ], [ 120.844773508889944, 22.378714451379057 ], [ 120.844779249091133, 22.379228414382123 ], [ 120.844693618215416, 22.379725249822449 ], [ 120.844425244199883, 22.380170698027364 ], [ 120.843979833073988, 22.380484808868125 ], [ 120.843380227688627, 22.38067329191141 ], [ 120.842264399069279, 22.381170940045568 ], [ 120.841790424930082, 22.381313731212884 ], [ 120.841099441562903, 22.381365161927317 ], [ 120.840562635039518, 22.381239553168175 ], [ 120.84023141220959, 22.381131066288646 ], [ 120.839637506934722, 22.381136806545921 ], [ 120.839345788685876, 22.381133489818843 ], [ 120.838898481679692, 22.381580850502097 ], [ 120.838118069877694, 22.382294727250226 ], [ 120.837651727435741, 22.382742088883205 ], [ 120.836966464332846, 22.382961033279766 ], [ 120.836309752740036, 22.383151422739342 ], [ 120.835932853185028, 22.383187609284125 ], [ 120.835460779187201, 22.383271389760033 ], [ 120.834731041652091, 22.383715742591633 ], [ 120.834319899453959, 22.38411931942343 ], [ 120.833809767728781, 22.384431529929099 ], [ 120.83356612247033, 22.384576213207023 ], [ 120.833208265251443, 22.384732323576184 ], [ 120.832637219252675, 22.385029308572914 ], [ 120.832332659282869, 22.385151152069735 ], [ 120.831990027125613, 22.385250154648382 ], [ 120.831556039773645, 22.385608046994179 ], [ 120.831442416218721, 22.38566947347763 ], [ 120.831352941930447, 22.385951720887764 ], [ 120.831278303470199, 22.386188390590682 ], [ 120.831459864846622, 22.3865025950826 ], [ 120.832002428473771, 22.387435316297001 ], [ 120.832364158745008, 22.388425153544961 ], [ 120.833097135370252, 22.390376274047668 ], [ 120.833984794198457, 22.392662097515679 ], [ 120.834793907659147, 22.394527553668372 ], [ 120.835357509343766, 22.395803114314429 ], [ 120.835576479897043, 22.396897654891163 ], [ 120.835728783120445, 22.397240289509654 ], [ 120.836214202091654, 22.39750676482792 ], [ 120.836228912115772, 22.397516178283386 ], [ 120.836452153814577, 22.397659038401795 ], [ 120.836889985291464, 22.397944551767196 ], [ 120.837746600199367, 22.398296669149889 ], [ 120.838279614885948, 22.398686874002003 ], [ 120.838688894304042, 22.398991424465258 ], [ 120.839278993917219, 22.399010430756203 ], [ 120.840221243612802, 22.398934241121282 ], [ 120.840935076846748, 22.39901034828361 ], [ 120.841506161305176, 22.399381515558975 ], [ 120.842210489428538, 22.399676533487089 ], [ 120.843162270541029, 22.399838289347574 ], [ 120.843220467434762, 22.399919694845423 ], [ 120.844153149883098, 22.398971482146973 ], [ 120.845354216129763, 22.397760435981624 ], [ 120.845742521915128, 22.397463460075983 ], [ 120.845514168390352, 22.398708404757969 ], [ 120.845719850436765, 22.400433026900426 ], [ 120.845925472618276, 22.401118301051632 ], [ 120.846519436770024, 22.402134776650087 ], [ 120.846668995193966, 22.402336570183408 ], [ 120.84801419840413, 22.401791996555602 ] ] ] ] } },
{ "type": "Feature", "properties": { "番號": "36", "類型": null, "分區": "要", "郡\n支廳": "〃", "庄 (區)": null, "大字": null, "地名": "西Tebaobao社蕃地", "土地\n類型": "山林", "面積\n(公頃)": "32", "區分理由": "第七條第三號 (八)", "地        況": "東向及南向陡坡地。基岩及土壤狀況等，與番號28相同。周圍由下列各處所圍繞：\n東北側以稜線，為準要存置林野139環繞。西側以稜線，為要存置林野37環繞。南側以蕃社界，為要存置林野33環繞。", "林        況": "大部分為蕃人開墾舊跡，現僅有少數闊葉樹存在於此。", "參  考  事  項": null }, "geometry": { "type": "MultiPolygon", "coordinates": [ [ [ [ 120.839868890812781, 22.404184298604438 ], [ 120.841058505757857, 22.402451992672244 ], [ 120.841897589446901, 22.401379607701902 ], [ 120.843001573450465, 22.40014223367049 ], [ 120.843220467434762, 22.399919694845423 ], [ 120.843162270541029, 22.399838289347574 ], [ 120.842210489428538, 22.399676533487089 ], [ 120.841506161305176, 22.399381515558975 ], [ 120.840935076846748, 22.39901034828361 ], [ 120.840221243612802, 22.398934241121282 ], [ 120.839278993917219, 22.399010430756203 ], [ 120.838688894304042, 22.398991424465258 ], [ 120.838279614885948, 22.398686874002003 ], [ 120.837746600199367, 22.398296669149889 ], [ 120.836889985291464, 22.397944551767196 ], [ 120.836452153814577, 22.397659038401795 ], [ 120.836228912115772, 22.397516178283386 ], [ 120.836546118975718, 22.398648825520986 ], [ 120.837231494456617, 22.400381038076851 ], [ 120.837831202258769, 22.401970487312155 ], [ 120.838221495595249, 22.403131644223265 ], [ 120.838778749656313, 22.403537710928106 ], [ 120.839380296633706, 22.404009765775935 ], [ 120.839695151703481, 22.404456374128667 ], [ 120.839868890812781, 22.404184298604438 ] ] ] ] } },
{ "type": "Feature", "properties": { "番號": "35", "類型": null, "分區": "要", "郡\n支廳": "〃", "庄 (區)": null, "大字": null, "地名": "西Tebaobao社蕃地", "土地\n類型": "山林", "面積\n(公頃)": "23", "區分理由": "第七條第三號 (八)", "地        況": "南向陡坡地。基岩及土壤等狀況等，與番號28相同。周圍以小稜線或蕃社界，為要存置林野33、16及準要存置林野139、136所圍繞。", "林        況": "與番號6相同。", "參  考  事  項": null }, "geometry": { "type": "MultiPolygon", "coordinates": [ [ [ [ 120.850538770207919, 22.40422072807538 ], [ 120.852223740667895, 22.403141955765609 ], [ 120.85270912836836, 22.402865914268929 ], [ 120.853129961958274, 22.402649338697294 ], [ 120.852946080832041, 22.402579520220147 ], [ 120.852408302640754, 22.402108413991552 ], [ 120.851856227860353, 22.40128990736314 ], [ 120.851353415052102, 22.400193010202315 ], [ 120.850595328896262, 22.400497441941962 ], [ 120.849582670044597, 22.400954348632101 ], [ 120.848775591263617, 22.401365559459769 ], [ 120.84801419840413, 22.401791996555602 ], [ 120.846668995193966, 22.402336570183408 ], [ 120.847388352981625, 22.403307172476794 ], [ 120.848197401218826, 22.404040005762695 ], [ 120.849311023005555, 22.404887037940028 ], [ 120.850538770207919, 22.40422072807538 ] ] ] ] } },
{ "type": "Feature", "properties": { "番號": "37", "類型": null, "分區": "要", "郡\n支廳": "大武", "庄 (區)": null, "大字": null, "地名": "Chiyokakurai社蕃地", "土地\n類型": "山林", "面積\n(公頃)": "170", "區分理由": "第七條第三號 (八)", "地        況": "位於Kuwarun溪匯流點上方左岸。為西向及南向地。地勢、基岩及土壤狀況等，與番號28相同，海拔高度介於167至800公尺。\n東側以稜線與要存置林野33及36相鄰。北側以溪流與準要存置林野140相連。西側及南側以溪流與要存置林野38鄰接。", "林        況": "約30公頃為蕃人的現耕地及其開墾舊跡。其餘區域為栲櫧植物、櫟屬植物類為主要樹種的闊葉原生林，還有油杉零星分布生長。", "參  考  事  項": null }, "geometry": { "type": "MultiPolygon", "coordinates": [ [ [ [ 120.839695151703481, 22.404456374128667 ], [ 120.839380296633706, 22.404009765775935 ], [ 120.838778749656313, 22.403537710928106 ], [ 120.838221495595249, 22.403131644223265 ], [ 120.837831202258769, 22.401970487312155 ], [ 120.837231494456617, 22.400381038076851 ], [ 120.836546118975718, 22.398648825520986 ], [ 120.836228912115772, 22.397516178283386 ], [ 120.836214202091654, 22.39750676482792 ], [ 120.835728783120445, 22.397240289509654 ], [ 120.835576479897043, 22.396897654891163 ], [ 120.835357509343766, 22.395803114314429 ], [ 120.834793907659147, 22.394527553668372 ], [ 120.833984794198457, 22.392662097515679 ], [ 120.833097135370252, 22.390376274047668 ], [ 120.832364158745008, 22.388425153544961 ], [ 120.832002428473771, 22.387435316297001 ], [ 120.831459864846622, 22.3865025950826 ], [ 120.831278303470199, 22.386188390590682 ], [ 120.83117404147923, 22.38651899299623 ], [ 120.831075072111474, 22.38677788314304 ], [ 120.831067479413008, 22.38715098280964 ], [ 120.831014201667458, 22.387524084750424 ], [ 120.83082386834198, 22.387889579242355 ], [ 120.830557386258036, 22.388133249185906 ], [ 120.830285698787947, 22.388335802324239 ], [ 120.830217181736529, 22.388518548244079 ], [ 120.829920248323816, 22.388855494526705 ], [ 120.8295205228969, 22.389181024519807 ], [ 120.829195026467048, 22.389346651122462 ], [ 120.828926633058771, 22.389455167848457 ], [ 120.828715347275178, 22.389586524545365 ], [ 120.8286411195932, 22.389769270750406 ], [ 120.828646842717589, 22.389986277196176 ], [ 120.82842525899521, 22.390342096777463 ], [ 120.828227311497542, 22.390707591652173 ], [ 120.82797605820177, 22.390958875112059 ], [ 120.827633430426644, 22.3911340204087 ], [ 120.827549687657779, 22.391362452715995 ], [ 120.827473565201316, 22.391697484441799 ], [ 120.827328914296672, 22.39201729103695 ], [ 120.82713856782236, 22.392154357396755 ], [ 120.826856849498469, 22.392260971220516 ], [ 120.826523744648057, 22.392526535516069 ], [ 120.826266785983023, 22.392869190517818 ], [ 120.826215402799889, 22.393086199808064 ], [ 120.826026965788117, 22.393326058736307 ], [ 120.825604397838475, 22.393651589874082 ], [ 120.825523177858187, 22.393670932519171 ], [ 120.825467167648739, 22.393917445817326 ], [ 120.825132166764035, 22.394313404605676 ], [ 120.82476669953364, 22.394541850942446 ], [ 120.82457634692058, 22.394572317506096 ], [ 120.824338608686773, 22.394821871223442 ], [ 120.824173022750401, 22.39521020730691 ], [ 120.824087370520573, 22.395335847048937 ], [ 120.823927479100661, 22.39544435837718 ], [ 120.823704774357196, 22.395615690571912 ], [ 120.823584866563209, 22.395884099607756 ], [ 120.823502837743945, 22.396125682313897 ], [ 120.82348763482878, 22.396567310811456 ], [ 120.823425464726981, 22.396781306657154 ], [ 120.823361075295182, 22.39702084215233 ], [ 120.82309459891475, 22.397363497631556 ], [ 120.823054331817801, 22.397790216095181 ], [ 120.823511216837815, 22.398389817212987 ], [ 120.823682862203867, 22.398549153156605 ], [ 120.823868479435504, 22.398926288290941 ], [ 120.824272683099693, 22.399236866979962 ], [ 120.824864719830586, 22.39983836493235 ], [ 120.825081746178412, 22.400226681962501 ], [ 120.825527204345391, 22.40072920168635 ], [ 120.825881277283742, 22.400969033600703 ], [ 120.82631529905629, 22.401208861529952 ], [ 120.826692214518147, 22.401448692304861 ], [ 120.826749330697567, 22.401620010563974 ], [ 120.827000622148489, 22.402031168699988 ], [ 120.82734328435312, 22.402453743690547 ], [ 120.827652944032536, 22.402741484270614 ], [ 120.827969898920728, 22.402954797941142 ], [ 120.828565253356786, 22.4028282523137 ], [ 120.829718794885011, 22.402725402195095 ], [ 120.83092944666717, 22.402691077673655 ], [ 120.83218580323387, 22.402999393082382 ], [ 120.834036100942669, 22.403924434874444 ], [ 120.83644605494662, 22.405100719731546 ], [ 120.837289652845726, 22.405288496398565 ], [ 120.839145609505465, 22.40531695746418 ], [ 120.839695151703481, 22.404456374128667 ] ] ] ] } },
{ "type": "Feature", "properties": { "番號": "16", "類型": null, "分區": "要", "郡\n支廳": "大武", "庄 (區)": "大武", "大字": "大鳥萬", "地名": "大鳥萬", "土地\n類型": "山林", "面積\n(公頃)": "240", "區分理由": "第七條第三號 (口)", "地        況": "大鳥萬溪源頭左岸之南向陡坡地。基岩及土壤狀況等，與番號6相同。海拔高度介於182至740公尺。\n東側以溪流與準要存置林野124連接。北側以稜線與要存置林野34及準要存置林野139鄰接。西側以稜線與要存置林野35及33相鄰。南側以溪流與準要存置林野125毗鄰。", "林        況": "約4成左右的面積為蕃人開墾舊跡及草生地。其餘區域為栲櫧植物、櫟屬植物為主的闊葉林。", "參  考  事  項": "本區域為共同牧場，目前供Chokakurai社及另外2社等共同使用中。\r" }, "geometry": { "type": "MultiPolygon", "coordinates": [ [ [ [ 120.873390042200725, 22.40518512856438 ], [ 120.87320725114121, 22.404301882279714 ], [ 120.87270463144749, 22.402839967358883 ], [ 120.87223250091337, 22.401941506942201 ], [ 120.872186742183317, 22.40066231176047 ], [ 120.871720163878123, 22.397013481347727 ], [ 120.871310700658967, 22.393957228699826 ], [ 120.870891825744522, 22.392301145701701 ], [ 120.870716557311312, 22.391882509873856 ], [ 120.870375468621887, 22.39193711409488 ], [ 120.869334077154988, 22.392031551167374 ], [ 120.868801084437294, 22.392022059863049 ], [ 120.86834424606144, 22.392231475047712 ], [ 120.868115837833088, 22.392526539405509 ], [ 120.86782079078759, 22.392564625447303 ], [ 120.867668501830011, 22.392469454645905 ], [ 120.86736394419097, 22.39263127305896 ], [ 120.866859515582917, 22.392812137099543 ], [ 120.866364611267898, 22.393107214726054 ], [ 120.86601245353279, 22.393069160905 ], [ 120.865764998908944, 22.393173869446223 ], [ 120.865374781812193, 22.39333569212528 ], [ 120.864851326535856, 22.393668842528328 ], [ 120.864346886416655, 22.393649831965902 ], [ 120.864194611158382, 22.39379260712283 ], [ 120.86357600117735, 22.394515993638635 ], [ 120.863452019178624, 22.394553055929059 ], [ 120.861655097797993, 22.394964316015194 ], [ 120.858929265594782, 22.395695421729059 ], [ 120.855518136658716, 22.396061076574501 ], [ 120.853005467967037, 22.396213487104106 ], [ 120.850553698621709, 22.396122237933792 ], [ 120.849879508696802, 22.395905033799163 ], [ 120.849902409163874, 22.395957635549024 ], [ 120.850104715617007, 22.396911788801937 ], [ 120.850352229998776, 22.397844524666471 ], [ 120.851227979540951, 22.39991936988439 ], [ 120.851353415052102, 22.400193010202315 ], [ 120.851856227860353, 22.40128990736314 ], [ 120.852408302640754, 22.402108413991552 ], [ 120.852946080832041, 22.402579520220147 ], [ 120.853129961958274, 22.402649338697294 ], [ 120.853697996978042, 22.402865017928928 ], [ 120.854773519909514, 22.40322664222759 ], [ 120.855382660966484, 22.403350343789686 ], [ 120.856140094248445, 22.403581399184429 ], [ 120.857430728339381, 22.404129562401554 ], [ 120.858824149828166, 22.404609192058533 ], [ 120.859603704227041, 22.404810068881517 ], [ 120.859932028600511, 22.404894672030562 ], [ 120.860902844998989, 22.405054523360256 ], [ 120.861999281446273, 22.40497451890284 ], [ 120.864055108414249, 22.404974416501165 ], [ 120.866034471321385, 22.404886595164633 ], [ 120.86745261011086, 22.404867488850499 ], [ 120.870003374253727, 22.405143379108733 ], [ 120.871828408465717, 22.405350301185976 ], [ 120.872780192253316, 22.405559646218908 ], [ 120.873408435707788, 22.40576348078762 ], [ 120.873390042200725, 22.40518512856438 ] ] ] ] } },
{ "type": "Feature", "properties": { "番號": "15", "類型": null, "分區": "要", "郡\n支廳": "〃", "庄 (區)": "〃", "大字": "拔子洞", "地名": "拔子洞", "土地\n類型": "山林", "面積\n(公頃)": "198", "區分理由": "第七條第二號", "地        況": "Katsurin溪中游右岸之北向地，地勢與番號13相同。基岩及土壤狀況等，與番號6相同。\n海拔高度介於60至730公尺。東側以稜線與要存置林野13鄰接。北側部分區域以Katsurin溪流與準要存置林野121相鄰，部分區域則以稜線與要存置林野34毗鄰。西側及南側與準要存置林野124、123及122連接。", "林        況": "同番號6。", "參  考  事  項": "依據治水調查結果，選定為施業限制預定地。(詳情參見〈治水調查復命書〉)\r" }, "geometry": { "type": "MultiPolygon", "coordinates": [ [ [ [ 120.902098022945495, 22.411479062965359 ], [ 120.902535789633617, 22.410641471438517 ], [ 120.902916462091682, 22.410013275186657 ], [ 120.903411330694126, 22.409099538117193 ], [ 120.904067967572132, 22.407614722733015 ], [ 120.904629420163062, 22.406006180206152 ], [ 120.904713459645677, 22.405421622159658 ], [ 120.904922818151576, 22.404879094987749 ], [ 120.904960869825388, 22.404545968776151 ], [ 120.905094082762716, 22.403936820534454 ], [ 120.905221938262542, 22.403242515486301 ], [ 120.904575594405429, 22.402373382899253 ], [ 120.904250083786749, 22.402291545706721 ], [ 120.903116114916699, 22.402106715334551 ], [ 120.902849062759302, 22.402063187376246 ], [ 120.901250080240573, 22.401956667225448 ], [ 120.899179022481263, 22.40191108474523 ], [ 120.897899843122232, 22.40194160553045 ], [ 120.896712053138202, 22.402307149654138 ], [ 120.895585172151826, 22.402596548043874 ], [ 120.89454964720673, 22.402642285237505 ], [ 120.893240015526302, 22.402748950244785 ], [ 120.891793322578948, 22.402749022294927 ], [ 120.890042054792985, 22.402612052648465 ], [ 120.888839004858482, 22.402429370076252 ], [ 120.887514138671591, 22.4024294360586 ], [ 120.886204499950168, 22.402414272741876 ], [ 120.885534444784142, 22.402277249245802 ], [ 120.884031381073157, 22.401951077644945 ], [ 120.883736680436542, 22.40213293766114 ], [ 120.883056189168656, 22.402575551020263 ], [ 120.882551774294029, 22.40299436101629 ], [ 120.881470612417303, 22.403875766669085 ], [ 120.881270749133463, 22.404028062032925 ], [ 120.880471306416737, 22.404818082413087 ], [ 120.879690905715506, 22.405722315905251 ], [ 120.879403808940026, 22.406087180667257 ], [ 120.8787478776824, 22.40689184630482 ], [ 120.878400501849868, 22.407253541458683 ], [ 120.879452209586319, 22.407253489068978 ], [ 120.880099417088033, 22.4073010460198 ], [ 120.880437457450327, 22.407349252893773 ], [ 120.88112274053519, 22.407478661355235 ], [ 120.882348633454512, 22.407668957049978 ], [ 120.883216661089961, 22.407874499111873 ], [ 120.884221751745756, 22.408217091213047 ], [ 120.885112630673532, 22.408574917543277 ], [ 120.886041584855676, 22.40900888467959 ], [ 120.886955540747152, 22.409306033640551 ], [ 120.888029154348956, 22.409568672483982 ], [ 120.889171290901501, 22.409751358073517 ], [ 120.890393371664615, 22.409854089841232 ], [ 120.891535497679271, 22.409854032942331 ], [ 120.891999812910939, 22.409825436100878 ], [ 120.89218083528381, 22.409612062078683 ], [ 120.89225698232741, 22.40959778037853 ], [ 120.892485398928983, 22.40955493987866 ], [ 120.892808987585894, 22.409316977811297 ], [ 120.893313421088081, 22.409221774303184 ], [ 120.893628936211556, 22.409270585093399 ], [ 120.894302787264209, 22.409213444497102 ], [ 120.894417005130407, 22.409304810050532 ], [ 120.894805330604569, 22.409350476326829 ], [ 120.895068018269129, 22.409327620429806 ], [ 120.895319292571614, 22.409441821966062 ], [ 120.89562768436366, 22.409750184548326 ], [ 120.895753320198637, 22.409784442505636 ], [ 120.896198748022456, 22.409761577504497 ], [ 120.896518541327552, 22.409727297357122 ], [ 120.896838337923541, 22.409750124236282 ], [ 120.897352309103141, 22.410001369549235 ], [ 120.897660685755056, 22.410047039807708 ], [ 120.898231743486676, 22.409955640116088 ], [ 120.898620066982829, 22.409967042175829 ], [ 120.898848496130611, 22.410035559227822 ], [ 120.899145461394824, 22.410252551134491 ], [ 120.899373894491873, 22.410389596617854 ], [ 120.899842172072013, 22.410492365936499 ], [ 120.900104863024282, 22.410526617065415 ], [ 120.900207666869704, 22.410743618644318 ], [ 120.900413262054386, 22.410960615101924 ], [ 120.900858703038097, 22.411166178205082 ], [ 120.901349833668661, 22.411451688868357 ], [ 120.901783859974444, 22.41177146659183 ], [ 120.901872021278891, 22.411795506119802 ], [ 120.902098022945495, 22.411479062965359 ] ] ] ] } },
{ "type": "Feature", "properties": { "番號": "34", "類型": null, "分區": "要", "郡\n支廳": "大武", "庄 (區)": null, "大字": null, "地名": "Kaguburan社蕃地", "土地\n類型": "山林", "面積\n(公頃)": "183", "區分理由": "第七條第三號 (八)", "地        況": "位於Katsurin溪上游右岸。為北向地。地勢、基岩及土壤狀況等，與番號28相同，海拔高度介於136至793公尺。\n北側以Katsurin溪與準要存置林野142相鄰。西側以溪流與準要存置林野139相連。南側以稜線與要存置林野16、準要存置林野124及要存置林野15鄰接。", "林        況": "與番號6相同。", "參  考  事  項": null }, "geometry": { "type": "MultiPolygon", "coordinates": [ [ [ [ 120.879614625963768, 22.413551361511406 ], [ 120.88029990290751, 22.413574170177743 ], [ 120.880737350302226, 22.413666940298818 ], [ 120.880856883779956, 22.413569350159868 ], [ 120.881229965119658, 22.413340903455158 ], [ 120.881732498821961, 22.413310421333655 ], [ 120.88199899972598, 22.413394165030375 ], [ 120.882349253731832, 22.413429204948788 ], [ 120.88259670285214, 22.413229318018967 ], [ 120.882929813619754, 22.41306749817371 ], [ 120.883139203941752, 22.413077005578714 ], [ 120.883453293539063, 22.413162650471765 ], [ 120.883776895366992, 22.413153116509843 ], [ 120.884052899283432, 22.412981781672322 ], [ 120.884309869960148, 22.412848519135846 ], [ 120.884681059823365, 22.412829464964908 ], [ 120.884766714886993, 22.412753317992681 ], [ 120.885128384838467, 22.412696192944328 ], [ 120.885499559888558, 22.412420157147253 ], [ 120.88580412298947, 22.412353517106471 ], [ 120.886299041525305, 22.412305903257369 ], [ 120.886479868820075, 22.412144091001576 ], [ 120.886898637391283, 22.411953713376786 ], [ 120.887288863783155, 22.411953693934482 ], [ 120.887469705341005, 22.412039345466326 ], [ 120.887726683696499, 22.412039332662822 ], [ 120.887993189094431, 22.412201122630567 ], [ 120.888202578316623, 22.412191594359992 ], [ 120.888526176300715, 22.412115435533323 ], [ 120.888792664143381, 22.411972654686281 ], [ 120.889135301949423, 22.411972637615026 ], [ 120.889401796923337, 22.411953588661728 ], [ 120.889611179013244, 22.411820328498255 ], [ 120.889820565491732, 22.411763211038402 ], [ 120.890010902273588, 22.411458630741009 ], [ 120.890305935586142, 22.411182598741487 ], [ 120.890620017497781, 22.411134993903985 ], [ 120.890791329268808, 22.411011253475877 ], [ 120.890829390262098, 22.410839930496916 ], [ 120.891048296102539, 22.410811366077233 ], [ 120.891086349964766, 22.410516311205765 ], [ 120.891505122372152, 22.410392558449846 ], [ 120.891790637967944, 22.41011652692621 ], [ 120.891914357315443, 22.409926164004634 ], [ 120.891999812910939, 22.409825436100878 ], [ 120.891535497679271, 22.409854032942331 ], [ 120.890393371664615, 22.409854089841232 ], [ 120.889171290901501, 22.409751358073517 ], [ 120.888029154348956, 22.409568672483982 ], [ 120.886955540747152, 22.409306033640551 ], [ 120.886041584855676, 22.40900888467959 ], [ 120.885112630673532, 22.408574917543277 ], [ 120.884221751745756, 22.408217091213047 ], [ 120.883216661089961, 22.407874499111873 ], [ 120.882348633454512, 22.407668957049978 ], [ 120.88112274053519, 22.407478661355235 ], [ 120.880437457450327, 22.407349252893773 ], [ 120.880099417088033, 22.4073010460198 ], [ 120.879452209586319, 22.407253489068978 ], [ 120.878400501849868, 22.407253541458683 ], [ 120.878053126017491, 22.40761523661315 ], [ 120.877872294877193, 22.407710424002911 ], [ 120.87728218435069, 22.407501060959266 ], [ 120.875549901149938, 22.406482738563668 ], [ 120.874217394422331, 22.406025948704031 ], [ 120.873408435707788, 22.40576348078762 ], [ 120.872780192253316, 22.405559646218908 ], [ 120.871828408465717, 22.405350301185976 ], [ 120.870003374253727, 22.405143379108733 ], [ 120.86745261011086, 22.404867488850499 ], [ 120.866034471321385, 22.404886595164633 ], [ 120.864055108414249, 22.404974416501165 ], [ 120.861999281446273, 22.40497451890284 ], [ 120.860902844998989, 22.405054523360256 ], [ 120.859932028600511, 22.404894672030562 ], [ 120.859603704227041, 22.404810068881517 ], [ 120.859857069735085, 22.405216464366603 ], [ 120.860342502393877, 22.405720885627563 ], [ 120.861670128388383, 22.40681473639907 ], [ 120.862212666511454, 22.40730456079319 ], [ 120.863307248993166, 22.408084969020049 ], [ 120.864582673589425, 22.408960546618715 ], [ 120.865962796914971, 22.409902743866287 ], [ 120.866952684501697, 22.410683157298358 ], [ 120.8677904099617, 22.41131944494213 ], [ 120.868094628018241, 22.411231105812263 ], [ 120.86944995008453, 22.411215809744636 ], [ 120.870531188221619, 22.411657383572852 ], [ 120.87109464673847, 22.411824869453586 ], [ 120.871444918043963, 22.412159879910696 ], [ 120.872571814885831, 22.412144595221893 ], [ 120.873321431083156, 22.412158263559657 ], [ 120.874257983012612, 22.412306695173115 ], [ 120.874657735033821, 22.412443732126345 ], [ 120.874886176704095, 22.412729255891904 ], [ 120.875537188557487, 22.41272922345475 ], [ 120.8757770488548, 22.412969061027287 ], [ 120.876530873777469, 22.413345929860679 ], [ 120.877490262954026, 22.413402989086542 ], [ 120.87860954450818, 22.413368669098823 ], [ 120.878952196148504, 22.413608501547479 ], [ 120.879294838571283, 22.413688434315329 ], [ 120.879614625963768, 22.413551361511406 ] ] ] ] } },
{ "type": "Feature", "properties": { "番號": "13", "類型": null, "分區": "要", "郡\n支廳": "〃", "庄 (區)": "〃", "大字": "獅子獅", "地名": "獅子獅", "土地\n類型": "山林", "面積\n(公頃)": "127", "區分理由": "第七條第二號", "地        況": "位於Katsurin溪下游右岸之北向地，溪畔處可見斷崖與崩塌，整體地形多為陡坡地。基岩及土壤狀況等，與番號6相同。海拔高度在515公尺以下。\n東側以山麓為界。北側以Katsurin溪溪畔為界。西側以稜線與要存置林野15相鄰。南側以稜線與準要存置林野122鄰接。", "林        況": "同番號8。", "參  考  事  項": "依據治水調查結果，選定為施業限制預定地。(詳情參見〈治水調查復命書〉)\r" }, "geometry": { "type": "MultiPolygon", "coordinates": [ [ [ [ 120.922222372557755, 22.414721421703003 ], [ 120.922964752214554, 22.414683313363977 ], [ 120.923754707283024, 22.414416774559857 ], [ 120.925115730247441, 22.414235867838556 ], [ 120.925505945630348, 22.414045491651155 ], [ 120.925639172258244, 22.413674289360689 ], [ 120.925515408486092, 22.413093707455076 ], [ 120.925344072592409, 22.412798663036643 ], [ 120.925125088326737, 22.41146617673224 ], [ 120.924991830977859, 22.411304380137722 ], [ 120.924020968545065, 22.410343126941321 ], [ 120.923916224853343, 22.409496044643177 ], [ 120.92384959755033, 22.409438940938646 ], [ 120.92376391342512, 22.409010642530369 ], [ 120.923681497815565, 22.408655313095259 ], [ 120.923481322370677, 22.408810306492875 ], [ 120.92262155700034, 22.408838902832606 ], [ 120.921098725171731, 22.408886567877179 ], [ 120.919138069620459, 22.408781969334392 ], [ 120.917443902434101, 22.408544107792821 ], [ 120.915226258655125, 22.408268200976256 ], [ 120.913693897565167, 22.408115991908655 ], [ 120.91246801450265, 22.408095113730916 ], [ 120.910549227099551, 22.407821095590972 ], [ 120.909270014432721, 22.407272931869571 ], [ 120.908162106838276, 22.406484910106094 ], [ 120.907145548921022, 22.405342820231951 ], [ 120.905569320984881, 22.403709637807999 ], [ 120.905221938262542, 22.403242515486301 ], [ 120.905094082762716, 22.403936820534454 ], [ 120.904960869825388, 22.404545968776151 ], [ 120.904922818151576, 22.404879094987749 ], [ 120.904713459645677, 22.405421622159658 ], [ 120.904629420163062, 22.406006180206152 ], [ 120.904067967572132, 22.407614722733015 ], [ 120.903411330694126, 22.409099538117193 ], [ 120.902916462091682, 22.410013275186657 ], [ 120.902535789633617, 22.410641471438517 ], [ 120.902098022945495, 22.411479062965359 ], [ 120.901872021278891, 22.411795506119802 ], [ 120.902160767473589, 22.411874240460982 ], [ 120.902537668389698, 22.411862800277916 ], [ 120.902880309475478, 22.411919890233126 ], [ 120.903074481424767, 22.412102623042706 ], [ 120.903348602851054, 22.412296773274072 ], [ 120.90354276492576, 22.412308185005799 ], [ 120.90387398343438, 22.412342432719168 ], [ 120.904079577959934, 22.412548007769683 ], [ 120.904353701360733, 22.412776422216062 ], [ 120.904833396245564, 22.412810662531466 ], [ 120.904981862747647, 22.41263933405661 ], [ 120.905255976931372, 22.41270784883039 ], [ 120.905415873909575, 22.412696419458655 ], [ 120.905678547084051, 22.412422292647598 ], [ 120.90596406804444, 22.412239535939488 ], [ 120.906096173367374, 22.412245273126146 ], [ 120.906140440976301, 22.411882100263114 ], [ 120.906654385046252, 22.411663164392635 ], [ 120.907434834500719, 22.411606018484349 ], [ 120.908034456667721, 22.411710684824158 ], [ 120.908215301507411, 22.411853443378124 ], [ 120.909014790779977, 22.41187243922181 ], [ 120.909262256890869, 22.411967605268398 ], [ 120.909802877332851, 22.412213138542853 ], [ 120.910431055169056, 22.412361585511476 ], [ 120.911538935122536, 22.412669908250475 ], [ 120.911858740264748, 22.412841213392049 ], [ 120.912406972572882, 22.413046771367721 ], [ 120.913788950899743, 22.413149495157835 ], [ 120.914131594609714, 22.413252270730901 ], [ 120.91528517341672, 22.413800440692608 ], [ 120.916324531726787, 22.41421155948407 ], [ 120.91719257048527, 22.414611265405245 ], [ 120.91776364464738, 22.414805400833846 ], [ 120.918643083594489, 22.414839621229145 ], [ 120.920253481820197, 22.414850962393402 ], [ 120.921318197761323, 22.41486423431467 ], [ 120.922222372557755, 22.414721421703003 ] ] ] ] } },
{ "type": "Feature", "properties": { "番號": "38", "類型": null, "分區": "要", "郡\n支廳": "〃", "庄 (區)": null, "大字": null, "地名": "Chiyokakurai社蕃地", "土地\n類型": "山林", "面積\n(公頃)": null, "區分理由": "第七條第一號", "地        況": "位於大武溪上游支流Kuwarun溪源頭。為東向地。溪畔及其他區域，崩塌地及斷崖絕壁甚多，但整體多為陡坡與險峻地。基岩為下部黏板岩。土壤質地為黏質壤土，其中摻雜石礫，濕度濕潤，結合度較軟。地力雖說尚可，惟相較之下瘠惡之處較多。海拔高度介於167至1,650公尺。\n東側以溪流與要存置林野37及準要存置林野140相鄰。北側以稜線與要存置林野39為界。西北側以中央山脈與高雄州為界。南側以溪流與要存置林野30及準要存置林野134連接。", "林        況": "約30公頃為蕃人的現耕地及其開墾舊跡。其餘的區域為肖楠、栲櫧植物、櫟屬植物類為主要樹種的闊葉原生林，亦有油杉零星分布生長。", "參  考  事  項": "依據治水調查之結果，選定編入為水源涵養保安林預定地之一部分。(詳情參見〈保安林編入調書〉)\r" }, "geometry": { "type": "MultiPolygon", "coordinates": [ [ [ [ 120.824873607897118, 22.422458015271037 ], [ 120.825593142131495, 22.422366608144756 ], [ 120.826198457816133, 22.422172414048479 ], [ 120.826929398158924, 22.421818313990784 ], [ 120.827614652135878, 22.421441373397339 ], [ 120.828722464477778, 22.420573291238188 ], [ 120.829683704398221, 22.419712830660604 ], [ 120.831165733411282, 22.419735631330191 ], [ 120.832298334188323, 22.419602325128935 ], [ 120.832831316524803, 22.419430977458525 ], [ 120.83391948572843, 22.419028001365085 ], [ 120.834918825272652, 22.418666273670286 ], [ 120.835670714572942, 22.418485397252532 ], [ 120.835872943984057, 22.418392357993827 ], [ 120.835277985101229, 22.417335917486135 ], [ 120.834382051230676, 22.415146383257163 ], [ 120.832508758877381, 22.411582997649155 ], [ 120.831283710437503, 22.40953386792825 ], [ 120.830960101877494, 22.408979874599652 ], [ 120.830962892499613, 22.408304813620553 ], [ 120.830582133583221, 22.407433950310811 ], [ 120.830039589638716, 22.406843871314514 ], [ 120.82986125472425, 22.406213481986633 ], [ 120.829617579199279, 22.405832780560456 ], [ 120.829285696463756, 22.405283935037041 ], [ 120.829259663415428, 22.404972385732471 ], [ 120.829259645427356, 22.404660200610657 ], [ 120.829061661094158, 22.404386096707675 ], [ 120.82874121190649, 22.404050450207478 ], [ 120.828415684554983, 22.403679270695836 ], [ 120.828307798144365, 22.403350593361466 ], [ 120.828048896466512, 22.403007964044814 ], [ 120.827969898920728, 22.402954797941142 ], [ 120.827652944032536, 22.402741484270614 ], [ 120.82734328435312, 22.402453743690547 ], [ 120.827000622148489, 22.402031168699988 ], [ 120.826749330697567, 22.401620010563974 ], [ 120.826692214518147, 22.401448692304861 ], [ 120.82631529905629, 22.401208861529952 ], [ 120.825881277283742, 22.400969033600703 ], [ 120.825527204345391, 22.40072920168635 ], [ 120.825081746178412, 22.400226681962501 ], [ 120.824864719830586, 22.39983836493235 ], [ 120.824272683099693, 22.399236866979962 ], [ 120.823868479435504, 22.398926288290941 ], [ 120.823682862203867, 22.398549153156605 ], [ 120.823511216837815, 22.398389817212987 ], [ 120.823054331817801, 22.397790216095181 ], [ 120.82309459891475, 22.397363497631556 ], [ 120.823361075295182, 22.39702084215233 ], [ 120.823425464726981, 22.396781306657154 ], [ 120.82348763482878, 22.396567310811456 ], [ 120.823502837743945, 22.396125682313897 ], [ 120.823584866563209, 22.395884099607756 ], [ 120.823704774357196, 22.395615690571912 ], [ 120.823927479100661, 22.39544435837718 ], [ 120.824087370520573, 22.395335847048937 ], [ 120.824173022750401, 22.39521020730691 ], [ 120.824338608686773, 22.394821871223442 ], [ 120.82457634692058, 22.394572317506096 ], [ 120.82476669953364, 22.394541850942446 ], [ 120.825132166764035, 22.394313404605676 ], [ 120.825467167648739, 22.393917445817326 ], [ 120.825523177858187, 22.393670932519171 ], [ 120.825604397838475, 22.393651589874082 ], [ 120.826026965788117, 22.393326058736307 ], [ 120.826215402799889, 22.393086199808064 ], [ 120.826266785983023, 22.392869190517818 ], [ 120.826523744648057, 22.392526535516069 ], [ 120.826856849498469, 22.392260971220516 ], [ 120.82713856782236, 22.392154357396755 ], [ 120.827328914296672, 22.39201729103695 ], [ 120.827473565201316, 22.391697484441799 ], [ 120.827549687657779, 22.391362452715995 ], [ 120.827633430426644, 22.3911340204087 ], [ 120.82797605820177, 22.390958875112059 ], [ 120.828227311497542, 22.390707591652173 ], [ 120.82842525899521, 22.390342096777463 ], [ 120.828646842717589, 22.389986277196176 ], [ 120.8286411195932, 22.389769270750406 ], [ 120.828715347275178, 22.389586524545365 ], [ 120.828926633058771, 22.389455167848457 ], [ 120.829195026467048, 22.389346651122462 ], [ 120.8295205228969, 22.389181024519807 ], [ 120.829920248323816, 22.388855494526705 ], [ 120.830217181736529, 22.388518548244079 ], [ 120.830285698787947, 22.388335802324239 ], [ 120.830557386258036, 22.388133249185906 ], [ 120.83082386834198, 22.387889579242355 ], [ 120.831014201667458, 22.387524084750424 ], [ 120.831067479413008, 22.38715098280964 ], [ 120.831075072111474, 22.38677788314304 ], [ 120.83117404147923, 22.38651899299623 ], [ 120.831278303470199, 22.386188390590682 ], [ 120.831352941930447, 22.385951720887764 ], [ 120.831442416218721, 22.38566947347763 ], [ 120.83127432407997, 22.385760346439625 ], [ 120.831118948842104, 22.3858725757119 ], [ 120.83100022519065, 22.385958331133367 ], [ 120.830528149434983, 22.386011654528371 ], [ 120.829820027692449, 22.385950775604304 ], [ 120.829538303232795, 22.385950789626627 ], [ 120.829073848224041, 22.386118326711063 ], [ 120.828774738262041, 22.386121768020853 ], [ 120.828325495385869, 22.386007576312704 ], [ 120.827807734579451, 22.386060901982241 ], [ 120.827556471637735, 22.386144671472103 ], [ 120.82722906957909, 22.386274130379615 ], [ 120.827023493437864, 22.38638835468085 ], [ 120.825957506356858, 22.38634272211198 ], [ 120.825508270489863, 22.386350358743723 ], [ 120.825333145349063, 22.386365596003131 ], [ 120.825081889856733, 22.386578808105362 ], [ 120.824838235390288, 22.38656359169056 ], [ 120.824259545842324, 22.386350420898264 ], [ 120.823833141978781, 22.386175313882223 ], [ 120.82349811653873, 22.386144873472389 ], [ 120.823105982092727, 22.386067608136578 ], [ 120.822763345873881, 22.38609617870851 ], [ 120.822582501554535, 22.385962937961597 ], [ 120.822173233636605, 22.385858262101589 ], [ 120.821821076959495, 22.385839243951384 ], [ 120.821354724095883, 22.386105766660496 ], [ 120.82089789333331, 22.386448431610077 ], [ 120.820564782501023, 22.386610251457235 ], [ 120.820041310177231, 22.386648348870104 ], [ 120.819706291746641, 22.386739736802237 ], [ 120.819411249596186, 22.386863483398301 ], [ 120.819011521855998, 22.387149038472316 ], [ 120.818725999615197, 22.387310855951736 ], [ 120.818354809689566, 22.38732991010697 ], [ 120.81795506606008, 22.387339447844351 ], [ 120.817755202737388, 22.387491743221236 ], [ 120.817498232555778, 22.387634523601584 ], [ 120.817003313931622, 22.387682137433814 ], [ 120.816818679177544, 22.387838239188969 ], [ 120.816498901586741, 22.388146633100039 ], [ 120.816156272266312, 22.388295128448778 ], [ 120.81573369410971, 22.38844362777774 ], [ 120.815539539883702, 22.388569272921639 ], [ 120.815299711786153, 22.388889084261599 ], [ 120.814945664490537, 22.389094687215682 ], [ 120.814283232591706, 22.389117563006781 ], [ 120.813849227910993, 22.389174691648151 ], [ 120.813464721284774, 22.38933461049055 ], [ 120.812916502445546, 22.389365094867898 ], [ 120.81247487591736, 22.389288974137802 ], [ 120.812155089338063, 22.389441275487535 ], [ 120.8115916403938, 22.389441303537133 ], [ 120.810967274542477, 22.389380420446969 ], [ 120.810556109972225, 22.389395669458697 ], [ 120.810190636588516, 22.389517515997394 ], [ 120.809703342542136, 22.38974596840243 ], [ 120.808774419333062, 22.389852614448952 ], [ 120.808500310787124, 22.389883085181157 ], [ 120.808332986186613, 22.389829159087469 ], [ 120.808291293225267, 22.389858116133382 ], [ 120.807921837176224, 22.390114714739877 ], [ 120.807510671726305, 22.390114735209227 ], [ 120.806951027232827, 22.390069077440991 ], [ 120.806676914302074, 22.390023405457711 ], [ 120.806379972655009, 22.390217584166454 ], [ 120.806071601196763, 22.390263285148205 ], [ 120.805763220532072, 22.390149086426408 ], [ 120.80534063118705, 22.390103421834809 ], [ 120.804940894888006, 22.390240498624689 ], [ 120.804369839649681, 22.390377583943682 ], [ 120.803890151881291, 22.390468979084403 ], [ 120.803547507426998, 22.39035478206829 ], [ 120.803102086076024, 22.390491861133231 ], [ 120.802942189714329, 22.390514711908605 ], [ 120.802702351747769, 22.390663202146527 ], [ 120.80225692645017, 22.390731752767174 ], [ 120.801959973621081, 22.390731767551113 ], [ 120.801659227733168, 22.39097543921774 ], [ 120.801050118932764, 22.391413290165499 ], [ 120.800869288849739, 22.391527513244021 ], [ 120.800450509765781, 22.391537051933593 ], [ 120.800098363482093, 22.391698872739841 ], [ 120.799651040557094, 22.39187021612479 ], [ 120.799089511032648, 22.39214626143265 ], [ 120.798508954838965, 22.39257459312325 ], [ 120.798375730888736, 22.392993384702507 ], [ 120.798261534155444, 22.393269407739272 ], [ 120.798023604883326, 22.393507365578255 ], [ 120.797814226575881, 22.393707250637338 ], [ 120.797509664501376, 22.393792926359403 ], [ 120.797100426701661, 22.394211731683786 ], [ 120.796522412440083, 22.394707322653453 ], [ 120.795905703056562, 22.395381216415995 ], [ 120.795551670878382, 22.395849511761217 ], [ 120.795174783018567, 22.396089380091034 ], [ 120.794854992263382, 22.396169345869801 ], [ 120.794615149032509, 22.396226464852063 ], [ 120.794032696201938, 22.396774721428809 ], [ 120.793495910661136, 22.397014597723096 ], [ 120.793107610089763, 22.397402944924412 ], [ 120.792570853495079, 22.398145363161468 ], [ 120.791999833770774, 22.398899204514692 ], [ 120.791902796294906, 22.399650166911474 ], [ 120.791822870482889, 22.40004992016577 ], [ 120.79184574985527, 22.400689517864357 ], [ 120.791651606151234, 22.400997905545701 ], [ 120.791400366002705, 22.401477617188718 ], [ 120.791331877248751, 22.402151483662799 ], [ 120.791366159463038, 22.402471281375025 ], [ 120.791114959459946, 22.40364769889694 ], [ 120.790555404447645, 22.405155352610546 ], [ 120.790204008520831, 22.405951061532615 ], [ 120.789667281563823, 22.407207443142084 ], [ 120.78937038928521, 22.408258227463143 ], [ 120.78909632439499, 22.409046318266025 ], [ 120.788902185306384, 22.409434655809186 ], [ 120.78854822556373, 22.411159306048372 ], [ 120.788536873433046, 22.41235855445132 ], [ 120.788526466947076, 22.413451440946197 ], [ 120.788458006534967, 22.414616427972945 ], [ 120.788360693334241, 22.415921454559513 ], [ 120.789315642355746, 22.416072882175026 ], [ 120.79119065223324, 22.416405913123359 ], [ 120.793065654418982, 22.416605694310839 ], [ 120.795131020855436, 22.416976787127005 ], [ 120.79598762215231, 22.41709095851127 ], [ 120.796968069604006, 22.419213387929375 ], [ 120.797199012665629, 22.419543877351135 ], [ 120.798494843372481, 22.419522124919066 ], [ 120.799111580361611, 22.419327930245011 ], [ 120.800870417271426, 22.418676822334117 ], [ 120.802926204368404, 22.417980013997038 ], [ 120.803631453859282, 22.417746315880702 ], [ 120.804031192561141, 22.417651117559867 ], [ 120.804573701984054, 22.417641572680353 ], [ 120.805439825370755, 22.417831886304604 ], [ 120.806410647503654, 22.41808881958751 ], [ 120.807076893853306, 22.418193482615987 ], [ 120.807828801317015, 22.418326694893633 ], [ 120.808520740894508, 22.418351406788258 ], [ 120.80984560272563, 22.418271390900518 ], [ 120.810873518317109, 22.418305603888946 ], [ 120.811398901655224, 22.418396948962204 ], [ 120.812164136771131, 22.418579653339833 ], [ 120.8129065287022, 22.41875093744817 ], [ 120.81374029599985, 22.419013588260746 ], [ 120.815305033960655, 22.419447523748492 ], [ 120.816581616154181, 22.419762976495587 ], [ 120.817575304169608, 22.420425368589957 ], [ 120.818363394314702, 22.420825078562324 ], [ 120.819151487752109, 22.421281895569845 ], [ 120.820807616212832, 22.422069890115718 ], [ 120.821458638033263, 22.422241178771106 ], [ 120.822406612666157, 22.422412452622897 ], [ 120.823834274372942, 22.422480909896557 ], [ 120.824873607897118, 22.422458015271037 ] ] ] ] } },
{ "type": "Feature", "properties": { "番號": "42", "類型": null, "分區": "要", "郡\n支廳": "〃", "庄 (區)": null, "大字": null, "地名": "Tabakasu社蕃地", "土地\n類型": "山林", "面積\n(公頃)": "231", "區分理由": "第七條第二號", "地        況": "位於Katsurin山西側。為陡坡地及險峻地。基岩及土壤狀況等，與番號38相同。海拔高度介於267至800公尺。\n東側以稜線與要存置林野44相鄰。北側以溪流，與要存置林野43鄰接。西側以溪流與準要存置林野146相連。南側以稜線與準要存置林野142及121毗鄰。", "林        況": "栲櫧植物、櫟屬植物類為主要樹種的闊葉原生林。", "參  考  事  項": "依據治水調查之結果，選定為施業限制預定地。(詳情參見〈治水調查復命書〉)\r" }, "geometry": { "type": "MultiPolygon", "coordinates": [ [ [ [ 120.877815668250776, 22.438152385469731 ], [ 120.878234417035102, 22.437619365636955 ], [ 120.87875214260572, 22.436956898267642 ], [ 120.879190083915617, 22.436397227533114 ], [ 120.879875317791758, 22.435673837647769 ], [ 120.880427290996423, 22.434731544130898 ], [ 120.880931677815354, 22.433827324342811 ], [ 120.8824792577728, 22.43381297040829 ], [ 120.884832026853616, 22.433630110584392 ], [ 120.885996992765129, 22.433584366865759 ], [ 120.887618816991477, 22.433675657233518 ], [ 120.888098510579439, 22.433687054717499 ], [ 120.890679714717166, 22.433675504590713 ], [ 120.892290109755422, 22.433629738660304 ], [ 120.892936572414584, 22.433525675656785 ], [ 120.893032186875999, 22.433158632125419 ], [ 120.893612667638394, 22.431426356665487 ], [ 120.893632414111636, 22.431141766379529 ], [ 120.89353569210887, 22.431102090814459 ], [ 120.893276788247462, 22.430721390204774 ], [ 120.892637140132777, 22.429723952677474 ], [ 120.892017779094374, 22.428425115933219 ], [ 120.891598959144645, 22.427724623937618 ], [ 120.891408578893518, 22.427275391475259 ], [ 120.890959285561436, 22.4262855587221 ], [ 120.890700377312058, 22.425828715404968 ], [ 120.890372940623919, 22.425356646962776 ], [ 120.889763773370277, 22.424777992778758 ], [ 120.889329749234165, 22.424496286409038 ], [ 120.888766286783934, 22.424260272114044 ], [ 120.888431254368086, 22.42410800340631 ], [ 120.887517542132528, 22.423910077921875 ], [ 120.886025466918895, 22.423659357265475 ], [ 120.883741195645555, 22.423326346797015 ], [ 120.882218353246316, 22.42319317297245 ], [ 120.880609849192567, 22.423021932064387 ], [ 120.879948475107796, 22.423019221153289 ], [ 120.878794319054535, 22.422885073683599 ], [ 120.877631455562351, 22.422618770213987 ], [ 120.877449130603651, 22.422577016586441 ], [ 120.877136941578385, 22.422439975277005 ], [ 120.876306975129069, 22.42206691738707 ], [ 120.875537926459117, 22.421769999165896 ], [ 120.874593759257351, 22.421602532273429 ], [ 120.873162296350742, 22.421633060706803 ], [ 120.872513046264231, 22.421719358825001 ], [ 120.872525829940713, 22.421892514859959 ], [ 120.872580758248958, 22.422636523664597 ], [ 120.872847304284576, 22.423502633668008 ], [ 120.87358976363133, 22.424844611863659 ], [ 120.874446482258335, 22.426995600618525 ], [ 120.874998614730032, 22.428813480212977 ], [ 120.875223255954452, 22.429213852745161 ], [ 120.875689715254524, 22.430793790650085 ], [ 120.876068292795551, 22.431660291637513 ], [ 120.876239652345959, 22.432364603128864 ], [ 120.876192128022723, 22.433478192583966 ], [ 120.876001811580593, 22.434134932920799 ], [ 120.875887629735743, 22.434667937562526 ], [ 120.875897169425329, 22.435048650620878 ], [ 120.8759542987994, 22.435448396982512 ], [ 120.876553971852545, 22.436433780604723 ], [ 120.876772254829874, 22.436606994375481 ], [ 120.876786857928579, 22.436767527853771 ], [ 120.876828759397142, 22.437174889245071 ], [ 120.877087662398438, 22.437540361324196 ], [ 120.877407475053261, 22.437841109063996 ], [ 120.877428420200374, 22.43828149159717 ], [ 120.877815668250776, 22.438152385469731 ] ] ] ] } },
{ "type": "Feature", "properties": { "番號": "40", "類型": null, "分區": "要", "郡\n支廳": "大武", "庄 (區)": null, "大字": null, "地名": "Tabakasu社蕃地", "土地\n類型": "山林", "面積\n(公頃)": "165", "區分理由": "第七條第三號 (八)", "地        況": "位於大竹高溪中游右岸。為西北向之陡坡地及險峻地。基岩及土壤狀況等，與番號38相同，海拔高度介於333至1,060公尺。\n東側以溪流與要存置林野41相鄰。北側及南側以稜線與準要存置林野148及147鄰接，部分以溪流與準要存置林野146相連。", "林        況": "與番號30相同。", "參  考  事  項": null }, "geometry": { "type": "MultiPolygon", "coordinates": [ [ [ [ 120.844837296790544, 22.440177445508326 ], [ 120.845553012466354, 22.439888067499314 ], [ 120.846603715762143, 22.438974302544235 ], [ 120.847563053363359, 22.43813668486321 ], [ 120.848781286952729, 22.437542710947074 ], [ 120.849573143486921, 22.437238100605242 ], [ 120.850654310510023, 22.436446162484124 ], [ 120.851476596490315, 22.435669465820862 ], [ 120.85235537489983, 22.434608262240332 ], [ 120.852210442805557, 22.434545055193194 ], [ 120.851829713883816, 22.434194817711113 ], [ 120.851692647762945, 22.434004467771715 ], [ 120.851540345823196, 22.433684675981556 ], [ 120.851197697000728, 22.433494336292828 ], [ 120.85091643454561, 22.433253548997424 ], [ 120.850512233114316, 22.432574967078331 ], [ 120.850453828644632, 22.432476916418096 ], [ 120.849875144376554, 22.432355116939515 ], [ 120.849012825967492, 22.432126731808843 ], [ 120.848201890050873, 22.431669915983733 ], [ 120.847670325546261, 22.431183637003581 ], [ 120.847665062428518, 22.431178822266119 ], [ 120.847293861219654, 22.431001808972447 ], [ 120.846625699305946, 22.430687753607817 ], [ 120.845433509148549, 22.430673536299295 ], [ 120.844070575906983, 22.430742132703624 ], [ 120.842555356977371, 22.430772665346193 ], [ 120.841672100892637, 22.430567124068098 ], [ 120.840667010986309, 22.430239760525247 ], [ 120.839289397574476, 22.429912034843596 ], [ 120.838181522679406, 22.429695083356624 ], [ 120.836708169385659, 22.429512414315052 ], [ 120.836228469806372, 22.429398224164675 ], [ 120.835097766218496, 22.429421123359692 ], [ 120.833418842723631, 22.429455471300159 ], [ 120.832002608242945, 22.429489806139504 ], [ 120.830576618768902, 22.429535800820783 ], [ 120.82924364828844, 22.429565822101988 ], [ 120.82987428474236, 22.42998620413324 ], [ 120.831899770287919, 22.43198104222914 ], [ 120.833011507436908, 22.433153584576633 ], [ 120.834126574607126, 22.434305663397694 ], [ 120.836205352347363, 22.436178670464642 ], [ 120.837603668527308, 22.437360525981898 ], [ 120.839157029552695, 22.438563503362762 ], [ 120.840253512860968, 22.439294418709206 ], [ 120.841532717888484, 22.439705525542916 ], [ 120.842948977170821, 22.440101396996255 ], [ 120.843984516304687, 22.440299316390252 ], [ 120.844837296790544, 22.440177445508326 ] ] ] ] } },
{ "type": "Feature", "properties": { "番號": "39", "類型": null, "分區": "要", "郡\n支廳": "〃", "庄 (區)": null, "大字": null, "地名": "Tabakasu社蕃地", "土地\n類型": "山林", "面積\n(公頃)": null, "區分理由": "第七條第一號", "地        況": "大竹高溪上游右岸側匯入之支流源頭處。地勢、基岩及土壤狀況等，與番號38相同，海拔高度介於455至1,790公尺。\n東側以溪流及稜線，與準要存置林野147及148相鄰。北側以溪流與準要存置林野149及要存置林野55鄰接。西側以中央山脈與高雄州為界。南側以稜線與要存置林野38相連。", "林        況": "僅少部分為蕃人的現耕地及其開墾舊跡外。其餘區域為紅楠、櫟屬植物、栲櫧植物為主要樹種的天然闊葉林。", "參  考  事  項": "依據治水調查之結果，選定編入為水源涵養保安林預定地之一部分。(詳情參見〈保安林編入調書〉)\r" }, "geometry": { "type": "MultiPolygon", "coordinates": [ [ [ [ 120.82601670787956, 22.441836867918692 ], [ 120.826290203064204, 22.439425668298952 ], [ 120.826823055724546, 22.437008110521504 ], [ 120.827599477834355, 22.433132407623479 ], [ 120.828265551137775, 22.430238951259561 ], [ 120.828490100803336, 22.429131004638204 ], [ 120.827864073237265, 22.428783249487843 ], [ 120.825061953299141, 22.426986421145518 ], [ 120.824513694945978, 22.426331621135279 ], [ 120.824003182044152, 22.425647139445786 ], [ 120.824827692573137, 22.425647098338096 ], [ 120.826301033389356, 22.425612760661775 ], [ 120.827511678588124, 22.42546422200909 ], [ 120.828745153788276, 22.425098675485209 ], [ 120.829670269410443, 22.42498441529337 ], [ 120.830127113295276, 22.424870178448632 ], [ 120.830938008390206, 22.424618867064506 ], [ 120.831954485537153, 22.424356124027277 ], [ 120.833404975898631, 22.424184730609568 ], [ 120.835563587115232, 22.424058987520052 ], [ 120.836256470291914, 22.423942835343862 ], [ 120.837817346953088, 22.423438312059734 ], [ 120.838978484393806, 22.42301946925615 ], [ 120.838178946675256, 22.422162903599421 ], [ 120.837265500662468, 22.42108203988013 ], [ 120.836602987128771, 22.419688661263251 ], [ 120.835872943984057, 22.418392357993827 ], [ 120.835670714572942, 22.418485397252532 ], [ 120.834918825272652, 22.418666273670286 ], [ 120.83391948572843, 22.419028001365085 ], [ 120.832831316524803, 22.419430977458525 ], [ 120.832298334188323, 22.419602325128935 ], [ 120.831165733411282, 22.419735631330191 ], [ 120.829683704398221, 22.419712830660604 ], [ 120.828722464477778, 22.420573291238188 ], [ 120.827614652135878, 22.421441373397339 ], [ 120.826929398158924, 22.421818313990784 ], [ 120.826198457816133, 22.422172414048479 ], [ 120.825593142131495, 22.422366608144756 ], [ 120.824873607897118, 22.422458015271037 ], [ 120.823834274372942, 22.422480909896557 ], [ 120.822406612666157, 22.422412452622897 ], [ 120.821458638033263, 22.422241178771106 ], [ 120.820807616212832, 22.422069890115718 ], [ 120.819151487752109, 22.421281895569845 ], [ 120.818363394314702, 22.420825078562324 ], [ 120.817575304169608, 22.420425368589957 ], [ 120.816581616154181, 22.419762976495587 ], [ 120.815305033960655, 22.419447523748492 ], [ 120.81374029599985, 22.419013588260746 ], [ 120.8129065287022, 22.41875093744817 ], [ 120.812164136771131, 22.418579653339833 ], [ 120.811398901655224, 22.418396948962204 ], [ 120.810873518317109, 22.418305603888946 ], [ 120.80984560272563, 22.418271390900518 ], [ 120.808520740894508, 22.418351406788258 ], [ 120.807828801317015, 22.418326694893633 ], [ 120.807076893853306, 22.418193482615987 ], [ 120.806410647503654, 22.41808881958751 ], [ 120.805439825370755, 22.417831886304604 ], [ 120.804573701984054, 22.417641572680353 ], [ 120.804031192561141, 22.417651117559867 ], [ 120.803631453859282, 22.417746315880702 ], [ 120.802926204368404, 22.417980013997038 ], [ 120.800870417271426, 22.418676822334117 ], [ 120.799111580361611, 22.419327930245011 ], [ 120.798494843372481, 22.419522124919066 ], [ 120.797199012665629, 22.419543877351135 ], [ 120.798005586601846, 22.420698119227492 ], [ 120.796635083378703, 22.421535757453643 ], [ 120.795445399796151, 22.422078333634076 ], [ 120.794902906282161, 22.422363895875684 ], [ 120.794198609897137, 22.422620912664659 ], [ 120.793161207618382, 22.423125409899534 ], [ 120.79177165357514, 22.423696549573393 ], [ 120.790896044830518, 22.424067788987248 ], [ 120.790020440477136, 22.424515171122437 ], [ 120.789506490781548, 22.424638928667132 ], [ 120.788659437387253, 22.425048238021283 ], [ 120.787945626569353, 22.425362362333111 ], [ 120.787127123035731, 22.425714563226165 ], [ 120.786013592719229, 22.426457010275282 ], [ 120.785556768005677, 22.426904371538878 ], [ 120.785166603572151, 22.427979906928069 ], [ 120.785090544747462, 22.429417104581336 ], [ 120.785103975037288, 22.429429694287091 ], [ 120.787006154365685, 22.428748199019775 ], [ 120.788048798383969, 22.428364816018139 ], [ 120.789396481715201, 22.427919313901036 ], [ 120.790824108611176, 22.427382436535833 ], [ 120.791418020214053, 22.427485199593431 ], [ 120.792434533041373, 22.427839212553494 ], [ 120.793268308296419, 22.42823892025805 ], [ 120.794478997745173, 22.428855615914433 ], [ 120.795838165585039, 22.429506568389534 ], [ 120.797582245613711, 22.430428474566508 ], [ 120.798602573205102, 22.430915737084458 ], [ 120.799577206955746, 22.431250716442989 ], [ 120.800536607960225, 22.431509553840684 ], [ 120.801739663444025, 22.43178360762958 ], [ 120.802820888608068, 22.43199675331747 ], [ 120.8042675897766, 22.432133738060518 ], [ 120.805927479052258, 22.432118426734757 ], [ 120.807511218660849, 22.431966062314821 ], [ 120.808622877659104, 22.431783264352987 ], [ 120.809269603993343, 22.431737308523736 ], [ 120.809989148138513, 22.431817222491947 ], [ 120.810651588607143, 22.431942824938339 ], [ 120.811005670151289, 22.432331135136792 ], [ 120.811805157197554, 22.432308252449733 ], [ 120.812090699302544, 22.432490980729607 ], [ 120.812981579515409, 22.432867842747243 ], [ 120.813838193303283, 22.433199020842803 ], [ 120.814089480849233, 22.4335416505347 ], [ 120.814717652910417, 22.433587304835974 ], [ 120.815243053386453, 22.433975606484847 ], [ 120.815619971520761, 22.43426112287311 ], [ 120.815992612407967, 22.434645862951424 ], [ 120.816460922395038, 22.435308281224625 ], [ 120.816689358846133, 22.435502433757762 ], [ 120.81688353480736, 22.435753695036617 ], [ 120.817043455553019, 22.43615343632008 ], [ 120.817408957699058, 22.436530324535259 ], [ 120.817637408655656, 22.436975748028903 ], [ 120.817922979769676, 22.437661018229292 ], [ 120.818140004850008, 22.438026492441445 ], [ 120.818235214123334, 22.438582329520017 ], [ 120.818415606799505, 22.439135069051741 ], [ 120.818625520165838, 22.439449767844028 ], [ 120.818669436393208, 22.439515606356085 ], [ 120.819133922374434, 22.439884875357407 ], [ 120.819701190482363, 22.440094239526946 ], [ 120.820174545129518, 22.440242857822987 ], [ 120.820642818193832, 22.440265677276063 ], [ 120.821145378124982, 22.440688244277371 ], [ 120.821408074406037, 22.440813866652366 ], [ 120.822253258349036, 22.440996567004184 ], [ 120.823052755263873, 22.441145005414125 ], [ 120.82378371735102, 22.441167811759943 ], [ 120.824172062680873, 22.441556120235479 ], [ 120.824811674454907, 22.441921573357469 ], [ 120.825352292331161, 22.442120310598003 ], [ 120.825969152812917, 22.442417458493342 ], [ 120.82601670787956, 22.441836867918692 ] ] ] ] } },
{ "type": "Feature", "properties": { "番號": "44", "類型": null, "分區": "要", "郡\n支廳": "大武", "庄 (區)": null, "大字": null, "地名": "Tabakasu社蕃地", "土地\n類型": "山林", "面積\n(公頃)": "140", "區分理由": "第七條第三號 (八)", "地        況": "位於Katsurin山北側，為北向之陡坡地及險峻地。基岩及土壤狀況等，與番號38相同，海拔高度介於230至928公尺。\n東側以溪流與準要存置林野144相鄰。西側以稜線與要存置林野45、43及42鄰接。南側以稜線與準要存置林野121連接。", "林        況": "全部為紅楠、櫟屬植物為主要樹種的闊葉原生林。", "參  考  事  項": null }, "geometry": { "type": "MultiPolygon", "coordinates": [ [ [ [ 120.902224451344694, 22.445241782599869 ], [ 120.901973136144008, 22.444419453945443 ], [ 120.90195023493041, 22.44340295000254 ], [ 120.902007227808014, 22.441438465423115 ], [ 120.901834571789593, 22.440258991841635 ], [ 120.901710754115413, 22.438745661798155 ], [ 120.901663078729996, 22.437241845795523 ], [ 120.901624932604321, 22.435937903913164 ], [ 120.90174478050497, 22.434632685107275 ], [ 120.90181320722111, 22.432885206669734 ], [ 120.901904520621244, 22.431902961253403 ], [ 120.9018789396046, 22.431257973349197 ], [ 120.901554376869399, 22.43124921746875 ], [ 120.900143375667128, 22.431254046743799 ], [ 120.89856105792299, 22.431299811264289 ], [ 120.897441773571757, 22.431284638534336 ], [ 120.895759043906395, 22.431330408062401 ], [ 120.894898643198289, 22.431345679505544 ], [ 120.894457022901662, 22.431376158607605 ], [ 120.894023013702451, 22.431353337437741 ], [ 120.8938326518997, 22.431223904333262 ], [ 120.893632414111636, 22.431141766379529 ], [ 120.893612667638394, 22.431426356665487 ], [ 120.893032186875999, 22.433158632125419 ], [ 120.892936572414584, 22.433525675656785 ], [ 120.892328031834992, 22.435861733237633 ], [ 120.892251936245756, 22.436661235427277 ], [ 120.892198090554828, 22.43818647165871 ], [ 120.892293331454454, 22.439290536121273 ], [ 120.892550360904778, 22.440175682238653 ], [ 120.893092911967784, 22.44088949302791 ], [ 120.893635459734995, 22.441546196787748 ], [ 120.894494858450145, 22.442541414871812 ], [ 120.894542241507992, 22.442596286347737 ], [ 120.895747259616215, 22.443898266471233 ], [ 120.896013856082547, 22.444211127618008 ], [ 120.897290410366324, 22.444259787890285 ], [ 120.898615278494503, 22.444293986009068 ], [ 120.900202834935726, 22.444316749616657 ], [ 120.900534054109244, 22.4443624187141 ], [ 120.90092240464287, 22.444842098369481 ], [ 120.901641969073495, 22.445276075877469 ], [ 120.901984612143949, 22.445367430025915 ], [ 120.902224451344694, 22.445241782599869 ] ] ] ] } },
{ "type": "Feature", "properties": { "番號": "41", "類型": null, "分區": "要", "郡\n支廳": "〃", "庄 (區)": null, "大字": null, "地名": "Tabakasu社蕃地", "土地\n類型": "山林", "面積\n(公頃)": "250", "區分理由": "第七條第二號", "地        況": "位於大竹高溪中游右岸，為西北向之陡坡地及險峻地。基岩及土壤狀況等，大致上與番號38相同，惟地力貧瘠之處多，且有易於崩塌之處。海拔高度介於216至800公尺。\n南側以溪流，東側以稜線與準要存置林野146相連。北側以大竹高溪溪畔為界。西側以溪流與準要存置林野148及要存置林野40相鄰。", "林        況": "與番號39相同。", "參  考  事  項": "依據治水調查之結果，選定為施業限制預定地。(詳情參見〈治水調查復命書〉)\r" }, "geometry": { "type": "MultiPolygon", "coordinates": [ [ [ [ 120.873906695449364, 22.448338206288714 ], [ 120.873267013824659, 22.446762084158564 ], [ 120.872581630675541, 22.44490042915168 ], [ 120.87236452977416, 22.443221493277573 ], [ 120.872329105812739, 22.44290883405122 ], [ 120.871769390842033, 22.441641085890442 ], [ 120.870512948643224, 22.439847987799041 ], [ 120.869553468459557, 22.438214774574305 ], [ 120.868693615062568, 22.436720263008603 ], [ 120.867018375522221, 22.43461880781615 ], [ 120.866165549378209, 22.433948794515107 ], [ 120.864962449263899, 22.432898085137957 ], [ 120.864551253993895, 22.432380335225673 ], [ 120.862921721475942, 22.430659591269514 ], [ 120.862358240092433, 22.430096163322155 ], [ 120.861840456053983, 22.429745932679811 ], [ 120.861612007111702, 22.429334773442953 ], [ 120.86137499936261, 22.429047346534634 ], [ 120.859075386152753, 22.426747951378015 ], [ 120.858265752045554, 22.425988050389787 ], [ 120.857489068519911, 22.425333261810803 ], [ 120.855874905785882, 22.426064312295274 ], [ 120.853194797327475, 22.427465471779474 ], [ 120.852235441258316, 22.427983290041634 ], [ 120.851166310718767, 22.428811419574266 ], [ 120.850986667329693, 22.428875110166629 ], [ 120.85095684871105, 22.428960322837931 ], [ 120.850637142362032, 22.430502228669525 ], [ 120.850454481269452, 22.431872806571025 ], [ 120.850512233114316, 22.432574967078331 ], [ 120.85091643454561, 22.433253548997424 ], [ 120.851197697000728, 22.433494336292828 ], [ 120.851540345823196, 22.433684675981556 ], [ 120.851692647762945, 22.434004467771715 ], [ 120.851829713883816, 22.434194817711113 ], [ 120.852210442805557, 22.434545055193194 ], [ 120.85235537489983, 22.434608262240332 ], [ 120.852926193191379, 22.434857204607624 ], [ 120.853017586133348, 22.435253142144646 ], [ 120.85312419643715, 22.435458722145043 ], [ 120.853451621745023, 22.435732819572124 ], [ 120.853938936359356, 22.43586223787506 ], [ 120.854672920117537, 22.436019880129081 ], [ 120.855655157803398, 22.436179730829902 ], [ 120.856112024069219, 22.436453821799958 ], [ 120.85618059646599, 22.43723047402111 ], [ 120.856351931864566, 22.437516000638457 ], [ 120.856374797462337, 22.437915748725409 ], [ 120.856272036441098, 22.438441138552008 ], [ 120.856420537230733, 22.438863723183967 ], [ 120.856808873294028, 22.439092131943745 ], [ 120.857071584057536, 22.439469025252734 ], [ 120.856995474846457, 22.440032485104215 ], [ 120.857128731683972, 22.440184763876996 ], [ 120.857281027253407, 22.440394148732427 ], [ 120.857737907369085, 22.440908089232618 ], [ 120.8578534630429, 22.44113917107493 ], [ 120.857930454333854, 22.441106748647364 ], [ 120.858501528595468, 22.441300884068831 ], [ 120.860009156149331, 22.441666293864102 ], [ 120.861345445000381, 22.441689070012057 ], [ 120.862658889346875, 22.441677583081113 ], [ 120.863389855319539, 22.441768917866177 ], [ 120.86399367199455, 22.441988559459126 ], [ 120.865684076632647, 22.442993558883295 ], [ 120.866811009538353, 22.44360264432925 ], [ 120.867861813015196, 22.444424933155695 ], [ 120.870100476853594, 22.446099961041391 ], [ 120.871395708129157, 22.447144269796862 ], [ 120.873147037355992, 22.448343430056102 ], [ 120.874210193366082, 22.448801119180938 ], [ 120.873906695449364, 22.448338206288714 ] ] ] ] } },
{ "type": "Feature", "properties": { "番號": "43", "類型": null, "分區": "要", "郡\n支廳": "大武", "庄 (區)": null, "大字": null, "地名": "Toabaru社蕃地", "土地\n類型": "山林", "面積\n(公頃)": "258", "區分理由": "第七條第二號", "地        況": "位於大竹高溪中游右岸。為北向及西向地。溪畔可見斷崖及崩塌處，整體為陡坡或險峻地。基岩及土壤狀況等，與番號28相同，海拔高度介於151至820公尺。\n東側以稜線與要存置林野44相鄰；另以小溪流與要存置林野45鄰接。北側以大竹高溪溪畔為界。西側以稜線與準要存置林野145相連，部分以溪流與準要存置林野146連接。南側以小溪流與要存置林野42毗鄰。", "林        況": "僅少部分區域為蕃人的現耕地及其開墾舊跡。其餘區域為栲櫧植物、櫟屬植物類為主要樹種的闊葉原生林。", "參  考  事  項": "依據治水調查之結果，選定為施業限制地。(詳情參見〈治水調查復命書〉)\r" }, "geometry": { "type": "MultiPolygon", "coordinates": [ [ [ [ 120.894865412587123, 22.452105770140584 ], [ 120.895716718195303, 22.451903537219646 ], [ 120.895716702598932, 22.451903421409966 ], [ 120.895626133928488, 22.451230910105817 ], [ 120.89535954934793, 22.449698551484651 ], [ 120.895169897864847, 22.448135256050605 ], [ 120.8950746536363, 22.446974084562886 ], [ 120.894941397357869, 22.446831323641408 ], [ 120.89465579825135, 22.445660643813227 ], [ 120.894455877285282, 22.444813566202896 ], [ 120.894446269437637, 22.443252641245483 ], [ 120.894494858450145, 22.442541414871812 ], [ 120.893635459734995, 22.441546196787748 ], [ 120.893092911967784, 22.44088949302791 ], [ 120.892550360904778, 22.440175682238653 ], [ 120.892293331454454, 22.439290536121273 ], [ 120.892198090554828, 22.43818647165871 ], [ 120.892251936245756, 22.436661235427277 ], [ 120.892328031834992, 22.435861733237633 ], [ 120.892936572414584, 22.433525675656785 ], [ 120.892290109755422, 22.433629738660304 ], [ 120.890679714717166, 22.433675504590713 ], [ 120.888098510579439, 22.433687054717499 ], [ 120.887618816991477, 22.433675657233518 ], [ 120.885996992765129, 22.433584366865759 ], [ 120.884832026853616, 22.433630110584392 ], [ 120.8824792577728, 22.43381297040829 ], [ 120.880931677815354, 22.433827324342811 ], [ 120.880427290996423, 22.434731544130898 ], [ 120.879875317791758, 22.435673837647769 ], [ 120.879190083915617, 22.436397227533114 ], [ 120.87875214260572, 22.436956898267642 ], [ 120.878234417035102, 22.437619365636955 ], [ 120.877815668250776, 22.438152385469731 ], [ 120.877428420200374, 22.43828149159717 ], [ 120.877437460529435, 22.438471569179836 ], [ 120.877443270016528, 22.440184018364995 ], [ 120.877369197654616, 22.44087848390695 ], [ 120.877067587590247, 22.441106394957519 ], [ 120.877124797435272, 22.441518953690235 ], [ 120.877829550784654, 22.441768290877707 ], [ 120.878773729418228, 22.442133728767779 ], [ 120.879535157332072, 22.442316433278059 ], [ 120.879992006430228, 22.442293567674948 ], [ 120.881179838614273, 22.4426589934071 ], [ 120.881842269371305, 22.44261835091643 ], [ 120.884164590547115, 22.442587777978268 ], [ 120.885816868838191, 22.442633381173295 ], [ 120.885078342369013, 22.443470987779314 ], [ 120.884088574115452, 22.444757848887889 ], [ 120.883325625254741, 22.445706498166228 ], [ 120.882183588816687, 22.44725796278826 ], [ 120.881584051256795, 22.448619043581626 ], [ 120.881353295501881, 22.44946534955352 ], [ 120.881178894263869, 22.450633554991704 ], [ 120.882265153239956, 22.450817613017996 ], [ 120.884346929651869, 22.450835473324265 ], [ 120.885840067317687, 22.450804941726812 ], [ 120.887058333315778, 22.450774423847129 ], [ 120.887720766407469, 22.450774390788585 ], [ 120.888139542428874, 22.450713455725339 ], [ 120.888558325047484, 22.450766734719917 ], [ 120.889472032897331, 22.450888517450274 ], [ 120.89023402961547, 22.451032389135769 ], [ 120.890628071666384, 22.451180847746183 ], [ 120.891587477307624, 22.45152344203926 ], [ 120.891798771278744, 22.45153485290016 ], [ 120.891930123686933, 22.451671903213722 ], [ 120.892067183756254, 22.451757556916718 ], [ 120.892992324294923, 22.452077310106375 ], [ 120.893706163273833, 22.452254306269225 ], [ 120.894111618994188, 22.452271418142683 ], [ 120.894865412587123, 22.452105770140584 ] ] ] ] } },
{ "type": "Feature", "properties": { "番號": "45", "類型": null, "分區": "要", "郡\n支廳": "大武", "庄 (區)": null, "大字": null, "地名": "Tabakasu社蕃地", "土地\n類型": "山林", "面積\n(公頃)": "56", "區分理由": "第七條第二號", "地        況": "位於大竹高溪下游右岸之北向地，溪畔可見斷崖及崩塌處，但整體為陡坡地與險峻地。基岩及土壤狀況等，與番號38相同，海拔高度介於120至515公尺。\n東側及南側以稜線與要存置林野44及準要存置林野144連接。北側以大竹高溪溪畔為界。西側以小溪流與要存置林野43相鄰。", "林        況": "溪畔僅少部分為蕃人的現耕地及其開墾舊跡。紅楠、櫟屬植物類為主要樹種的闊葉原生林。", "參  考  事  項": "依據治水調查之結果，選定為施業限制預定地。(詳情參見〈治水調查復命書〉)\r" }, "geometry": { "type": "MultiPolygon", "coordinates": [ [ [ [ 120.905929965219485, 22.453906384440192 ], [ 120.905190882627892, 22.453268915703699 ], [ 120.903328875491368, 22.45147116837088 ], [ 120.902253294910906, 22.450110171226807 ], [ 120.901599332216051, 22.449554108317631 ], [ 120.900327691406048, 22.44827497435514 ], [ 120.900091630487637, 22.447901886887067 ], [ 120.899398716976492, 22.447490750862453 ], [ 120.89839360213314, 22.446729373977234 ], [ 120.897624527540131, 22.445983213853278 ], [ 120.896700999454751, 22.445017516636678 ], [ 120.896013856082547, 22.444211127618008 ], [ 120.895747259616215, 22.443898266471233 ], [ 120.894542241507992, 22.442596286347737 ], [ 120.894494858450145, 22.442541414871812 ], [ 120.894446269437637, 22.443252641245483 ], [ 120.894455877285282, 22.444813566202896 ], [ 120.89465579825135, 22.445660643813227 ], [ 120.894941397357869, 22.446831323641408 ], [ 120.8950746536363, 22.446974084562886 ], [ 120.895169897864847, 22.448135256050605 ], [ 120.89535954934793, 22.449698551484651 ], [ 120.895626133928488, 22.451230910105817 ], [ 120.895716702598932, 22.451903421409966 ], [ 120.895716971923918, 22.451903476944842 ], [ 120.89650127096786, 22.452065199617056 ], [ 120.897660545125575, 22.452346869766711 ], [ 120.898216387691903, 22.45248389889327 ], [ 120.89842959114138, 22.452598102308777 ], [ 120.899427064112544, 22.452879780531234 ], [ 120.900196110125364, 22.453131013071694 ], [ 120.900500678813756, 22.453161454952724 ], [ 120.90094230965795, 22.453313718318689 ], [ 120.902282427015919, 22.453709593492373 ], [ 120.903592074919459, 22.453884656345576 ], [ 120.904734967896232, 22.453981300536839 ], [ 120.905771689146746, 22.454150836056577 ], [ 120.905790759260654, 22.45417298888577 ], [ 120.905929965219485, 22.453906384440192 ] ] ] ] } },
{ "type": "Feature", "properties": { "番號": "12", "類型": null, "分區": "要", "郡\n支廳": "〃", "庄 (區)": "大武", "大字": "大竹高", "地名": "大竹高", "土地\n類型": "山林", "面積\n(公頃)": "145", "區分理由": "第七條第二號", "地        況": "位於大竹高溪下游右岸，面向太平洋之地。溪畔及其他處可見斷崖峭壁，其餘大致為陡坡地。基岩及土壤狀況等，與番號6相同。海拔高度在483公尺以下。\n東側及北側以山麓為界，僅極小部分與許可地連接；西側及南側則以稜線為界，與準要存置林野119相鄰。", "林        況": "同番號8。", "參  考  事  項": "(1) 依據治水調查結果，選定為施業限制預定地。(詳情參見〈治水調查復命書〉)\n(2) 設有大竹高警察官吏派出所及大竹高公學校。" }, "geometry": { "type": "MultiPolygon", "coordinates": [ [ [ [ 120.9403402294177, 22.457537460813498 ], [ 120.941301498343023, 22.457185252857318 ], [ 120.942253201707871, 22.456004993549325 ], [ 120.942595828469408, 22.455814619705823 ], [ 120.943147846072051, 22.455643271086181 ], [ 120.943861659339007, 22.455376736020717 ], [ 120.944299464904418, 22.455214910939365 ], [ 120.944699168814694, 22.454520088883605 ], [ 120.944756258611804, 22.454234550922092 ], [ 120.944594341436513, 22.45222629538052 ], [ 120.94449911590128, 22.451388730470491 ], [ 120.943928032629742, 22.451036598996549 ], [ 120.943671019127336, 22.450427470248581 ], [ 120.943480631283691, 22.449846891686999 ], [ 120.943252183023176, 22.449447153928688 ], [ 120.942985680391828, 22.449332953181401 ], [ 120.942604955279307, 22.449047437065712 ], [ 120.941986268038988, 22.448428808524419 ], [ 120.941824449834783, 22.448133763648119 ], [ 120.941757797243582, 22.44763883944433 ], [ 120.941605485213188, 22.447143919514541 ], [ 120.941358000424628, 22.446725147029525 ], [ 120.941129558212793, 22.446430105476662 ], [ 120.940739320881477, 22.446239768203757 ], [ 120.94008258531457, 22.446011372877727 ], [ 120.939797045052657, 22.445859101729319 ], [ 120.939625710783062, 22.445592610837423 ], [ 120.939568578659035, 22.445145275342565 ], [ 120.939682754425789, 22.444507574558809 ], [ 120.939796934590134, 22.443946016472481 ], [ 120.939720765388856, 22.443470128416205 ], [ 120.939378105645758, 22.443089432024721 ], [ 120.938588103376958, 22.442537436879487 ], [ 120.938264481812865, 22.442204328722635 ], [ 120.93797889704463, 22.441281112765228 ], [ 120.938140674584773, 22.440871837698786 ], [ 120.938350044000103, 22.440519667281631 ], [ 120.938150135709563, 22.439891500001927 ], [ 120.937778925020183, 22.43954887638003 ], [ 120.937036523968501, 22.43921578910831 ], [ 120.936341698309377, 22.438654271371082 ], [ 120.936189387939208, 22.438187904946627 ], [ 120.935627763607457, 22.436817364404749 ], [ 120.935180361756835, 22.435618139233437 ], [ 120.934999471879095, 22.434694918048699 ], [ 120.934818606170211, 22.434190481697971 ], [ 120.934387072598426, 22.43374571247077 ], [ 120.934176187712509, 22.434116631882425 ], [ 120.934061980066517, 22.434202298112073 ], [ 120.93386212670967, 22.434525914542384 ], [ 120.933709860833645, 22.434830492925613 ], [ 120.933392627442686, 22.435242948357303 ], [ 120.932935807295607, 22.435766452185007 ], [ 120.932317210149819, 22.436708748919841 ], [ 120.931822321338444, 22.437270325997982 ], [ 120.931203711011264, 22.437984194644368 ], [ 120.93090869533205, 22.438564797431393 ], [ 120.930699313275028, 22.438698057596259 ], [ 120.930242494229802, 22.439240597105712 ], [ 120.929690491983123, 22.439678445153682 ], [ 120.929024283681684, 22.440229521505678 ], [ 120.928795864544625, 22.440334229109684 ], [ 120.928529383884026, 22.440600741846556 ], [ 120.928795892016623, 22.440810120974472 ], [ 120.929033842056313, 22.440933840990525 ], [ 120.929405047260843, 22.44118128624476 ], [ 120.929671548249985, 22.441266933487292 ], [ 120.930033234639438, 22.441495343541071 ], [ 120.930528175094835, 22.44182844315803 ], [ 120.931013595635889, 22.442123471899897 ], [ 120.931156365219636, 22.442190089639205 ], [ 120.932193833059131, 22.442827732983936 ], [ 120.933212257772198, 22.443332127554694 ], [ 120.934145027437978, 22.443912669094541 ], [ 120.934335420221359, 22.444578908202626 ], [ 120.934659100047256, 22.445920907104618 ], [ 120.934992236586126, 22.446206425601087 ], [ 120.935343232181523, 22.44672294904716 ], [ 120.936000015026224, 22.447769878372249 ], [ 120.936580634160308, 22.448436098007182 ], [ 120.937075572965483, 22.448740644102269 ], [ 120.937503878965785, 22.448892908126471 ], [ 120.937770404688052, 22.449406858035974 ], [ 120.938322464079462, 22.449958865046007 ], [ 120.938560427860111, 22.450320530984708 ], [ 120.938750783272326, 22.450339557160209 ], [ 120.939112470209864, 22.450577485041531 ], [ 120.939635990198468, 22.451367439402219 ], [ 120.940540226509384, 22.452290624482643 ], [ 120.941092267758449, 22.452528542862463 ], [ 120.941143083100769, 22.452780168145896 ], [ 120.941554271285824, 22.453176089650594 ], [ 120.942193896080795, 22.453769970766388 ], [ 120.94197310443451, 22.454105009652309 ], [ 120.941188871065037, 22.454561904974323 ], [ 120.940602600460295, 22.454919804911416 ], [ 120.939940189450226, 22.45530055145877 ], [ 120.939133106082778, 22.455628005339694 ], [ 120.938493517352015, 22.455658494340994 ], [ 120.937374246309645, 22.455871749758629 ], [ 120.936752904021077, 22.456165820613251 ], [ 120.937284984957131, 22.456538240404825 ], [ 120.9385128263702, 22.457508998516033 ], [ 120.939797726778096, 22.457661219775868 ], [ 120.9403402294177, 22.457537460813498 ] ] ] ] } },
{ "type": "Feature", "properties": { "番號": "51", "類型": null, "分區": "要", "郡\n支廳": "大武", "庄 (區)": null, "大字": null, "地名": "Kinabariyan社蕃地", "土地\n類型": "山林", "面積\n(公頃)": "131", "區分理由": "第七條第三號 (八)", "地        況": "位於大竹高溪中游左岸，為南向之陡坡地或險峻地。基岩及土壤狀況等，與番號28相同。惟溪畔可見多處崩塌。海拔高度介於300至940公尺。\n東側以稜線與要存置林野50相鄰。西側以溪流與準要存置林野152相連。南側以大竹高溪溪畔為界。", "林        況": "與番號46相同。", "參  考  事  項": null }, "geometry": { "type": "MultiPolygon", "coordinates": [ [ [ [ 120.850989019555385, 22.46584529504463 ], [ 120.851952736284105, 22.464614511020436 ], [ 120.852443808255572, 22.463883516464787 ], [ 120.852729299508013, 22.463186796396492 ], [ 120.852912006014094, 22.462604295529015 ], [ 120.853071867357727, 22.461976110175872 ], [ 120.853323090209599, 22.461199441974376 ], [ 120.853460118276288, 22.460731157456927 ], [ 120.853442365727872, 22.459873125163305 ], [ 120.853381441773152, 22.45969038569752 ], [ 120.853350966153158, 22.459362973559877 ], [ 120.853373793273093, 22.459096472930156 ], [ 120.853594581878539, 22.45870813407916 ], [ 120.854234127176767, 22.457923832224388 ], [ 120.854904124332165, 22.457055771869683 ], [ 120.855300030142843, 22.456515138857661 ], [ 120.855625187394566, 22.455971178134465 ], [ 120.85594873644439, 22.4550479316142 ], [ 120.856120017964301, 22.454400710022554 ], [ 120.856215139047833, 22.453429885712492 ], [ 120.856291250543848, 22.452906400777259 ], [ 120.856406358628135, 22.451931926966143 ], [ 120.856703271166992, 22.45123520634548 ], [ 120.857125794486635, 22.450138730227174 ], [ 120.857651090027417, 22.448711028192818 ], [ 120.858130691954727, 22.447134850158118 ], [ 120.858621721746729, 22.445672885622837 ], [ 120.858964315715014, 22.44491334499677 ], [ 120.859147051274093, 22.444833386033906 ], [ 120.859341152692451, 22.443794028359733 ], [ 120.8597457494173, 22.442639222284114 ], [ 120.859370710827108, 22.442819266800601 ], [ 120.859016653055093, 22.442842127277689 ], [ 120.858605502167535, 22.443093418732857 ], [ 120.858194342706341, 22.443196231904537 ], [ 120.857566201708352, 22.443687383723415 ], [ 120.857177898618659, 22.444030045292596 ], [ 120.856892375666206, 22.444178537823252 ], [ 120.856024404014804, 22.44494381536882 ], [ 120.854733868788614, 22.446108863233114 ], [ 120.854448351112538, 22.44634872701851 ], [ 120.854101176716995, 22.446901825957308 ], [ 120.853530137407134, 22.44731302509069 ], [ 120.85289058834168, 22.448032605623506 ], [ 120.852410925718502, 22.44855801426656 ], [ 120.851954086485989, 22.448752200977751 ], [ 120.851063258459348, 22.449277630141669 ], [ 120.850218108219337, 22.449677421554139 ], [ 120.849658484891236, 22.449997248871249 ], [ 120.849235907461249, 22.450157169655093 ], [ 120.848710535380476, 22.450259988535606 ], [ 120.847888207865992, 22.450317136609193 ], [ 120.847835593522134, 22.450319182541122 ], [ 120.848139877973054, 22.452889255148008 ], [ 120.848155201348249, 22.454533936963458 ], [ 120.848398933238073, 22.455889265071981 ], [ 120.848673112150124, 22.457077077693835 ], [ 120.848977731041359, 22.457975546489308 ], [ 120.849175755897392, 22.458950163317912 ], [ 120.849267173515713, 22.459772500044565 ], [ 120.849556545581621, 22.460351170209027 ], [ 120.849830702503382, 22.461158269268768 ], [ 120.850308580400309, 22.46268871392067 ], [ 120.850651290866125, 22.463945051556809 ], [ 120.850845522959915, 22.465167132386586 ], [ 120.850819059628193, 22.465927018348896 ], [ 120.850989019555385, 22.46584529504463 ] ] ] ] } },
{ "type": "Feature", "properties": { "番號": "52", "類型": null, "分區": "要", "郡\n支廳": "〃", "庄 (區)": null, "大字": null, "地名": "Kinabariyan社蕃地", "土地\n類型": "山林", "面積\n(公頃)": "45", "區分理由": "第七條第二號", "地        況": "位於大竹高溪上游左岸側匯入的支流源頭，為西向地。地勢、基岩及土壤狀況等，與番號28相同，海拔高度介於540至1,000公尺，且溪畔易崩塌之地甚多。\n東側以稜線與要存置林野50相鄰。北側以溪流與要存置林野53鄰接。南側以小稜線與準要存置林野152相連。西側以溪流與準要存置林野151毗鄰。", "林        況": "溪畔僅少部分為蕃人的現耕地及其開墾舊跡外。其餘區域為紅楠、櫟屬植物類為主要樹種的闊葉原生林。", "參  考  事  項": "依據治水調查之結果，選定為施業限制預定地。(詳情參見〈治水調查復命書〉)\r" }, "geometry": { "type": "MultiPolygon", "coordinates": [ [ [ [ 120.847303308495356, 22.469023326950385 ], [ 120.848354044059249, 22.468669210856202 ], [ 120.849381954270385, 22.468612052482165 ], [ 120.850590796865418, 22.46870369817346 ], [ 120.850697165431228, 22.467222993023515 ], [ 120.850811315966666, 22.466149375081002 ], [ 120.8508114515747, 22.466145481139609 ], [ 120.849895719509789, 22.465299818836325 ], [ 120.848239563992337, 22.464043546785945 ], [ 120.847211622083137, 22.463552477620855 ], [ 120.845018790748, 22.46443203545472 ], [ 120.843122905597482, 22.465197364398314 ], [ 120.841615330783497, 22.465745667222421 ], [ 120.839993552595431, 22.466453875453013 ], [ 120.839104165996389, 22.466994227314675 ], [ 120.839176253455122, 22.467084711066949 ], [ 120.83956461002883, 22.46766718343309 ], [ 120.839620820060304, 22.467761362482847 ], [ 120.840313417261385, 22.467653107221746 ], [ 120.842072286245326, 22.467561648120572 ], [ 120.84339715983657, 22.467687217428583 ], [ 120.844230933053083, 22.468052660810297 ], [ 120.84489340319918, 22.468692226514243 ], [ 120.845612972386562, 22.46920615388812 ], [ 120.846092679233365, 22.469445979474248 ], [ 120.847303308495356, 22.469023326950385 ] ] ] ] } },
{ "type": "Feature", "properties": { "番號": "11", "類型": null, "分區": "要", "郡\n支廳": "〃", "庄 (區)": "〃", "大字": "大得吉", "地名": "大得吉", "土地\n類型": "山林", "面積\n(公頃)": "55", "區分理由": "第七條第二號", "地        況": "大竹高溪下游左岸之東向、南向地。雖有部分崩塌地，整體多為陡坡及險峻地。基岩及土壤狀況等，與番號6相同。海拔高度在363公尺以下。\n東側以山麓為界。北側以稜線或小溪流，與準要存置林野117為界。西側以溪流與準要存置林野118為界。南側以大竹高溪溪畔為界。", "林        況": "同番號8。", "參  考  事  項": "依據治水調查結果，選定為施業限制預定地。(詳情參見〈治水調查復命書〉)\r" }, "geometry": { "type": "MultiPolygon", "coordinates": [ [ [ [ 120.947945347805984, 22.470883489850593 ], [ 120.947860422092504, 22.469789697202891 ], [ 120.947803293787004, 22.469408986572049 ], [ 120.947888932313688, 22.469047304486018 ], [ 120.947774642138029, 22.467705295163835 ], [ 120.947317763734873, 22.467219908286289 ], [ 120.947070276721988, 22.466763064463901 ], [ 120.946822788059038, 22.466277667129685 ], [ 120.946737097808082, 22.465744672530921 ], [ 120.94669899338416, 22.465164086370738 ], [ 120.946746566005828, 22.464888066719823 ], [ 120.947022556095988, 22.464478785944991 ], [ 120.947212875744512, 22.463879152706735 ], [ 120.946413326583112, 22.462822712709052 ], [ 120.945670896368426, 22.461985180110101 ], [ 120.944928512911531, 22.461956663661255 ], [ 120.943700745215978, 22.462261295744142 ], [ 120.941654461131421, 22.462689700576448 ], [ 120.941216642914824, 22.46263261541149 ], [ 120.939570038510922, 22.461947413338571 ], [ 120.939511516528782, 22.461920594052881 ], [ 120.939511535136106, 22.462242537870136 ], [ 120.939595323600059, 22.462805989650612 ], [ 120.939633461799787, 22.46397097102302 ], [ 120.939572618842774, 22.465189257226601 ], [ 120.939450815411689, 22.465592819607274 ], [ 120.939328620293068, 22.466080852813484 ], [ 120.939237279275531, 22.46658339918104 ], [ 120.939888324697804, 22.467165858311066 ], [ 120.940368040674443, 22.467565583520329 ], [ 120.940676423903938, 22.467725467786508 ], [ 120.940733541422901, 22.467919628813664 ], [ 120.940939133324065, 22.468079518212583 ], [ 120.942047041639626, 22.468878961212642 ], [ 120.942618125043424, 22.469232996237448 ], [ 120.943006453119949, 22.469324348081681 ], [ 120.943429060160923, 22.469678390520421 ], [ 120.944205727539014, 22.470055258085665 ], [ 120.944891019564167, 22.470340758976551 ], [ 120.946261591723669, 22.4707061754746 ], [ 120.947437993238438, 22.470911702004621 ], [ 120.947945347805984, 22.470883489850593 ] ] ] ] } },
{ "type": "Feature", "properties": { "番號": "46", "類型": null, "分區": "要", "郡\n支廳": "〃", "庄 (區)": null, "大字": null, "地名": "Raripa社蕃地", "土地\n類型": "山林", "面積\n(公頃)": "156", "區分理由": "第七條第三號 (八)", "地        況": "位於大竹高溪下游左岸，為東向及南向之陡坡地或險峻地。基岩及土壤狀況等，與番號28相同。海拔高度介於60至633公尺。\n東側以大竹高溪下游左岸支流溪畔為界。北側以稜線與要存置林野47相鄰。西側以小溪流與要存置林野48相連。南側以警察道路為界。", "林        況": "溪畔等其他處約20公頃為蕃人之現耕地及其開墾舊跡。其餘區域為紅楠、櫟屬植物類為主要樹種的闊葉原生林。", "參  考  事  項": null }, "geometry": { "type": "MultiPolygon", "coordinates": [ [ [ [ 120.899284208102728, 22.471078020870607 ], [ 120.900369226465855, 22.471055123866659 ], [ 120.901522759174568, 22.470803795327949 ], [ 120.903841241219496, 22.470221187845777 ], [ 120.905166073001169, 22.469627208590122 ], [ 120.906453870957961, 22.468930625477263 ], [ 120.907703457267573, 22.468954027959359 ], [ 120.909774522905082, 22.46913666701467 ], [ 120.910823759030109, 22.46918991450627 ], [ 120.9122870173276, 22.469269410553039 ], [ 120.914487301040708, 22.469431976393803 ], [ 120.914519833948361, 22.469277399027639 ], [ 120.91554760256372, 22.466774156376061 ], [ 120.916128123271875, 22.465736683076681 ], [ 120.916975114175088, 22.464251858104078 ], [ 120.917213032319964, 22.46382354352907 ], [ 120.917488995472809, 22.462947888684869 ], [ 120.917612676820241, 22.46210079495766 ], [ 120.915975601038809, 22.461605949130657 ], [ 120.915651991537942, 22.461482233396762 ], [ 120.914614532419819, 22.460996875468407 ], [ 120.913577081000597, 22.460644767266068 ], [ 120.912453965732595, 22.460216520636628 ], [ 120.910769297501275, 22.459655052310318 ], [ 120.909322576021694, 22.459160196966621 ], [ 120.908028135799171, 22.458627262667026 ], [ 120.907207033248156, 22.458188608238075 ], [ 120.907004621498331, 22.458570355541259 ], [ 120.906631547257504, 22.45892063059836 ], [ 120.905946325802418, 22.459857220052058 ], [ 120.905245881723914, 22.46089279578311 ], [ 120.904941333722178, 22.46122022461164 ], [ 120.904147598201405, 22.461947427056671 ], [ 120.903393831698537, 22.462581352697022 ], [ 120.903028383406024, 22.463135309112101 ], [ 120.902851383589336, 22.463649281199576 ], [ 120.902800027204236, 22.464328857394484 ], [ 120.902825132469118, 22.465054432655489 ], [ 120.902815662073223, 22.465872967194151 ], [ 120.902549194075434, 22.466358390237321 ], [ 120.902263680190103, 22.466662975310506 ], [ 120.901597472503468, 22.467224561021116 ], [ 120.900731394421328, 22.467814710229135 ], [ 120.89943703560462, 22.468690415969931 ], [ 120.898399642475283, 22.46934719860629 ], [ 120.898294957499644, 22.469518524920112 ], [ 120.897776715248654, 22.470064596271072 ], [ 120.897782250841814, 22.47033507708932 ], [ 120.897799940980818, 22.471210717311028 ], [ 120.897801107762888, 22.471226573220726 ], [ 120.898518992279008, 22.471226537364679 ], [ 120.899284208102728, 22.471078020870607 ] ] ] ] } },
{ "type": "Feature", "properties": { "番號": "47", "類型": null, "分區": "要", "郡\n支廳": "大武", "庄 (區)": null, "大字": null, "地名": "大板鹿社蕃地", "土地\n類型": "山林", "面積\n(公頃)": "103", "區分理由": "第七條第三號 (八)", "地        況": "位於大竹高溪下游左岸匯入之支流右岸，為東向及北向之陡坡地或險峻地。基岩及土壤狀況等，與番號28相同，海拔高度介於90至633公尺。\n東側以溪畔為界。北側以溪流與準要存置林野161連接。西側及南側以稜線與要存置林野48及46為界。", "林        況": "與番號46相同。", "參  考  事  項": null }, "geometry": { "type": "MultiPolygon", "coordinates": [ [ [ [ 120.898232791119085, 22.475877497935418 ], [ 120.89864395383151, 22.475831791772347 ], [ 120.899024663814643, 22.475854615564842 ], [ 120.899496728460221, 22.475610935327065 ], [ 120.899816522854678, 22.475595690810426 ], [ 120.900197232396252, 22.475610900332772 ], [ 120.900486568335367, 22.475565200255911 ], [ 120.900669299242921, 22.475405291447903 ], [ 120.90095457250213, 22.475328690326766 ], [ 120.901331485306343, 22.475522835394276 ], [ 120.901834014790424, 22.475420017639202 ], [ 120.901959640720023, 22.475282954495789 ], [ 120.902427911709481, 22.475271509697688 ], [ 120.902713451131206, 22.475408552301097 ], [ 120.90299897932141, 22.47535143100939 ], [ 120.903181712870492, 22.475237207824694 ], [ 120.903672826377971, 22.475225761885621 ], [ 120.903866994399849, 22.475339966242075 ], [ 120.904483737799282, 22.475259985593414 ], [ 120.904723579628083, 22.475180023773177 ], [ 120.905306075102999, 22.475374158569497 ], [ 120.905762926810795, 22.475396978558759 ], [ 120.906037036381932, 22.475385543460099 ], [ 120.906482481363994, 22.475659634940833 ], [ 120.906779440060404, 22.475762412756016 ], [ 120.907259130321961, 22.475716703170658 ], [ 120.907830197266406, 22.475785203075809 ], [ 120.908332725421303, 22.475659542511224 ], [ 120.909040854085688, 22.475842249624222 ], [ 120.909623345590475, 22.475967855985633 ], [ 120.910091612607047, 22.475887882754854 ], [ 120.910394278049196, 22.475923559526965 ], [ 120.910759762978685, 22.476003491107175 ], [ 120.911127594157691, 22.475950924314912 ], [ 120.910970089092999, 22.475559349286165 ], [ 120.911360287932382, 22.475083437901141 ], [ 120.912835412288828, 22.472979922055323 ], [ 120.913511118947895, 22.472094729389234 ], [ 120.913777578122918, 22.471457020948598 ], [ 120.914443713132243, 22.469639080664194 ], [ 120.914487301040708, 22.469431976393803 ], [ 120.9122870173276, 22.469269410553039 ], [ 120.910823759030109, 22.46918991450627 ], [ 120.909774522905082, 22.46913666701467 ], [ 120.907703457267573, 22.468954027959359 ], [ 120.906453870957961, 22.468930625477263 ], [ 120.905166073001169, 22.469627208590122 ], [ 120.903841241219496, 22.470221187845777 ], [ 120.901522759174568, 22.470803795327949 ], [ 120.900369226465855, 22.471055123866659 ], [ 120.899284208102728, 22.471078020870607 ], [ 120.898518992279008, 22.471226537364679 ], [ 120.897801107762888, 22.471226573220726 ], [ 120.897895193006875, 22.472505138535876 ], [ 120.897932138709436, 22.474992472982581 ], [ 120.897866301444495, 22.476207764697172 ], [ 120.898232791119085, 22.475877497935418 ] ] ] ] } },
{ "type": "Feature", "properties": { "番號": "48", "類型": null, "分區": "要", "郡\n支廳": "大武", "庄 (區)": null, "大字": null, "地名": "Toabaru社蕃地", "土地\n類型": "山林", "面積\n(公頃)": "360", "區分理由": "第七條第三號 (口)", "地        況": "介於大竹高溪與其下游左岸支流之間，為陡坡地或險峻地。基岩及土壤狀況等，與番號28相同，海拔高度介於90至1,182公尺。\n東側以溪流及小稜線，與要存置林野46及47相鄰。北側以溪流與準要存置林野162及要存置林野49相連。西側以溪流或是稜線，與要存置林野50及準要存置林野153鄰接。南側以稜線與準要存置林野154毗鄰，局部區域以大竹高溪溪畔為界。", "林        況": "溪畔等其他處約30公頃為蕃人現耕地及其開墾舊跡。其餘區域為紅楠、櫟屬植物類為主要樹種的闊葉原生林。", "參  考  事  項": null }, "geometry": { "type": "MultiPolygon", "coordinates": [ [ [ [ 120.85838360989726, 22.480693278536393 ], [ 120.859457193667964, 22.48043814680636 ], [ 120.860405152598148, 22.480339113912986 ], [ 120.861229131827315, 22.480316705818069 ], [ 120.861724045422434, 22.480183431343548 ], [ 120.861990537654705, 22.480116793155261 ], [ 120.862513995589381, 22.479831231833209 ], [ 120.863237323936616, 22.479517107008281 ], [ 120.863827411399058, 22.479326720746741 ], [ 120.865102773958455, 22.479126782406482 ], [ 120.866140186422172, 22.478803124052533 ], [ 120.867130010297473, 22.478479468077943 ], [ 120.867434569540933, 22.478346203118228 ], [ 120.86841488120298, 22.478117726008197 ], [ 120.868843175175243, 22.478060597576874 ], [ 120.869595061070129, 22.477822614042275 ], [ 120.870508750359093, 22.47762269377936 ], [ 120.870607724944918, 22.477455492134705 ], [ 120.870938934895847, 22.477341261522806 ], [ 120.871064563806996, 22.477255594698008 ], [ 120.871344384361805, 22.477249870014532 ], [ 120.871578524499625, 22.477324097457998 ], [ 120.872029657685886, 22.477209860854732 ], [ 120.872372283279873, 22.476998547718871 ], [ 120.87270920815466, 22.476958555963407 ], [ 120.873011875854843, 22.477032779983105 ], [ 120.873206043561893, 22.477141273642676 ], [ 120.873571523569481, 22.47713554467963 ], [ 120.873919865078463, 22.477015602509553 ], [ 120.874125445786035, 22.476981328019502 ], [ 120.874342454691941, 22.47706697772508 ], [ 120.874553746029676, 22.477032702949675 ], [ 120.874890672554514, 22.47702126471021 ], [ 120.874970626003346, 22.477101210559798 ], [ 120.875450316962599, 22.477066922375155 ], [ 120.875741562078815, 22.477118304152569 ], [ 120.875969992244436, 22.477203953287034 ], [ 120.876324052641024, 22.477226778410213 ], [ 120.876598172143204, 22.477386664402726 ], [ 120.876872281733597, 22.477375229301543 ], [ 120.877121263912414, 22.477352754762954 ], [ 120.877418216023315, 22.477341318520633 ], [ 120.877772268489551, 22.477227086769229 ], [ 120.877989263187345, 22.477067176240727 ], [ 120.87834332160017, 22.477055737145328 ], [ 120.878508932519154, 22.477101414496222 ], [ 120.878765912860914, 22.477135665876048 ], [ 120.879314133029965, 22.477129927783398 ], [ 120.879879485419266, 22.477129899537964 ], [ 120.880250667461496, 22.476975692009944 ], [ 120.880559043143379, 22.477004230118908 ], [ 120.880844574982603, 22.477009926556669 ], [ 120.881015885958973, 22.476872861123848 ], [ 120.881495577902498, 22.476855705049232 ], [ 120.88184392931592, 22.476907083973231 ], [ 120.882035549383431, 22.476850030821502 ], [ 120.882430531607781, 22.476797662976754 ], [ 120.882739856581779, 22.47678337076524 ], [ 120.883291883061673, 22.476764307509267 ], [ 120.883667832603948, 22.476759529807769 ], [ 120.884039030170158, 22.476873725323799 ], [ 120.884414981638884, 22.476902260056448 ], [ 120.884548234905836, 22.476992672864 ], [ 120.884683173272421, 22.477078936103513 ], [ 120.884838536007678, 22.477178256209243 ], [ 120.885366771496109, 22.477216301171911 ], [ 120.88588072600362, 22.47717820414103 ], [ 120.886228116336198, 22.477068731644042 ], [ 120.88659930756792, 22.477073472018461 ], [ 120.886813465281648, 22.47723050565191 ], [ 120.887617713178457, 22.477244742228969 ], [ 120.887833051589837, 22.477245921200534 ], [ 120.887998664157138, 22.477320152065417 ], [ 120.888164277384817, 22.477405804336193 ], [ 120.888529752753982, 22.477320125531996 ], [ 120.888849538126493, 22.477148788465694 ], [ 120.889631892462489, 22.477114485161351 ], [ 120.890128701419471, 22.476840346598081 ], [ 120.890419938265879, 22.476748960800716 ], [ 120.890859659422063, 22.476794624456403 ], [ 120.891139480954394, 22.476806031882667 ], [ 120.891407870655129, 22.476634697385435 ], [ 120.891676265311119, 22.476549023432383 ], [ 120.892081723346408, 22.47660611020579 ], [ 120.892362307550798, 22.476639218265319 ], [ 120.89275062951063, 22.476623970324244 ], [ 120.892918136919533, 22.476547819249941 ], [ 120.893169394949425, 22.476380292744647 ], [ 120.893504415492956, 22.476326976113587 ], [ 120.893793760246325, 22.476433561446644 ], [ 120.89396889372081, 22.476562995296874 ], [ 120.894471424314887, 22.47647921321505 ], [ 120.894760751888967, 22.476288841997118 ], [ 120.89520236953598, 22.476212677229473 ], [ 120.895659222576768, 22.476258340029322 ], [ 120.895887652180249, 22.476334471322854 ], [ 120.896405409797168, 22.476227845669516 ], [ 120.89675566132729, 22.476220213901279 ], [ 120.8974104877164, 22.476349623786643 ], [ 120.897866301444495, 22.476207764697172 ], [ 120.897932138709436, 22.474992472982581 ], [ 120.897895193006875, 22.472505138535876 ], [ 120.897801107762888, 22.471226573220726 ], [ 120.897799940980818, 22.471210717311028 ], [ 120.897782250841814, 22.47033507708932 ], [ 120.897776715248654, 22.470064596271072 ], [ 120.898294957499644, 22.469518524920112 ], [ 120.898399642475283, 22.46934719860629 ], [ 120.89943703560462, 22.468690415969931 ], [ 120.900731394421328, 22.467814710229135 ], [ 120.901597472503468, 22.467224561021116 ], [ 120.902263680190103, 22.466662975310506 ], [ 120.902549194075434, 22.466358390237321 ], [ 120.902815662073223, 22.465872967194151 ], [ 120.902825132469118, 22.465054432655489 ], [ 120.902800027204236, 22.464328857394484 ], [ 120.902851383589336, 22.463649281199576 ], [ 120.903028383406024, 22.463135309112101 ], [ 120.903393831698537, 22.462581352697022 ], [ 120.904147598201405, 22.461947427056671 ], [ 120.904941333722178, 22.46122022461164 ], [ 120.905245881723914, 22.46089279578311 ], [ 120.905946325802418, 22.459857220052058 ], [ 120.906631547257504, 22.45892063059836 ], [ 120.907004621498331, 22.458570355541259 ], [ 120.907207033248156, 22.458188608238075 ], [ 120.906103495372236, 22.457599069480494 ], [ 120.905758817403935, 22.457622065599001 ], [ 120.905425484504576, 22.458255750019923 ], [ 120.903750451779274, 22.459733002081293 ], [ 120.901633819894613, 22.461606218261245 ], [ 120.901099895968983, 22.461951742436991 ], [ 120.899653273477085, 22.463170097929542 ], [ 120.898435061217427, 22.464129556830162 ], [ 120.897186419556334, 22.465561102025102 ], [ 120.896546879184797, 22.466429160795457 ], [ 120.895821960703344, 22.467224697905653 ], [ 120.89438296119404, 22.468595338461583 ], [ 120.89405177305251, 22.469086475451174 ], [ 120.893298042542497, 22.47034286773513 ], [ 120.892829820418982, 22.471199496558622 ], [ 120.889917404386253, 22.47129101327338 ], [ 120.88804431045844, 22.471165471364642 ], [ 120.885730083116314, 22.471260765338247 ], [ 120.883480107395755, 22.47147788443521 ], [ 120.88169840663987, 22.471752087175531 ], [ 120.880293608129961, 22.47203769249802 ], [ 120.878386280762257, 22.472437536986142 ], [ 120.877826642303631, 22.472494671971667 ], [ 120.877392642333561, 22.472631750525139 ], [ 120.876273365413184, 22.472746020497205 ], [ 120.874160459962567, 22.473225825105757 ], [ 120.87293840490058, 22.47356852834103 ], [ 120.872778433265182, 22.47228933882257 ], [ 120.872709749817574, 22.469593890360738 ], [ 120.872881026456838, 22.468862911802457 ], [ 120.873150775527805, 22.467510318289261 ], [ 120.873527605146108, 22.466265366185553 ], [ 120.873767361154123, 22.464700621554126 ], [ 120.874167012177097, 22.46309018331673 ], [ 120.87442961006208, 22.461514016145149 ], [ 120.874623739803766, 22.460965778953945 ], [ 120.874600864935744, 22.460406131191572 ], [ 120.874954900908335, 22.460006364298817 ], [ 120.874991428428203, 22.459774933852824 ], [ 120.874505643079161, 22.459907448796926 ], [ 120.873957431373896, 22.460059761582759 ], [ 120.873850857586675, 22.460486166069529 ], [ 120.87359199504445, 22.460821206909717 ], [ 120.873119926835912, 22.461003972978883 ], [ 120.8725260256859, 22.461080145339267 ], [ 120.872008286517499, 22.461506570356509 ], [ 120.871551453697379, 22.461811164000061 ], [ 120.871185982159332, 22.461963467665186 ], [ 120.871125084614064, 22.462237584457181 ], [ 120.870972820504832, 22.462572619978292 ], [ 120.870729181909326, 22.462831517353312 ], [ 120.870531230997301, 22.46313609807271 ], [ 120.87048556356109, 22.463440671188476 ], [ 120.870272401909219, 22.464049823503647 ], [ 120.869969291678984, 22.464552570875156 ], [ 120.869970621197922, 22.464605629546796 ], [ 120.869980739351504, 22.465009426557621 ], [ 120.870129242813292, 22.465477696802356 ], [ 120.870060740341913, 22.465911713664813 ], [ 120.869992247116073, 22.466505630215931 ], [ 120.869855217742497, 22.466951071907442 ], [ 120.869512594450612, 22.467202359958367 ], [ 120.869135711338998, 22.467522178159001 ], [ 120.868804510628493, 22.467796308453217 ], [ 120.868427638083503, 22.468298869157096 ], [ 120.868187813402969, 22.468675787546438 ], [ 120.868005079835896, 22.468790010737138 ], [ 120.867639632515719, 22.469361099310863 ], [ 120.867388377328425, 22.469578118582405 ], [ 120.867080012535112, 22.469738033674179 ], [ 120.866863015846192, 22.469863679983341 ], [ 120.866623181259328, 22.470069277278704 ], [ 120.86638334865367, 22.470309138793564 ], [ 120.866052142659655, 22.470491897840148 ], [ 120.865606717452152, 22.47056044852717 ], [ 120.865412569889742, 22.470800307761081 ], [ 120.865127044974983, 22.470914536087751 ], [ 120.864761571895087, 22.471040189814353 ], [ 120.864316149328502, 22.471154426128155 ], [ 120.8638046035435, 22.471699506580585 ], [ 120.863205039094581, 22.472594213376539 ], [ 120.862824384900065, 22.473536498433678 ], [ 120.862500822698095, 22.474231316831386 ], [ 120.862110626565524, 22.474754817459921 ], [ 120.862015471414409, 22.475135535767222 ], [ 120.861710953460019, 22.475982638637834 ], [ 120.861244623298973, 22.476639392816999 ], [ 120.860444081451618, 22.477621515155025 ], [ 120.860360354172684, 22.478116446960492 ], [ 120.859560926703082, 22.479167256318888 ], [ 120.859408655119097, 22.479372849248019 ], [ 120.859073637632349, 22.47947946578379 ], [ 120.858837610575279, 22.479692677169314 ], [ 120.858022943304604, 22.480545516246028 ], [ 120.857801030380728, 22.480763345910766 ], [ 120.85838360989726, 22.480693278536393 ] ] ] ] } },
{ "type": "Feature", "properties": { "番號": "50", "類型": null, "分區": "要", "郡\n支廳": "〃", "庄 (區)": null, "大字": null, "地名": "Pa Ba ribukai社蕃地", "土地\n類型": "山林", "面積\n(公頃)": "476", "區分理由": "第七條第三號 (口)", "地        況": "位於大竹高溪中游左岸，為東向或南向之陡坡地或險峻地。基岩及土壤狀況等，與番號28相同，海拔高度介於242至1,190公尺。\n東側以稜線與準要存置林野153相鄰，部分以溪流與要存置林野48相連。北側及西側以稜線與要存置林野60、53、52、及51為界。南側以大竹高溪溪畔為界。", "林        況": "與番號48相同。", "參  考  事  項": null }, "geometry": { "type": "MultiPolygon", "coordinates": [ [ [ [ 120.857801030380728, 22.480763345910766 ], [ 120.858022943304604, 22.480545516246028 ], [ 120.858837610575279, 22.479692677169314 ], [ 120.859073637632349, 22.47947946578379 ], [ 120.859408655119097, 22.479372849248019 ], [ 120.859560926703082, 22.479167256318888 ], [ 120.860360354172684, 22.478116446960492 ], [ 120.860444081451618, 22.477621515155025 ], [ 120.861244623298973, 22.476639392816999 ], [ 120.861710953460019, 22.475982638637834 ], [ 120.862015471414409, 22.475135535767222 ], [ 120.862110626565524, 22.474754817459921 ], [ 120.862500822698095, 22.474231316831386 ], [ 120.862824384900065, 22.473536498433678 ], [ 120.863205039094581, 22.472594213376539 ], [ 120.8638046035435, 22.471699506580585 ], [ 120.864316149328502, 22.471154426128155 ], [ 120.864761571895087, 22.471040189814353 ], [ 120.865127044974983, 22.470914536087751 ], [ 120.865412569889742, 22.470800307761081 ], [ 120.865606717452152, 22.47056044852717 ], [ 120.866052142659655, 22.470491897840148 ], [ 120.86638334865367, 22.470309138793564 ], [ 120.866623181259328, 22.470069277278704 ], [ 120.866863015846192, 22.469863679983341 ], [ 120.867080012535112, 22.469738033674179 ], [ 120.867388377328425, 22.469578118582405 ], [ 120.867639632515719, 22.469361099310863 ], [ 120.868005079835896, 22.468790010737138 ], [ 120.868187813402969, 22.468675787546438 ], [ 120.868427638083503, 22.468298869157096 ], [ 120.868804510628493, 22.467796308453217 ], [ 120.869135711338998, 22.467522178159001 ], [ 120.869512594450612, 22.467202359958367 ], [ 120.869855217742497, 22.466951071907442 ], [ 120.869992247116073, 22.466505630215931 ], [ 120.870060740341913, 22.465911713664813 ], [ 120.870129242813292, 22.465477696802356 ], [ 120.869980739351504, 22.465009426557621 ], [ 120.869970621197922, 22.464605629546796 ], [ 120.869421631017858, 22.464833024874128 ], [ 120.868869618824689, 22.465099551921515 ], [ 120.868174839771484, 22.465347050421574 ], [ 120.866985163630389, 22.466013358538859 ], [ 120.866347499683556, 22.466413139608349 ], [ 120.865690815160136, 22.467069903274712 ], [ 120.865462397098568, 22.467193646585493 ], [ 120.864634393112908, 22.467840900971844 ], [ 120.863720724717354, 22.468402499090054 ], [ 120.862902228541344, 22.468878431908301 ], [ 120.862470134592243, 22.469058657903762 ], [ 120.861413705276689, 22.469704020139474 ], [ 120.860654208268244, 22.469995303942344 ], [ 120.860008917593362, 22.470178078678913 ], [ 120.859369332924445, 22.470280903284568 ], [ 120.858803980175949, 22.470275220819495 ], [ 120.858124212490608, 22.470062531073456 ], [ 120.857538866534199, 22.469953105162713 ], [ 120.857243812887859, 22.469876977188608 ], [ 120.857205735963021, 22.46977228286239 ], [ 120.857377039742047, 22.469510533736511 ], [ 120.85828117034275, 22.468601534964844 ], [ 120.859028267136495, 22.467840070542273 ], [ 120.859824943745565, 22.467223354112321 ], [ 120.860481625526049, 22.466519001243338 ], [ 120.860843271273836, 22.466043091241829 ], [ 120.861109734344836, 22.46547200760633 ], [ 120.861338104536941, 22.464520212322086 ], [ 120.861513735975933, 22.463659434005923 ], [ 120.861808725793864, 22.46263149268761 ], [ 120.862179866157078, 22.461755832989098 ], [ 120.863217232436938, 22.460632676221795 ], [ 120.863940545400908, 22.460052051946526 ], [ 120.865130211662716, 22.459214422745777 ], [ 120.865991542883947, 22.458830295296224 ], [ 120.866933779846221, 22.458535195258118 ], [ 120.867590491888862, 22.458354323539222 ], [ 120.868037810849984, 22.458116355242151 ], [ 120.86822814539407, 22.457773703549723 ], [ 120.868351846567464, 22.457269251927599 ], [ 120.868370838551741, 22.456517341728752 ], [ 120.868427882158144, 22.455432305279476 ], [ 120.868551537691189, 22.454137873056975 ], [ 120.868705533485169, 22.452887261037159 ], [ 120.868600817699971, 22.452525588397112 ], [ 120.868286656051325, 22.451193106673809 ], [ 120.868058152764121, 22.449841584998037 ], [ 120.86801049380783, 22.448623304037518 ], [ 120.867984789533381, 22.447578302378268 ], [ 120.867672331684759, 22.447455229746286 ], [ 120.867078395121553, 22.446918453286802 ], [ 120.866610100342839, 22.446518727432728 ], [ 120.866084688706053, 22.445936261926661 ], [ 120.865675395901008, 22.445400190089003 ], [ 120.864955828107639, 22.444909105519034 ], [ 120.864556066829735, 22.444612168899585 ], [ 120.863836502333214, 22.444178191359303 ], [ 120.863265422141538, 22.443881263286009 ], [ 120.862979883364574, 22.443755642061905 ], [ 120.862328853686279, 22.443447296570266 ], [ 120.861746354870391, 22.443196054690883 ], [ 120.861278074598602, 22.443047599770228 ], [ 120.860444294191225, 22.442556520891145 ], [ 120.859941758048862, 22.442545124556091 ], [ 120.8597457494173, 22.442639222284114 ], [ 120.859341152692451, 22.443794028359733 ], [ 120.859147051274093, 22.444833386033906 ], [ 120.858964315715014, 22.44491334499677 ], [ 120.858621721746729, 22.445672885622837 ], [ 120.858130691954727, 22.447134850158118 ], [ 120.857651090027417, 22.448711028192818 ], [ 120.857125794486635, 22.450138730227174 ], [ 120.856703271166992, 22.45123520634548 ], [ 120.856406358628135, 22.451931926966143 ], [ 120.856291250543848, 22.452906400777259 ], [ 120.856215139047833, 22.453429885712492 ], [ 120.856120017964301, 22.454400710022554 ], [ 120.85594873644439, 22.4550479316142 ], [ 120.855625187394566, 22.455971178134465 ], [ 120.855300030142843, 22.456515138857661 ], [ 120.854904124332165, 22.457055771869683 ], [ 120.854234127176767, 22.457923832224388 ], [ 120.853594581878539, 22.45870813407916 ], [ 120.853373793273093, 22.459096472930156 ], [ 120.853350966153158, 22.459362973559877 ], [ 120.853381441773152, 22.45969038569752 ], [ 120.853442365727872, 22.459873125163305 ], [ 120.853460118276288, 22.460731157456927 ], [ 120.853323090209599, 22.461199441974376 ], [ 120.853071867357727, 22.461976110175872 ], [ 120.852912006014094, 22.462604295529015 ], [ 120.852729299508013, 22.463186796396492 ], [ 120.852443808255572, 22.463883516464787 ], [ 120.851952736284105, 22.464614511020436 ], [ 120.850989019555385, 22.46584529504463 ], [ 120.850819059628193, 22.465927018348896 ], [ 120.8508114515747, 22.466145481139609 ], [ 120.850811315966666, 22.466149375081002 ], [ 120.850697165431228, 22.467222993023515 ], [ 120.850590796865418, 22.46870369817346 ], [ 120.850571632605565, 22.468970474539208 ], [ 120.850591654652362, 22.470258673395616 ], [ 120.85062024963932, 22.4709820277346 ], [ 120.850829713192311, 22.472257407704035 ], [ 120.851134332456226, 22.473161587196639 ], [ 120.851610273943905, 22.474122865164187 ], [ 120.852133811730013, 22.475217390499179 ], [ 120.852003192053601, 22.475407515859548 ], [ 120.851260860953488, 22.476287001275058 ], [ 120.850701279285161, 22.477326377259523 ], [ 120.85029013833109, 22.477748989857048 ], [ 120.849776211312999, 22.478262978846594 ], [ 120.84951355798988, 22.478879747944518 ], [ 120.849410810255847, 22.479633565936325 ], [ 120.849281039231542, 22.480289457722311 ], [ 120.849629538192957, 22.480291360436265 ], [ 120.853706928430483, 22.480291156690267 ], [ 120.856607945265253, 22.480576546897417 ], [ 120.857712926447746, 22.480849828707086 ], [ 120.857801030380728, 22.480763345910766 ] ] ] ] } },
{ "type": "Feature", "properties": { "番號": "53", "類型": null, "分區": "要", "郡\n支廳": "〃", "庄 (區)": null, "大字": null, "地名": "Taririku社蕃地", "土地\n類型": "山林", "面積\n(公頃)": "162", "區分理由": "第七條第二號", "地        況": "位於大竹高溪上游左岸側匯入的支流源頭，為西向崩塌地，且全年四季均持續崩塌。整體多為陡坡地。基岩及土壤狀況等，與番號28相同，海拔高度介於540至1,190公尺。\n東側及北側以稜線與要存置林野50及60相鄰。西側以溪流，南側同樣以溪流及小稜線與準要存置林野151及152相連。", "林        況": "與番號52相同。", "參  考  事  項": "依據治水調查之結果，選定為施業限制預定地之一部分。(詳情參見〈治水調查復命書〉)\r" }, "geometry": { "type": "MultiPolygon", "coordinates": [ [ [ [ 120.844337027314452, 22.482047475883853 ], [ 120.847020977461554, 22.481247843265759 ], [ 120.849076748972891, 22.48028834235048 ], [ 120.849281039231542, 22.480289457722311 ], [ 120.849410810255847, 22.479633565936325 ], [ 120.84951355798988, 22.478879747944518 ], [ 120.849776211312999, 22.478262978846594 ], [ 120.85029013833109, 22.477748989857048 ], [ 120.850701279285161, 22.477326377259523 ], [ 120.851260860953488, 22.476287001275058 ], [ 120.852003192053601, 22.475407515859548 ], [ 120.852133811730013, 22.475217390499179 ], [ 120.851610273943905, 22.474122865164187 ], [ 120.851134332456226, 22.473161587196639 ], [ 120.850829713192311, 22.472257407704035 ], [ 120.85062024963932, 22.4709820277346 ], [ 120.850591654652362, 22.470258673395616 ], [ 120.850571632605565, 22.468970474539208 ], [ 120.850590796865418, 22.46870369817346 ], [ 120.849381954270385, 22.468612052482165 ], [ 120.848354044059249, 22.468669210856202 ], [ 120.847303308495356, 22.469023326950385 ], [ 120.846092679233365, 22.469445979474248 ], [ 120.845612972386562, 22.46920615388812 ], [ 120.84489340319918, 22.468692226514243 ], [ 120.844230933053083, 22.468052660810297 ], [ 120.84339715983657, 22.467687217428583 ], [ 120.842072286245326, 22.467561648120572 ], [ 120.840313417261385, 22.467653107221746 ], [ 120.839620820060304, 22.467761362482847 ], [ 120.839987237652963, 22.468375289565227 ], [ 120.839918731219015, 22.468740778013849 ], [ 120.840044394157275, 22.469243313649766 ], [ 120.840181482320745, 22.469814377157466 ], [ 120.84011297126483, 22.470099915756858 ], [ 120.840170106635924, 22.470602454815616 ], [ 120.840078763626792, 22.471070737069596 ], [ 120.839967133891449, 22.471297172041606 ], [ 120.839955733768619, 22.471662657638696 ], [ 120.839773006796321, 22.471891094908834 ], [ 120.839624554178371, 22.472302272981217 ], [ 120.839384728826232, 22.472667769989656 ], [ 120.839122127017575, 22.474175408851313 ], [ 120.840435671198406, 22.475888554298241 ], [ 120.841189553748535, 22.477259085487386 ], [ 120.841700916326914, 22.478482292639388 ], [ 120.84211216544891, 22.479928983658027 ], [ 120.842477730412995, 22.481390905501137 ], [ 120.842681120329232, 22.482321972212201 ], [ 120.844337027314452, 22.482047475883853 ] ] ] ] } },
{ "type": "Feature", "properties": { "番號": "49", "類型": null, "分區": "要", "郡\n支廳": "〃", "庄 (區)": null, "大字": null, "地名": "Toakau社蕃地", "土地\n類型": "山林", "面積\n(公頃)": "158", "區分理由": "第七條第三號 (八)", "地        況": "位於大竹高溪左岸之支流源頭，為東向之陡坡地或險峻地。基岩及土壤狀況等，與番號28相同，海拔高度介於273至1,182公尺。\n東側及北側以稜線與準要存置林野162相鄰。西側以稜線與要存置林野60鄰接。南側以溪流與要存置林野48接壤。", "林        況": "與番號48相同。", "參  考  事  項": null }, "geometry": { "type": "MultiPolygon", "coordinates": [ [ [ [ 120.869956400483488, 22.487951987574515 ], [ 120.871169886009795, 22.487547418773683 ], [ 120.871931273081145, 22.487023899588241 ], [ 120.872426170683113, 22.486614607788468 ], [ 120.873020055959174, 22.486264321641894 ], [ 120.873674836995278, 22.485609461615677 ], [ 120.874268707286603, 22.485000290261077 ], [ 120.874725535672937, 22.484619553884322 ], [ 120.875349863540805, 22.484025609552429 ], [ 120.875806693689981, 22.483675330261182 ], [ 120.876217834390232, 22.48324891054515 ], [ 120.876735573521884, 22.48282248550316 ], [ 120.877085807883759, 22.482517897166399 ], [ 120.87757308591479, 22.48201533093965 ], [ 120.878456293924131, 22.481390916596173 ], [ 120.87959836709301, 22.48047714702918 ], [ 120.880603383375032, 22.479532927232185 ], [ 120.880999305421582, 22.479274022242937 ], [ 120.881791144228188, 22.478664841016844 ], [ 120.88241243889513, 22.478286380717865 ], [ 120.88340605219814, 22.477658153737853 ], [ 120.883897154496282, 22.477452543891946 ], [ 120.884683173272421, 22.477078936103513 ], [ 120.884548234905836, 22.476992672864 ], [ 120.884414981638884, 22.476902260056448 ], [ 120.884039030170158, 22.476873725323799 ], [ 120.883667832603948, 22.476759529807769 ], [ 120.883291883061673, 22.476764307509267 ], [ 120.882739856581779, 22.47678337076524 ], [ 120.882430531607781, 22.476797662976754 ], [ 120.882035549383431, 22.476850030821502 ], [ 120.88184392931592, 22.476907083973231 ], [ 120.881495577902498, 22.476855705049232 ], [ 120.881015885958973, 22.476872861123848 ], [ 120.880844574982603, 22.477009926556669 ], [ 120.880559043143379, 22.477004230118908 ], [ 120.880250667461496, 22.476975692009944 ], [ 120.879879485419266, 22.477129899537964 ], [ 120.879314133029965, 22.477129927783398 ], [ 120.878765912860914, 22.477135665876048 ], [ 120.878508932519154, 22.477101414496222 ], [ 120.87834332160017, 22.477055737145328 ], [ 120.877989263187345, 22.477067176240727 ], [ 120.877772268489551, 22.477227086769229 ], [ 120.877418216023315, 22.477341318520633 ], [ 120.877121263912414, 22.477352754762954 ], [ 120.876872281733597, 22.477375229301543 ], [ 120.876598172143204, 22.477386664402726 ], [ 120.876324052641024, 22.477226778410213 ], [ 120.875969992244436, 22.477203953287034 ], [ 120.875741562078815, 22.477118304152569 ], [ 120.875450316962599, 22.477066922375155 ], [ 120.874970626003346, 22.477101210559798 ], [ 120.874890672554514, 22.47702126471021 ], [ 120.874553746029676, 22.477032702949675 ], [ 120.874342454691941, 22.47706697772508 ], [ 120.874125445786035, 22.476981328019502 ], [ 120.873919865078463, 22.477015602509553 ], [ 120.873571523569481, 22.47713554467963 ], [ 120.873206043561893, 22.477141273642676 ], [ 120.873011875854843, 22.477032779983105 ], [ 120.87270920815466, 22.476958555963407 ], [ 120.872372283279873, 22.476998547718871 ], [ 120.872029657685886, 22.477209860854732 ], [ 120.871578524499625, 22.477324097457998 ], [ 120.871344384361805, 22.477249870014532 ], [ 120.871064563806996, 22.477255594698008 ], [ 120.870938934895847, 22.477341261522806 ], [ 120.870607724944918, 22.477455492134705 ], [ 120.870508750359093, 22.47762269377936 ], [ 120.869595061070129, 22.477822614042275 ], [ 120.868843175175243, 22.478060597576874 ], [ 120.86841488120298, 22.478117726008197 ], [ 120.867434569540933, 22.478346203118228 ], [ 120.867130010297473, 22.478479468077943 ], [ 120.866140186422172, 22.478803124052533 ], [ 120.865102773958455, 22.479126782406482 ], [ 120.863827411399058, 22.479326720746741 ], [ 120.863237323936616, 22.479517107008281 ], [ 120.862513995589381, 22.479831231833209 ], [ 120.861990537654705, 22.480116793155261 ], [ 120.861724045422434, 22.480183431343548 ], [ 120.861229131827315, 22.480316705818069 ], [ 120.860405152598148, 22.480339113912986 ], [ 120.859457193667964, 22.48043814680636 ], [ 120.85838360989726, 22.480693278536393 ], [ 120.857801030380728, 22.480763345910766 ], [ 120.857712926447746, 22.480849828707086 ], [ 120.858778015918205, 22.481113244575262 ], [ 120.860035567194814, 22.48150817204937 ], [ 120.862913806237827, 22.48291286123516 ], [ 120.863747595294839, 22.483552418337563 ], [ 120.865323790761437, 22.484614530378945 ], [ 120.866717252664301, 22.485790865612564 ], [ 120.867490889444881, 22.48642522262756 ], [ 120.868831046620727, 22.487506382128561 ], [ 120.869468104615905, 22.488208378377415 ], [ 120.869956400483488, 22.487951987574515 ] ] ] ] } },
{ "type": "Feature", "properties": { "番號": "54", "類型": null, "分區": "要", "郡\n支廳": "大武", "庄 (區)": null, "大字": null, "地名": "Taririku社蕃地", "土地\n類型": "山林", "面積\n(公頃)": "626", "區分理由": "第七條第三號 (口)", "地        況": "位於大竹高溪上游左岸側匯入之支流源頭，為東向或南向之陡坡地或險峻地。基岩及土壤狀況等，與番號38相同，海拔高度介於273至1,860公尺。\n東側以稜線與準要存置林野151相鄰。北側及西側以稜線與要存置林野60及55相連。南側以稜線與準要存置林野150接壤。", "林        況": "與番號48相同。", "參  考  事  項": null }, "geometry": { "type": "MultiPolygon", "coordinates": [ [ [ [ 120.802724841057497, 22.491501278306604 ], [ 120.805146115197886, 22.490922472574109 ], [ 120.8068212019448, 22.490374161241441 ], [ 120.807841498740729, 22.490328424600136 ], [ 120.809044518978638, 22.48999333648867 ], [ 120.810586341119205, 22.489159496628329 ], [ 120.811385800384613, 22.488656914714095 ], [ 120.812482197259968, 22.487891625576697 ], [ 120.814035427432444, 22.486829357003785 ], [ 120.814766363750152, 22.486406728377556 ], [ 120.81550695597241, 22.486179024629912 ], [ 120.816999301610863, 22.485615493919113 ], [ 120.817715022577886, 22.485417487077417 ], [ 120.819862226020604, 22.485523979558344 ], [ 120.821141409131698, 22.485554372707675 ], [ 120.822786085844911, 22.485813175740745 ], [ 120.825344429126034, 22.485478019910644 ], [ 120.826699737217396, 22.48521906693156 ], [ 120.827902772391298, 22.485142864084803 ], [ 120.82951696417156, 22.484914355255558 ], [ 120.830152203968467, 22.484812369191957 ], [ 120.830289676766185, 22.484237329557519 ], [ 120.830529509380781, 22.483997468014952 ], [ 120.831123335667513, 22.482626869447785 ], [ 120.831500198306202, 22.48195298757792 ], [ 120.83218355271238, 22.480275592851715 ], [ 120.832659350498204, 22.478752714763541 ], [ 120.833078061807143, 22.477572481751363 ], [ 120.833884606640879, 22.476159042299237 ], [ 120.834684027781691, 22.47499782595283 ], [ 120.835350195367866, 22.473741437874288 ], [ 120.835749876763074, 22.472656384220691 ], [ 120.835940205799588, 22.47221855410282 ], [ 120.836033501814228, 22.471288999180807 ], [ 120.836109570456912, 22.470025026317405 ], [ 120.835987682018441, 22.468959034400498 ], [ 120.835545995616414, 22.467847372827315 ], [ 120.834921547017785, 22.466355006806666 ], [ 120.8345103358118, 22.465563143110025 ], [ 120.83429710634968, 22.464999697669626 ], [ 120.833962044814584, 22.464344887055329 ], [ 120.833464680546328, 22.463246553231233 ], [ 120.832939213373848, 22.46170468949494 ], [ 120.832687855169425, 22.460139969256243 ], [ 120.832173835017443, 22.459043539827103 ], [ 120.83151139127412, 22.458860830384715 ], [ 120.829753739691583, 22.458911137477255 ], [ 120.829478439352513, 22.459426291543586 ], [ 120.828897930061174, 22.460663639652196 ], [ 120.828307899204518, 22.461834363364002 ], [ 120.828012903310309, 22.462757608520899 ], [ 120.827660793956213, 22.463557124618479 ], [ 120.826246297097697, 22.464151465357286 ], [ 120.824510298962224, 22.464734043828834 ], [ 120.821986238364744, 22.465396611514215 ], [ 120.820809866205479, 22.465705048266685 ], [ 120.819416507894587, 22.466321873862338 ], [ 120.818982526351633, 22.466778751840032 ], [ 120.81804602710811, 22.467544032922838 ], [ 120.816641266023254, 22.468480658512188 ], [ 120.815476326342875, 22.46898325863658 ], [ 120.815053751530741, 22.469188865082206 ], [ 120.815086606572152, 22.468941075793079 ], [ 120.814292877946627, 22.469816319084703 ], [ 120.813957866584772, 22.470029535429845 ], [ 120.813166065506309, 22.471293544105876 ], [ 120.812556971155672, 22.471978858999037 ], [ 120.811445372095761, 22.473197198028732 ], [ 120.811125589964604, 22.473425642160795 ], [ 120.810668771185362, 22.473973892558838 ], [ 120.810044446725527, 22.474628751133299 ], [ 120.809222159004804, 22.475374990863646 ], [ 120.808611644351572, 22.476187369003231 ], [ 120.807960695833231, 22.47728385668756 ], [ 120.807355450872407, 22.478700141514274 ], [ 120.806795885018602, 22.480013631391103 ], [ 120.806693140584358, 22.48082455649136 ], [ 120.806704631911899, 22.482035225162502 ], [ 120.806773109076445, 22.483356869000431 ], [ 120.80674270702599, 22.484301040247104 ], [ 120.806468673418081, 22.485625937272221 ], [ 120.805676875918138, 22.486950860181533 ], [ 120.804306421401961, 22.488626068537709 ], [ 120.802524834947576, 22.490879982138562 ], [ 120.801974812639585, 22.491662718395382 ], [ 120.802724841057497, 22.491501278306604 ] ] ] ] } },
{ "type": "Feature", "properties": { "番號": "65", "類型": null, "分區": "要", "郡\n支廳": "〃", "庄 (區)": null, "大字": null, "地名": "Tokotokowan社蕃地", "土地\n類型": "山林", "面積\n(公頃)": "7", "區分理由": "第七條第三號 (八)", "地        況": "位於大竹高溪下游左岸側匯入的支流處，為西向陡坡地。基岩及土壤狀況等，與番號28相同。海拔高度介於273至515公尺。\n南側以稜線與準要存置林野159相鄰。北側以蕃社界與要存置林野66鄰接。西側以溪流與要存置林野64毗鄰。", "林        況": "與番號63相同。", "參  考  事  項": null }, "geometry": { "type": "MultiPolygon", "coordinates": [ [ [ [ 120.915306672364565, 22.495101955639278 ], [ 120.91564929195745, 22.494787849860156 ], [ 120.916637200468529, 22.494262415820369 ], [ 120.918047684990754, 22.493554218171514 ], [ 120.918967721632271, 22.492994062461804 ], [ 120.917693555952539, 22.492345256320661 ], [ 120.916218266422902, 22.491593420880154 ], [ 120.91504755758217, 22.491079516157011 ], [ 120.914957375259789, 22.491151670787175 ], [ 120.915102076756483, 22.49132800831541 ], [ 120.915102096593955, 22.491670650477538 ], [ 120.915444762809614, 22.49216175378168 ], [ 120.915593261664966, 22.492550074142994 ], [ 120.915399126707399, 22.493006940065211 ], [ 120.915570479986457, 22.49360084458198 ], [ 120.915547665243878, 22.494080544750997 ], [ 120.915227918260811, 22.494914323334267 ], [ 120.915034979864998, 22.495308265977553 ], [ 120.915306672364565, 22.495101955639278 ] ] ] ] } },
{ "type": "Feature", "properties": { "番號": "64", "類型": null, "分區": "要", "郡\n支廳": "大武", "庄 (區)": null, "大字": null, "地名": "大板鹿社蕃地", "土地\n類型": "山林", "面積\n(公頃)": "110", "區分理由": "第七條第三號 (八)", "地        況": "位於大竹高溪下游左岸之支流源頭，為南向之陡坡地或險峻地。基岩及土壤狀況等，與番號38相同。海拔高度介於273至950公尺。\n東側以小溪流及稜線，與要存置林野65及66相鄰。北側以稜線與要存置林野63及67連接。西南側以稜線與準要存置林野161鄰接。", "林        況": "與番號63相同。", "參  考  事  項": null }, "geometry": { "type": "MultiPolygon", "coordinates": [ [ [ [ 120.911231396684556, 22.504814031189316 ], [ 120.911699658396486, 22.504642686684548 ], [ 120.912919614536364, 22.504631634925047 ], [ 120.913241940508911, 22.504034295967919 ], [ 120.913333275513722, 22.503428956905253 ], [ 120.913538837009128, 22.503063461646949 ], [ 120.913630173339016, 22.502480965396316 ], [ 120.913824292403376, 22.501749985733884 ], [ 120.913937707964962, 22.501682839646932 ], [ 120.914270777858192, 22.500816699738532 ], [ 120.914442050989663, 22.500026710625892 ], [ 120.914508639168318, 22.499408047831409 ], [ 120.914480051289161, 22.498808425472053 ], [ 120.91435629506978, 22.498361093278266 ], [ 120.913946977599466, 22.497399812115223 ], [ 120.914327647109829, 22.496724026590094 ], [ 120.914784445122194, 22.495819809150568 ], [ 120.915034979864998, 22.495308265977553 ], [ 120.915227918260811, 22.494914323334267 ], [ 120.915547665243878, 22.494080544750997 ], [ 120.915570479986457, 22.49360084458198 ], [ 120.915399126707399, 22.493006940065211 ], [ 120.915593261664966, 22.492550074142994 ], [ 120.915444762809614, 22.49216175378168 ], [ 120.915102096593955, 22.491670650477538 ], [ 120.915102076756483, 22.49132800831541 ], [ 120.914957375259789, 22.491151670787175 ], [ 120.914857212075589, 22.491231811077729 ], [ 120.91370560864533, 22.491926670809637 ], [ 120.912592076078582, 22.492621528642275 ], [ 120.911307239498015, 22.493573376666781 ], [ 120.910859938799376, 22.49412543363033 ], [ 120.909974846301793, 22.495077261677967 ], [ 120.909200149062372, 22.495852052423039 ], [ 120.908514937869441, 22.496963770163028 ], [ 120.908042898829379, 22.497649078103425 ], [ 120.907418568390838, 22.498197336792767 ], [ 120.906291719288518, 22.499034962889077 ], [ 120.905286684605798, 22.499659383325039 ], [ 120.904875538664541, 22.499994431786313 ], [ 120.903961852004713, 22.50023813413306 ], [ 120.903078649382223, 22.500953919728559 ], [ 120.902527663947694, 22.501215901742462 ], [ 120.902665246864004, 22.501273823838957 ], [ 120.90311069253363, 22.501559336707096 ], [ 120.904378482794684, 22.502084657969736 ], [ 120.904766818856331, 22.50231306666365 ], [ 120.905669145347659, 22.503123941344029 ], [ 120.905954698674478, 22.503500833451657 ], [ 120.907074025127898, 22.504243168840748 ], [ 120.908067691254487, 22.504528654284304 ], [ 120.908778808268579, 22.504642905777974 ], [ 120.909346884234878, 22.50473417560605 ], [ 120.910329124464567, 22.504939711779603 ], [ 120.911231396684556, 22.504814031189316 ] ] ] ] } },
{ "type": "Feature", "properties": { "番號": "66", "類型": null, "分區": "要", "郡\n支廳": "大武", "庄 (區)": null, "大字": null, "地名": "Kakerabuchiyan社蕃地", "土地\n類型": "山林", "面積\n(公頃)": "170", "區分理由": "第七條第三號 (八)", "地        況": "位於Tokotokowan山南側，為南向或西向之陡坡地或險峻地。基岩及土壤狀況等，與番號28相同。海拔高度介於335至909公尺。\n東側以稜線與準要存置林野117及116相鄰。北側以稜線與要存置林野67鄰接。西側以稜線及小溪流，與要存置林野64相連。南側從溪流匯流處至東側稜線之蕃社界，與要存置林野65及準要存置林野158毗鄰。", "林        況": "天然樹種栲櫧植物、櫟屬植物類為主要樹種的闊葉林。", "參  考  事  項": null }, "geometry": { "type": "MultiPolygon", "coordinates": [ [ [ [ 120.922859736951054, 22.508646368526737 ], [ 120.923042432972736, 22.507884932364153 ], [ 120.92387992314481, 22.506697064317603 ], [ 120.924397640124383, 22.505889925780053 ], [ 120.925691971841886, 22.504549749489428 ], [ 120.926014125101446, 22.504179965381852 ], [ 120.926379564366016, 22.503471819979779 ], [ 120.926813526554255, 22.502683721315641 ], [ 120.926961985057218, 22.502375335950035 ], [ 120.926995949255797, 22.502273422640204 ], [ 120.927224628362751, 22.501587245855767 ], [ 120.927019045038463, 22.501575834731423 ], [ 120.927064689055442, 22.500867705325785 ], [ 120.927404255487843, 22.498738938774888 ], [ 120.925960928818697, 22.497947200922088 ], [ 120.924990094014987, 22.497467550444536 ], [ 120.924236260487277, 22.496942203494335 ], [ 120.923802244041724, 22.496793746926109 ], [ 120.92307125369264, 22.496279820236953 ], [ 120.921597837844317, 22.495012117914836 ], [ 120.920444222544901, 22.49383577084102 ], [ 120.919749443241088, 22.493392115703596 ], [ 120.918967721632271, 22.492994062461804 ], [ 120.918047684990754, 22.493554218171514 ], [ 120.916637200468529, 22.494262415820369 ], [ 120.91564929195745, 22.494787849860156 ], [ 120.915306672364565, 22.495101955639278 ], [ 120.915034979864998, 22.495308265977553 ], [ 120.914784445122194, 22.495819809150568 ], [ 120.914327647109829, 22.496724026590094 ], [ 120.913946977599466, 22.497399812115223 ], [ 120.91435629506978, 22.498361093278266 ], [ 120.914480051289161, 22.498808425472053 ], [ 120.914508639168318, 22.499408047831409 ], [ 120.914442050989663, 22.500026710625892 ], [ 120.914270777858192, 22.500816699738532 ], [ 120.913937707964962, 22.501682839646932 ], [ 120.913824292403376, 22.501749985733884 ], [ 120.913630173339016, 22.502480965396316 ], [ 120.913538837009128, 22.503063461646949 ], [ 120.913333275513722, 22.503428956905253 ], [ 120.913241940508911, 22.504034295967919 ], [ 120.912919614536364, 22.504631634925047 ], [ 120.912967417532911, 22.504631201870776 ], [ 120.914502433274791, 22.504604855863292 ], [ 120.915347620364642, 22.504844663106617 ], [ 120.916683942780566, 22.505449930759795 ], [ 120.91684385364654, 22.505678350871165 ], [ 120.917951742931805, 22.50614657308104 ], [ 120.918625630981111, 22.506729031051904 ], [ 120.919573627266431, 22.507277211093928 ], [ 120.92033886950432, 22.50758555076218 ], [ 120.920830008138665, 22.508008118194567 ], [ 120.921538137460175, 22.50820224666391 ], [ 120.92197216516513, 22.50854486711415 ], [ 120.92270085543781, 22.508942260526194 ], [ 120.922859736951054, 22.508646368526737 ] ] ] ] } },
{ "type": "Feature", "properties": { "番號": "59", "類型": null, "分區": "要", "郡\n支廳": "大武", "庄 (區)": null, "大字": null, "地名": "Tsudakasu社蕃地", "土地\n類型": "山林", "面積\n(公頃)": "28", "區分理由": "第七條第二號", "地        況": "位於虷子崙溪中游右岸側匯入之支流左岸。為北向之陡坡地或險峻地。基岩及土壤狀況等，與番號38相同。海拔高度介於243至320公尺。\n北側以溪流與要存置林野58為界。南側以穿插於斷崖上部區域與準要存置林野163鄰接。", "林        況": "與番號57相同。", "參  考  事  項": "同上\r" }, "geometry": { "type": "MultiPolygon", "coordinates": [ [ [ [ 120.865543766210067, 22.511919616564015 ], [ 120.865181945450516, 22.511460428541515 ], [ 120.865124822043697, 22.511165378391691 ], [ 120.864962991610057, 22.510660941023389 ], [ 120.864353826256561, 22.510118454679546 ], [ 120.864058762124557, 22.509861487789532 ], [ 120.862916610667924, 22.509423724338227 ], [ 120.861422284358227, 22.508652854138123 ], [ 120.860698908600284, 22.508148444858417 ], [ 120.859760453719758, 22.50801143492448 ], [ 120.85886960198691, 22.508125693560334 ], [ 120.858580286765047, 22.508529264411312 ], [ 120.858016876726495, 22.509199348470204 ], [ 120.85768185924988, 22.509305965029064 ], [ 120.856722471562051, 22.509275555942295 ], [ 120.855481355902896, 22.509184246779718 ], [ 120.853357009289113, 22.509321409945642 ], [ 120.852656514101582, 22.509473730419153 ], [ 120.851621011140992, 22.509900181423752 ], [ 120.850877784349763, 22.510103424476746 ], [ 120.851153799816117, 22.510131964184669 ], [ 120.851353678506371, 22.510246168255055 ], [ 120.852238809693816, 22.50996058879322 ], [ 120.852914552748018, 22.509703573325879 ], [ 120.853390441937037, 22.509760656551602 ], [ 120.853752131754703, 22.510046173631405 ], [ 120.854532593421212, 22.510198420010102 ], [ 120.854998983648116, 22.510579110242123 ], [ 120.855903165709918, 22.510560029324889 ], [ 120.856607493907745, 22.510855047098346 ], [ 120.856897036244348, 22.510948862642323 ], [ 120.857525197653658, 22.510811774329838 ], [ 120.857936361724569, 22.510788910943994 ], [ 120.858678767519706, 22.511200044447911 ], [ 120.859660995959388, 22.511199995303055 ], [ 120.860311997238043, 22.511017220220868 ], [ 120.860734576608692, 22.510891563602279 ], [ 120.861374165231496, 22.510857267381112 ], [ 120.861899549189189, 22.510960033755911 ], [ 120.862059460081795, 22.511188453891744 ], [ 120.862733316457209, 22.511222684396689 ], [ 120.863110210781755, 22.511097030064413 ], [ 120.863898286383943, 22.511245468922425 ], [ 120.864435113447101, 22.511725141147597 ], [ 120.864891976457201, 22.511942125017292 ], [ 120.865543766210067, 22.511919616564015 ] ] ] ] } },
{ "type": "Feature", "properties": { "番號": "63", "類型": null, "分區": "要", "郡\n支廳": "〃", "庄 (區)": null, "大字": null, "地名": "Toakau社蕃地", "土地\n類型": "山林", "面積\n(公頃)": "360", "區分理由": "第七條第三號 (口)", "地        況": "位於虷子崙溪右岸，為北向之陡坡地或險峻地。基岩及土壤狀況等，與番號38相同。海拔高度介於212至980公尺。\n東側以溪流及稜線，與要存置林野67相鄰。北側以虷子崙溪溪畔為界。西側以溪流與準要存置林野162相連。南側以稜線與準要存置林野161及要存置林野64鄰接。", "林        況": "少部分為蕃人的現耕地及其開墾舊跡。其餘區域為紅楠、櫟屬植物類為主要樹種的闊葉原生林。", "參  考  事  項": null }, "geometry": { "type": "MultiPolygon", "coordinates": [ [ [ [ 120.903831530009541, 22.512135160754603 ], [ 120.904676686011783, 22.511838161918345 ], [ 120.905304814247543, 22.511130003332664 ], [ 120.905647430190598, 22.510753079800512 ], [ 120.906743825437545, 22.509964947951673 ], [ 120.907931584140712, 22.509062597478991 ], [ 120.908057202110086, 22.508788477457642 ], [ 120.90836557148468, 22.508708512191632 ], [ 120.90843404609123, 22.507794796309959 ], [ 120.908639587066375, 22.507075237469657 ], [ 120.908684996285729, 22.506421597668631 ], [ 120.908776349155204, 22.506124636551469 ], [ 120.908753470899129, 22.505507881789054 ], [ 120.908821981250213, 22.505210921814783 ], [ 120.908778808268579, 22.504642905777974 ], [ 120.908067691254487, 22.504528654284304 ], [ 120.907074025127898, 22.504243168840748 ], [ 120.905954698674478, 22.503500833451657 ], [ 120.905669145347659, 22.503123941344029 ], [ 120.904766818856331, 22.50231306666365 ], [ 120.904378482794684, 22.502084657969736 ], [ 120.90311069253363, 22.501559336707096 ], [ 120.902665246864004, 22.501273823838957 ], [ 120.902527663947694, 22.501215901742462 ], [ 120.90223122840861, 22.501091103051124 ], [ 120.901968524878995, 22.500839845260757 ], [ 120.901340319204991, 22.500211699356385 ], [ 120.900769236369285, 22.499869085739689 ], [ 120.899855523016498, 22.499652124720338 ], [ 120.899202801839024, 22.499718115979562 ], [ 120.898620304356783, 22.499489716990581 ], [ 120.897912131999362, 22.498553197120085 ], [ 120.89720395435161, 22.497525306000234 ], [ 120.896849885372987, 22.497354002615737 ], [ 120.895844776136215, 22.496691611329023 ], [ 120.894714046929195, 22.49626907584571 ], [ 120.894280035082318, 22.496200569110229 ], [ 120.893320633369981, 22.495926503336417 ], [ 120.892646772416057, 22.495812322968831 ], [ 120.891567800234341, 22.495477164003692 ], [ 120.891470361468066, 22.495446896795084 ], [ 120.890373918518875, 22.495412687397327 ], [ 120.889690636227385, 22.495319351565506 ], [ 120.887372111163259, 22.49515956780203 ], [ 120.885818827716548, 22.495296702337136 ], [ 120.883466069275244, 22.495662304970551 ], [ 120.881638684826768, 22.495959352901753 ], [ 120.879685683704935, 22.496553363680867 ], [ 120.878851938973682, 22.496679040839116 ], [ 120.878966178037231, 22.497135891380498 ], [ 120.879171772631068, 22.497341466414134 ], [ 120.879490346848613, 22.498169423128168 ], [ 120.879909159472533, 22.498740472501776 ], [ 120.880413610600101, 22.4989498397251 ], [ 120.881184571032946, 22.499387621746866 ], [ 120.882431449287992, 22.500377414604273 ], [ 120.883126285627398, 22.501119771263053 ], [ 120.883792564957005, 22.50179550447832 ], [ 120.884144745294137, 22.50222378959916 ], [ 120.883499922273558, 22.50226347950953 ], [ 120.883290552904384, 22.502615650007368 ], [ 120.883385796796816, 22.503767303709502 ], [ 120.883623779975679, 22.504462094021441 ], [ 120.883899826302326, 22.505023632689074 ], [ 120.884175857187898, 22.505318671877358 ], [ 120.884366242961036, 22.505861179151967 ], [ 120.884680345817202, 22.506175252112339 ], [ 120.885175282535812, 22.506441726834094 ], [ 120.885394201605237, 22.506641590492581 ], [ 120.885670230836595, 22.506908076163867 ], [ 120.885908196922315, 22.507307813478398 ], [ 120.886670631699786, 22.507756501767069 ], [ 120.887117972662878, 22.507899246966588 ], [ 120.887708074964394, 22.507965842316423 ], [ 120.887993615292729, 22.508118113448205 ], [ 120.888707471077737, 22.508584451822983 ], [ 120.888926405039982, 22.509041297117562 ], [ 120.889231003418104, 22.509583798672384 ], [ 120.889240553681333, 22.510145350664931 ], [ 120.889449966067261, 22.510535571565629 ], [ 120.88966888072359, 22.510659292513541 ], [ 120.890173325226485, 22.510754445660634 ], [ 120.890392243744301, 22.510944791477218 ], [ 120.891010906915042, 22.511144635132318 ], [ 120.891382098417552, 22.511154134399646 ], [ 120.891934117158129, 22.51100182136657 ], [ 120.892371940400025, 22.511144567038144 ], [ 120.892752650721235, 22.511173101505932 ], [ 120.893152385442079, 22.511011278253868 ], [ 120.893552128989299, 22.511001740416081 ], [ 120.893999466636089, 22.511087378580868 ], [ 120.894465846335507, 22.511287229853352 ], [ 120.894798969175341, 22.511334802378776 ], [ 120.895132088704585, 22.511325267873918 ], [ 120.895360518316366, 22.511401399152334 ], [ 120.896074377402996, 22.511924844546151 ], [ 120.89670255055843, 22.51199143798538 ], [ 120.897003372033453, 22.512141831237301 ], [ 120.897223598321531, 22.512045131809288 ], [ 120.898148684619684, 22.511428329602275 ], [ 120.898674051317442, 22.511234139416331 ], [ 120.899028088525668, 22.510857215307293 ], [ 120.899542037934893, 22.510731554129162 ], [ 120.90069557987654, 22.510640125170735 ], [ 120.901392280031516, 22.510697197344694 ], [ 120.901940518372413, 22.511005547875197 ], [ 120.902408815839038, 22.511450959275059 ], [ 120.902785747200369, 22.511964903680372 ], [ 120.902865713893135, 22.512273277637831 ], [ 120.902933067600515, 22.512449241784513 ], [ 120.903831530009541, 22.512135160754603 ] ] ] ] } },
{ "type": "Feature", "properties": { "番號": "60", "類型": null, "分區": "要", "郡\n支廳": "〃", "庄 (區)": null, "大字": null, "地名": "Tsudakasu社蕃地", "土地\n類型": "山林", "面積\n(公頃)": "1,951.00", "區分理由": "第七條第三號 (イ)", "地        況": "位於Parifugai山及Taririku山北側之地。斷崖及崩塌地甚多，整體多為陡坡地或險峻地。基岩及土壤狀況等，與番號38相同。海拔高度介於300至1,910公尺。\n東側以稜線與準要存置林野162相鄰。北側以稜線及溪流，與準要存置林野163相連；另以溪流與要存置林野57連接。西側及南側以要存置林野55、54、準要存置林野151及要存置林野53、50及49接壤。", "林        況": "與番號57相同。", "參  考  事  項": null }, "geometry": { "type": "MultiPolygon", "coordinates": [ [ [ [ 120.809806478469113, 22.513174261097426 ], [ 120.810139599171563, 22.513183762267531 ], [ 120.810453678918208, 22.513098085989551 ], [ 120.810767755354121, 22.512955302671472 ], [ 120.811357858319354, 22.513031415862343 ], [ 120.81188131683696, 22.512755372306273 ], [ 120.812233469112201, 22.512698247643954 ], [ 120.812576109186409, 22.512736301857984 ], [ 120.813080540542785, 22.512603026855498 ], [ 120.813337502940868, 22.512326996636716 ], [ 120.813565917149205, 22.512136628406719 ], [ 120.813965648635332, 22.511917698084307 ], [ 120.814213108764505, 22.511908167861701 ], [ 120.814850772176669, 22.51149886883471 ], [ 120.815239791435431, 22.511197252814892 ], [ 120.815582427093091, 22.511159164310339 ], [ 120.815991671882685, 22.510864090794456 ], [ 120.816610325788233, 22.510902131198687 ], [ 120.817343172451416, 22.510597523651878 ], [ 120.817695326929325, 22.510578470351561 ], [ 120.818333019579327, 22.51067361684289 ], [ 120.818590006803547, 22.510825889422534 ], [ 120.819084921538618, 22.510711650580117 ], [ 120.819655982985566, 22.510683068486614 ], [ 120.81997959037534, 22.510768712853441 ], [ 120.82087425038219, 22.510673489689403 ], [ 120.821578543883376, 22.510368883574632 ], [ 120.822035395465747, 22.510387896395571 ], [ 120.822473201128332, 22.51022607121287 ], [ 120.822701618643521, 22.51009281002662 ], [ 120.823244128585898, 22.510092782882307 ], [ 120.823691462999776, 22.510121314019546 ], [ 120.82401505880037, 22.510007083751177 ], [ 120.824624191113529, 22.509978499754379 ], [ 120.82511911301377, 22.509987992830968 ], [ 120.825509344978187, 22.510083151703522 ], [ 120.826166057604553, 22.509911797729938 ], [ 120.826461099145192, 22.509778533211573 ], [ 120.826745037784661, 22.509664304928325 ], [ 120.827002027761353, 22.509864166704499 ], [ 120.82750646351495, 22.509807034427354 ], [ 120.827991859418219, 22.509673760385397 ], [ 120.828534372111918, 22.509721322439997 ], [ 120.829086403074655, 22.509778401858082 ], [ 120.829352906906323, 22.509911638279398 ], [ 120.8298763681628, 22.50968318393673 ], [ 120.830123828834019, 22.509683171555473 ], [ 120.830409372514609, 22.509892549741195 ], [ 120.830885262833334, 22.509968668647812 ], [ 120.831304029740679, 22.509749737383782 ], [ 120.831684730188883, 22.509606950741571 ], [ 120.832074959388407, 22.509654520415467 ], [ 120.83252229655119, 22.509730640750767 ], [ 120.833512130953238, 22.509587823632309 ], [ 120.834130781521949, 22.509568757000348 ], [ 120.834435345188595, 22.509511634724781 ], [ 120.834616173003909, 22.509359340244416 ], [ 120.834780100525109, 22.509324203831873 ], [ 120.834766408183114, 22.509051153014468 ], [ 120.834751157768196, 22.50867044019494 ], [ 120.834850133209059, 22.508518149810183 ], [ 120.834690209950409, 22.508076530055675 ], [ 120.834735831450871, 22.506980072656422 ], [ 120.834751027145728, 22.506416615794883 ], [ 120.83485759778813, 22.505936911350489 ], [ 120.834872798338537, 22.505457211476958 ], [ 120.835992076239066, 22.505358169955354 ], [ 120.837895603947146, 22.50508396095719 ], [ 120.840309283090733, 22.504840183528621 ], [ 120.841923475686528, 22.504626903180775 ], [ 120.842622507530081, 22.504405863983436 ], [ 120.844169125644612, 22.504215429832968 ], [ 120.844378463320183, 22.503315983544045 ], [ 120.844416492831655, 22.502602143691597 ], [ 120.844212989628787, 22.502353674811108 ], [ 120.844418548069939, 22.501934879599101 ], [ 120.844852527768012, 22.501447544519937 ], [ 120.845080932261851, 22.50108966233816 ], [ 120.845461620681149, 22.500739386811919 ], [ 120.84597172580176, 22.499970319885207 ], [ 120.846679780927715, 22.49888144366134 ], [ 120.84688505578147, 22.498496151262273 ], [ 120.846896418163226, 22.497479645460764 ], [ 120.846519433850418, 22.496051988422913 ], [ 120.846188156417014, 22.495001235533206 ], [ 120.846587898578221, 22.494966951324255 ], [ 120.847010472678406, 22.494749923460564 ], [ 120.847433059345718, 22.494749902331037 ], [ 120.847672913769685, 22.494886947223051 ], [ 120.848106927650775, 22.494989718185696 ], [ 120.848746516957547, 22.494966843391445 ], [ 120.848929270366398, 22.495195262394631 ], [ 120.849900081538493, 22.495263742294981 ], [ 120.850436897351457, 22.49554925062888 ], [ 120.851030820131129, 22.495846177513648 ], [ 120.851579047943218, 22.495971785577751 ], [ 120.851830336194951, 22.49632583662941 ], [ 120.851887461684171, 22.496657054575373 ], [ 120.85250423492333, 22.497091037199255 ], [ 120.852584228736063, 22.497867688873423 ], [ 120.852949732908101, 22.498278841246734 ], [ 120.853418015198713, 22.498461560340484 ], [ 120.853726415711819, 22.498918401196306 ], [ 120.854263227553162, 22.499135381083072 ], [ 120.854731499257042, 22.499135357665239 ], [ 120.855017053278203, 22.499523671220381 ], [ 120.855508185367, 22.499832024645706 ], [ 120.856239148057881, 22.499866252310763 ], [ 120.856673170532233, 22.500117501556687 ], [ 120.856821665451392, 22.500437293523305 ], [ 120.857152886651932, 22.500517226806561 ], [ 120.857541226728472, 22.500814163963749 ], [ 120.857666895006147, 22.501408070836444 ], [ 120.857745715918611, 22.50165337333301 ], [ 120.857981766340359, 22.501843718308418 ], [ 120.858362478126978, 22.501896999165929 ], [ 120.858735589414664, 22.502186322812058 ], [ 120.858964038896531, 22.502605096304102 ], [ 120.859207706139074, 22.502841126524913 ], [ 120.859611266181673, 22.502993391764818 ], [ 120.85983971610537, 22.503419779527153 ], [ 120.859931104721866, 22.503739574347421 ], [ 120.860311824007226, 22.503922297813777 ], [ 120.860593550207497, 22.503952740807193 ], [ 120.860805483710251, 22.504050446687053 ], [ 120.860889255506308, 22.504324556260581 ], [ 120.861292825254253, 22.504644335464864 ], [ 120.861627867436951, 22.504964118096417 ], [ 120.861696411768165, 22.505253456973644 ], [ 120.861757359574895, 22.505847367078786 ], [ 120.861818294145294, 22.50621284904847 ], [ 120.862039125926984, 22.506570708748349 ], [ 120.862163727077458, 22.506786972313265 ], [ 120.862999522053727, 22.506525736505214 ], [ 120.86433197104283, 22.505983153030563 ], [ 120.864541351447784, 22.505821339294677 ], [ 120.865159991490671, 22.505621433731147 ], [ 120.865959462094594, 22.505316822894908 ], [ 120.866197387929873, 22.505021757987151 ], [ 120.86717768357903, 22.504517263491145 ], [ 120.868186514180024, 22.50369867888741 ], [ 120.868662373020086, 22.503232280982292 ], [ 120.869204841543635, 22.502518415936809 ], [ 120.869912305705384, 22.502182083581097 ], [ 120.870673673454363, 22.501325440009477 ], [ 120.871730073895307, 22.500183246522823 ], [ 120.872596126611256, 22.499155276626023 ], [ 120.872919713556982, 22.498888760959264 ], [ 120.873966618887323, 22.498136799347375 ], [ 120.874442483242376, 22.497765579841953 ], [ 120.874628035274128, 22.49748721477588 ], [ 120.874679473268102, 22.497410047522905 ], [ 120.874440292969794, 22.497018705630325 ], [ 120.873149616444337, 22.495739572642961 ], [ 120.872547192806465, 22.494922496308948 ], [ 120.871740021606357, 22.493734710391031 ], [ 120.870917585909083, 22.49192255501087 ], [ 120.870110338012495, 22.489409885934808 ], [ 120.869577283255083, 22.488328686097599 ], [ 120.869468104615905, 22.488208378377415 ], [ 120.868831046620727, 22.487506382128561 ], [ 120.867490889444881, 22.48642522262756 ], [ 120.866717252664301, 22.485790865612564 ], [ 120.865323790761437, 22.484614530378945 ], [ 120.863747595294839, 22.483552418337563 ], [ 120.862913806237827, 22.48291286123516 ], [ 120.860035567194814, 22.48150817204937 ], [ 120.858778015918205, 22.481113244575262 ], [ 120.857712926447746, 22.480849828707086 ], [ 120.856607945265253, 22.480576546897417 ], [ 120.853706928430483, 22.480291156690267 ], [ 120.849629538192957, 22.480291360436265 ], [ 120.849281039231542, 22.480289457722311 ], [ 120.849076748972891, 22.48028834235048 ], [ 120.847020977461554, 22.481247843265759 ], [ 120.844337027314452, 22.482047475883853 ], [ 120.842681120329232, 22.482321972212201 ], [ 120.842338325737643, 22.482378796573613 ], [ 120.838877693424749, 22.482550290626904 ], [ 120.837358690096167, 22.482972958608109 ], [ 120.834708998387768, 22.483681218284271 ], [ 120.833019438602861, 22.484122295954208 ], [ 120.830750448983608, 22.484716322542539 ], [ 120.830152203968467, 22.484812369191957 ], [ 120.82951696417156, 22.484914355255558 ], [ 120.827902772391298, 22.485142864084803 ], [ 120.826699737217396, 22.48521906693156 ], [ 120.825344429126034, 22.485478019910644 ], [ 120.822786085844911, 22.485813175740745 ], [ 120.821141409131698, 22.485554372707675 ], [ 120.819862226020604, 22.485523979558344 ], [ 120.817715022577886, 22.485417487077417 ], [ 120.816999301610863, 22.485615493919113 ], [ 120.81550695597241, 22.486179024629912 ], [ 120.814766363750152, 22.486406728377556 ], [ 120.814035427432444, 22.486829357003785 ], [ 120.812482197259968, 22.487891625576697 ], [ 120.811385800384613, 22.488656914714095 ], [ 120.810586341119205, 22.489159496628329 ], [ 120.809044518978638, 22.48999333648867 ], [ 120.807841498740729, 22.490328424600136 ], [ 120.8068212019448, 22.490374161241441 ], [ 120.805146115197886, 22.490922472574109 ], [ 120.802724841057497, 22.491501278306604 ], [ 120.801974812639585, 22.491662718395382 ], [ 120.801521816393929, 22.491760223706482 ], [ 120.799389869423038, 22.492141043906862 ], [ 120.798354395405838, 22.493070036883367 ], [ 120.797303696566672, 22.494059944803261 ], [ 120.796131166515892, 22.494973716098396 ], [ 120.794547404853461, 22.494745367127614 ], [ 120.793633700304014, 22.494684498639348 ], [ 120.792720031033028, 22.495232771930063 ], [ 120.791334326118928, 22.496527267512942 ], [ 120.790420666550006, 22.497243054801 ], [ 120.789491793627008, 22.498217728112159 ], [ 120.78877700652383, 22.498764468614461 ], [ 120.787939498412243, 22.499647766094771 ], [ 120.787208589638226, 22.500546286791906 ], [ 120.787071553011302, 22.500866093085911 ], [ 120.786827917930424, 22.501185904712319 ], [ 120.786782245231294, 22.501399106623566 ], [ 120.786523391506137, 22.501886433004262 ], [ 120.785487926312257, 22.502967711481023 ], [ 120.784741772426557, 22.50357689059987 ], [ 120.784163113631678, 22.50389671898909 ], [ 120.783447412034576, 22.504429753863519 ], [ 120.78326959947475, 22.504567728741605 ], [ 120.784429753489576, 22.50530919443149 ], [ 120.787151916598049, 22.506955644654209 ], [ 120.789683694972609, 22.508078623160912 ], [ 120.792063135765289, 22.508268860918459 ], [ 120.795023165674991, 22.508601837230788 ], [ 120.796536517188471, 22.509191867612401 ], [ 120.796752746481474, 22.509510069921536 ], [ 120.796889810571457, 22.509664252076718 ], [ 120.797380933141724, 22.509806995107606 ], [ 120.797632225085778, 22.510223863939466 ], [ 120.797849243641949, 22.51047512406457 ], [ 120.798129068880357, 22.510549349217285 ], [ 120.798334651276818, 22.510543628226284 ], [ 120.798551660894447, 22.510640699338552 ], [ 120.798774385778117, 22.510817720023294 ], [ 120.799002815334035, 22.510891947747453 ], [ 120.799322608038679, 22.510846246112187 ], [ 120.799659531312813, 22.510777700803192 ], [ 120.799967905071682, 22.510771974668661 ], [ 120.800339102395526, 22.510880459473668 ], [ 120.800407632950424, 22.510931852381741 ], [ 120.800858772821911, 22.510931829807483 ], [ 120.801161441907482, 22.511028896633029 ], [ 120.80140015192265, 22.511125966658888 ], [ 120.801577193410083, 22.511331543148966 ], [ 120.801936966490544, 22.511388632187668 ], [ 120.802233925606274, 22.511497120706732 ], [ 120.802759323877027, 22.511845447368049 ], [ 120.802987757734698, 22.511993914244442 ], [ 120.80373585042787, 22.511993876809672 ], [ 120.804009977943124, 22.512290819706514 ], [ 120.804375462976992, 22.512370751274819 ], [ 120.804952235737645, 22.512353590300293 ], [ 120.805085649739496, 22.512479695006434 ], [ 120.805666236649529, 22.512584362194886 ], [ 120.806113565564914, 22.512517714928972 ], [ 120.806465732191924, 22.512708054109087 ], [ 120.806894036705216, 22.512831764597813 ], [ 120.807227167894155, 22.51302210473002 ], [ 120.80756981293905, 22.51314581950491 ], [ 120.808321713262842, 22.513155299718299 ], [ 120.808578686147612, 22.513060108457712 ], [ 120.80905457373369, 22.513088638163691 ], [ 120.809416254765864, 22.513221869825674 ], [ 120.809806478469113, 22.513174261097426 ] ] ] ] } },
{ "type": "Feature", "properties": { "番號": "58", "類型": null, "分區": "要", "郡\n支廳": "〃", "庄 (區)": null, "大字": null, "地名": "那保那保社蕃地", "土地\n類型": "山林", "面積\n(公頃)": "44", "區分理由": "第七條第二號", "地        況": "位於虷子崙溪中游右岸側匯入之支流左岸處。斷崖及絕險地甚多，整體為陡坡地。基岩及土壤狀況等，與番號38相同。海拔高度介於243至453公尺。\n北側以穿插於斷崖上部區域與準要存置林野164相鄰。南側以溪流與準要存置林野163及要存置林野59相鄰。", "林        況": "與番號57相同。", "參  考  事  項": "依據治水調查之結果，選定為施業限制預定地。(詳情參見〈治水調查復命書〉)\r" }, "geometry": { "type": "MultiPolygon", "coordinates": [ [ [ [ 120.864240834471161, 22.513391645160393 ], [ 120.865565679531898, 22.513026093851277 ], [ 120.866493655452373, 22.51256614645429 ], [ 120.866141927429709, 22.512302376132496 ], [ 120.865554408256813, 22.511919249058987 ], [ 120.865543766210067, 22.511919616564015 ], [ 120.864891976457201, 22.511942125017292 ], [ 120.864435113447101, 22.511725141147597 ], [ 120.863898286383943, 22.511245468922425 ], [ 120.863110210781755, 22.511097030064413 ], [ 120.862733316457209, 22.511222684396689 ], [ 120.862059460081795, 22.511188453891744 ], [ 120.861899549189189, 22.510960033755911 ], [ 120.861374165231496, 22.510857267381112 ], [ 120.860734576608692, 22.510891563602279 ], [ 120.860311997238043, 22.511017220220868 ], [ 120.859660995959388, 22.511199995303055 ], [ 120.858678767519706, 22.511200044447911 ], [ 120.857936361724569, 22.510788910943994 ], [ 120.857525197653658, 22.510811774329838 ], [ 120.856897036244348, 22.510948862642323 ], [ 120.856607493907745, 22.510855047098346 ], [ 120.855903165709918, 22.510560029324889 ], [ 120.854998983648116, 22.510579110242123 ], [ 120.854532593421212, 22.510198420010102 ], [ 120.853752131754703, 22.510046173631405 ], [ 120.853390441937037, 22.509760656551602 ], [ 120.852914552748018, 22.509703573325879 ], [ 120.852238809693816, 22.50996058879322 ], [ 120.851353678506371, 22.510246168255055 ], [ 120.851153799816117, 22.510131964184669 ], [ 120.850877784349763, 22.510103424476746 ], [ 120.850106867426462, 22.510417551743171 ], [ 120.849573883513017, 22.510560345999266 ], [ 120.849078957229082, 22.510474710208495 ], [ 120.848745831041583, 22.510370030643774 ], [ 120.847936826692987, 22.510398624638675 ], [ 120.847489485133693, 22.510246361591605 ], [ 120.846946959776702, 22.509979889234721 ], [ 120.845967073533146, 22.510040640172246 ], [ 120.846000535938288, 22.510153875100848 ], [ 120.846143327634167, 22.510601206405539 ], [ 120.846067201891657, 22.510877227555351 ], [ 120.84627659995769, 22.511019984668486 ], [ 120.84632420730469, 22.511343588824154 ], [ 120.846638316266123, 22.511762358038293 ], [ 120.846961936876326, 22.512076430543686 ], [ 120.847371203703759, 22.51216207061913 ], [ 120.848951147047984, 22.512200062920734 ], [ 120.849322333623377, 22.512123901633348 ], [ 120.849731603207303, 22.512257130904779 ], [ 120.850312176259507, 22.512123852104843 ], [ 120.851273471809591, 22.512228500236677 ], [ 120.852596442281481, 22.51236168378859 ], [ 120.854309633651212, 22.512399669422297 ], [ 120.85630301114054, 22.512581122461739 ], [ 120.857033975816748, 22.512649614328293 ], [ 120.858987049180897, 22.51330053679634 ], [ 120.860026392531751, 22.51344896307879 ], [ 120.862173596858625, 22.513574491110994 ], [ 120.864240834471161, 22.513391645160393 ] ] ] ] } },
{ "type": "Feature", "properties": { "番號": "61", "類型": null, "分區": "要", "郡\n支廳": "大武", "庄 (區)": null, "大字": null, "地名": "Tsudakasu社蕃地", "土地\n類型": "山林", "面積\n(公頃)": "85", "區分理由": "第七條第二號", "地        況": "位於虷子崙溪中游右岸的北向地，坡度較陡。地勢、基岩及土壤狀況等，與番號28相同，且多有崩塌之處。海拔高度介於240至1,000公尺。\n東側以稜線與準要存置林野162鄰接。東北側以小溪流與要存置林野62相鄰。北側以虷子崙溪溪畔為界。西側 (區分標樁57號) 以溪流與準要存置林野163接壤。", "林        況": "於本區域約15公頃的蕃人現耕地及其開墾舊跡。其餘部分區域為紅楠、櫟屬植物類為主要樹種的闊葉原生林。", "參  考  事  項": "依據治水調查之結果，選定為施業限制預定地。(詳情參見〈治水調查復命書〉)\r" }, "geometry": { "type": "MultiPolygon", "coordinates": [ [ [ [ 120.876414669011723, 22.513434246997626 ], [ 120.876772516191778, 22.51310681543896 ], [ 120.877716588974096, 22.511644828173445 ], [ 120.878325678726625, 22.510883370602308 ], [ 120.878561661470528, 22.509906194022989 ], [ 120.879284962505963, 22.509121887929716 ], [ 120.879453646399568, 22.508665996853605 ], [ 120.878556155149596, 22.508326453573023 ], [ 120.87788602226837, 22.506849318532375 ], [ 120.877733688495809, 22.505981299264107 ], [ 120.87739860661722, 22.504976232259661 ], [ 120.877017838817594, 22.503955938997464 ], [ 120.876728434928552, 22.502829041371371 ], [ 120.876697944707473, 22.502250358304067 ], [ 120.877398445151883, 22.502189409101778 ], [ 120.877154775715582, 22.50191530753461 ], [ 120.876895862934404, 22.501382321517408 ], [ 120.876050862702982, 22.499988190765919 ], [ 120.874942876061283, 22.497841021763218 ], [ 120.874679473268102, 22.497410047522905 ], [ 120.874628035274128, 22.49748721477588 ], [ 120.874605247266814, 22.497956562999651 ], [ 120.874284262753747, 22.499334444835526 ], [ 120.873951203302497, 22.500381423751616 ], [ 120.873542018108282, 22.501704423800572 ], [ 120.873530132566458, 22.501904735242928 ], [ 120.873473047438068, 22.502270223106159 ], [ 120.872308084817234, 22.502373074029592 ], [ 120.872342425359292, 22.503697955470088 ], [ 120.872239759093077, 22.505856606442904 ], [ 120.872194151488543, 22.507192913291959 ], [ 120.872254557033997, 22.509378586774307 ], [ 120.872254635369643, 22.510730119882691 ], [ 120.872140470209629, 22.511548659733482 ], [ 120.872125272383911, 22.512662830755399 ], [ 120.872177571510207, 22.512657239850789 ], [ 120.872558279312543, 22.512641992259653 ], [ 120.873441533171359, 22.512809462028184 ], [ 120.874081146712996, 22.513205372118389 ], [ 120.875192853146032, 22.513844915257867 ], [ 120.875845795789658, 22.513967309566194 ], [ 120.876414669011723, 22.513434246997626 ] ] ] ] } },
{ "type": "Feature", "properties": { "番號": "62", "類型": null, "分區": "要", "郡\n支廳": "〃", "庄 (區)": null, "大字": null, "地名": "Toakau社蕃地", "土地\n類型": "山林", "面積\n(公頃)": "75", "區分理由": "第七條第二號", "地        況": "位於虷子崙溪中游右岸之北向地，於溪畔處可見斷崖，整體上多為陡坡地或險峻地。基岩及土壤狀況等，與番號28相同。海拔高度介於212至607公尺。\n南側從區分標樁58開始，以稜線為界與準要存置林野162連接。北側以虷子崙溪溪畔為界。西側以小溪流與要存置林野61相鄰。", "林        況": "同上", "參  考  事  項": "同上\r" }, "geometry": { "type": "MultiPolygon", "coordinates": [ [ [ [ 120.888563510487373, 22.516752897672394 ], [ 120.889568554885955, 22.51629599112842 ], [ 120.890954295589779, 22.515625865954139 ], [ 120.891441575314417, 22.515153756782702 ], [ 120.891761366180475, 22.515077598072811 ], [ 120.892301203465919, 22.514946415245948 ], [ 120.892712352271971, 22.514660859519395 ], [ 120.893660261230977, 22.513701413975468 ], [ 120.893911526301508, 22.513655715778636 ], [ 120.894322679079551, 22.513438688490826 ], [ 120.894973662425897, 22.512947535457791 ], [ 120.8954305081879, 22.512867562757418 ], [ 120.895681758692106, 22.512570593629299 ], [ 120.895699737359323, 22.512566532925604 ], [ 120.895156061949791, 22.512592279732047 ], [ 120.893568510128716, 22.51264946619413 ], [ 120.893168768016125, 22.512683750413323 ], [ 120.892552021301341, 22.512706624083975 ], [ 120.891432745765783, 22.512843736959937 ], [ 120.890313470889453, 22.51299227124294 ], [ 120.889159927595159, 22.513060857397949 ], [ 120.888371856014203, 22.51298094698609 ], [ 120.887675162457555, 22.513038088876588 ], [ 120.886590134799334, 22.51290108629135 ], [ 120.885950545554337, 22.512923961106104 ], [ 120.885345204860926, 22.512684141862657 ], [ 120.884934024266187, 22.512421470091237 ], [ 120.884191643676516, 22.512444350048401 ], [ 120.883837572030245, 22.512227361044349 ], [ 120.882752510597726, 22.511507866735069 ], [ 120.882524059573313, 22.51106244331767 ], [ 120.882147134151751, 22.510651291547354 ], [ 120.881895836635735, 22.51013734083411 ], [ 120.880239682398482, 22.508903911801717 ], [ 120.879683077551348, 22.50875279636934 ], [ 120.879453646399568, 22.508665996853605 ], [ 120.879284962505963, 22.509121887929716 ], [ 120.878561661470528, 22.509906194022989 ], [ 120.878325678726625, 22.510883370602308 ], [ 120.877716588974096, 22.511644828173445 ], [ 120.876772516191778, 22.51310681543896 ], [ 120.876414669011723, 22.513434246997626 ], [ 120.875845795789658, 22.513967309566194 ], [ 120.875923821761205, 22.513981935559627 ], [ 120.876548184881798, 22.513997132859547 ], [ 120.877324842950529, 22.514210293584416 ], [ 120.877781691601101, 22.514179813640361 ], [ 120.878223318966803, 22.514271162793666 ], [ 120.878832464330955, 22.514469103357733 ], [ 120.879137044517165, 22.514697516245715 ], [ 120.879548239908189, 22.515215266094703 ], [ 120.879746217250016, 22.515367541606906 ], [ 120.8801117178879, 22.515717779780758 ], [ 120.880401066195333, 22.515885279261983 ], [ 120.881025416947779, 22.515687276973896 ], [ 120.881619323366252, 22.515702475795624 ], [ 120.882822367196582, 22.515778558302472 ], [ 120.883736075079653, 22.515900340913404 ], [ 120.884345223085248, 22.516143967098937 ], [ 120.885015273882317, 22.516204847735001 ], [ 120.885807156751284, 22.51635709352459 ], [ 120.88690361803431, 22.516707295113825 ], [ 120.887741187706396, 22.516889995699092 ], [ 120.888563510487373, 22.516752897672394 ] ] ] ] } },
{ "type": "Feature", "properties": { "番號": "57", "類型": null, "分區": "要", "郡\n支廳": "〃", "庄 (區)": null, "大字": null, "地名": "那保那保社蕃地", "土地\n類型": "山林", "面積\n(公頃)": "296", "區分理由": "第七條第三號 (口)", "地        況": "位於Naponaho山南側，絕峻地甚多，惟整體多為陡坡地。基岩、土壤狀況等，與番號38相同。海拔高度介於848至1,787公尺。\n東側以稜線與準要存置林野164相鄰。北側以稜線與要存置林野56鄰接。西南側同樣以稜線與要存置林野55毗鄰。南側以溪流與要存置林野60接壤。", "林        況": "溪畔僅少部分為蕃人的現耕地及其開墾舊跡外。其餘區域為以栲櫧植物類為主要樹種的闊葉原生林。", "參  考  事  項": null }, "geometry": { "type": "MultiPolygon", "coordinates": [ [ [ [ 120.803578033223332, 22.517644245729866 ], [ 120.805161779850863, 22.517613709371478 ], [ 120.805953653162405, 22.517598441192323 ], [ 120.806882588685937, 22.517704994507241 ], [ 120.808009488339295, 22.517735395192119 ], [ 120.809014555892659, 22.517674430709818 ], [ 120.810095760776548, 22.517537319696288 ], [ 120.811435848485445, 22.517415424270176 ], [ 120.811740401349226, 22.517171752321175 ], [ 120.812425678849692, 22.517202175111066 ], [ 120.813643637957341, 22.516799795053647 ], [ 120.814443105116723, 22.516434269984412 ], [ 120.815448129165262, 22.515623299717525 ], [ 120.816567349278856, 22.514526788540881 ], [ 120.817243809499459, 22.514326404157064 ], [ 120.819665085271595, 22.513778055409233 ], [ 120.820700606847268, 22.513671403782478 ], [ 120.822162533678352, 22.513762701886595 ], [ 120.822969637955183, 22.513793118584573 ], [ 120.823350358164191, 22.513991070600621 ], [ 120.824279287466695, 22.513991024114389 ], [ 120.824660004142757, 22.514128061955191 ], [ 120.826167616890004, 22.514234586315254 ], [ 120.827066092136462, 22.514280226983406 ], [ 120.828390988525825, 22.514797931162171 ], [ 120.82956358994285, 22.515117671894298 ], [ 120.831893559120857, 22.515665782855908 ], [ 120.832594064936416, 22.515696204885618 ], [ 120.833720982178619, 22.516031176442727 ], [ 120.834573769713032, 22.516031133763914 ], [ 120.834614673282999, 22.51600138203138 ], [ 120.834639692792194, 22.515569356613561 ], [ 120.834725327972478, 22.515150567385703 ], [ 120.834791906747483, 22.514370101207206 ], [ 120.834829962720306, 22.514113117633986 ], [ 120.834867964617047, 22.512923385784312 ], [ 120.834791767696188, 22.511971605639093 ], [ 120.834791627560406, 22.509554074395105 ], [ 120.834780100525109, 22.509324203831873 ], [ 120.834616173003909, 22.509359340244416 ], [ 120.834435345188595, 22.509511634724781 ], [ 120.834130781521949, 22.509568757000348 ], [ 120.833512130953238, 22.509587823632309 ], [ 120.83252229655119, 22.509730640750767 ], [ 120.832074959388407, 22.509654520415467 ], [ 120.831684730188883, 22.509606950741571 ], [ 120.831304029740679, 22.509749737383782 ], [ 120.830885262833334, 22.509968668647812 ], [ 120.830409372514609, 22.509892549741195 ], [ 120.830123828834019, 22.509683171555473 ], [ 120.8298763681628, 22.50968318393673 ], [ 120.829352906906323, 22.509911638279398 ], [ 120.829086403074655, 22.509778401858082 ], [ 120.828534372111918, 22.509721322439997 ], [ 120.827991859418219, 22.509673760385397 ], [ 120.82750646351495, 22.509807034427354 ], [ 120.827002027761353, 22.509864166704499 ], [ 120.826745037784661, 22.509664304928325 ], [ 120.826461099145192, 22.509778533211573 ], [ 120.826166057604553, 22.509911797729938 ], [ 120.825509344978187, 22.510083151703522 ], [ 120.82511911301377, 22.509987992830968 ], [ 120.824624191113529, 22.509978499754379 ], [ 120.82401505880037, 22.510007083751177 ], [ 120.823691462999776, 22.510121314019546 ], [ 120.823244128585898, 22.510092782882307 ], [ 120.822701618643521, 22.51009281002662 ], [ 120.822473201128332, 22.51022607121287 ], [ 120.822035395465747, 22.510387896395571 ], [ 120.821578543883376, 22.510368883574632 ], [ 120.82087425038219, 22.510673489689403 ], [ 120.81997959037534, 22.510768712853441 ], [ 120.819655982985566, 22.510683068486614 ], [ 120.819084921538618, 22.510711650580117 ], [ 120.818590006803547, 22.510825889422534 ], [ 120.818333019579327, 22.51067361684289 ], [ 120.817695326929325, 22.510578470351561 ], [ 120.817343172451416, 22.510597523651878 ], [ 120.816610325788233, 22.510902131198687 ], [ 120.815991671882685, 22.510864090794456 ], [ 120.815582427093091, 22.511159164310339 ], [ 120.815239791435431, 22.511197252814892 ], [ 120.814850772176669, 22.51149886883471 ], [ 120.814213108764505, 22.511908167861701 ], [ 120.813965648635332, 22.511917698084307 ], [ 120.813565917149205, 22.512136628406719 ], [ 120.813337502940868, 22.512326996636716 ], [ 120.813080540542785, 22.512603026855498 ], [ 120.812576109186409, 22.512736301857984 ], [ 120.812233469112201, 22.512698247643954 ], [ 120.81188131683696, 22.512755372306273 ], [ 120.811357858319354, 22.513031415862343 ], [ 120.810767755354121, 22.512955302671472 ], [ 120.810453678918208, 22.513098085989551 ], [ 120.810139599171563, 22.513183762267531 ], [ 120.809806478469113, 22.513174261097426 ], [ 120.809416254765864, 22.513221869825674 ], [ 120.80905457373369, 22.513088638163691 ], [ 120.808578686147612, 22.513060108457712 ], [ 120.808321713262842, 22.513155299718299 ], [ 120.80756981293905, 22.51314581950491 ], [ 120.807227167894155, 22.51302210473002 ], [ 120.806894036705216, 22.512831764597813 ], [ 120.806465732191924, 22.512708054109087 ], [ 120.806113565564914, 22.512517714928972 ], [ 120.805666236649529, 22.512584362194886 ], [ 120.805085649739496, 22.512479695006434 ], [ 120.804952235737645, 22.512353590300293 ], [ 120.804375462976992, 22.512370751274819 ], [ 120.804009977943124, 22.512290819706514 ], [ 120.80373585042787, 22.511993876809672 ], [ 120.802987757734698, 22.511993914244442 ], [ 120.802759323877027, 22.511845447368049 ], [ 120.802233925606274, 22.511497120706732 ], [ 120.801936966490544, 22.511388632187668 ], [ 120.801577193410083, 22.511331543148966 ], [ 120.80140015192265, 22.511125966658888 ], [ 120.801161441907482, 22.511028896633029 ], [ 120.800858772821911, 22.510931829807483 ], [ 120.800407632950424, 22.510931852381741 ], [ 120.800339102395526, 22.510880459473668 ], [ 120.799967905071682, 22.510771974668661 ], [ 120.799659531312813, 22.510777700803192 ], [ 120.799322608038679, 22.510846246112187 ], [ 120.799002815334035, 22.510891947747453 ], [ 120.798774385778117, 22.510817720023294 ], [ 120.798551660894447, 22.510640699338552 ], [ 120.798334651276818, 22.510543628226284 ], [ 120.798129068880357, 22.510549349217285 ], [ 120.797849243641949, 22.51047512406457 ], [ 120.797632225085778, 22.510223863939466 ], [ 120.797380933141724, 22.509806995107606 ], [ 120.796889810571457, 22.509664252076718 ], [ 120.796752746481474, 22.509510069921536 ], [ 120.796536517188471, 22.509191867612401 ], [ 120.795023165674991, 22.508601837230788 ], [ 120.792063135765289, 22.508268860918459 ], [ 120.789683694972609, 22.508078623160912 ], [ 120.787151916598049, 22.506955644654209 ], [ 120.784429753489576, 22.50530919443149 ], [ 120.78326959947475, 22.504567728741605 ], [ 120.782564207403937, 22.505115082568889 ], [ 120.782085201498347, 22.505250947992494 ], [ 120.782993107037768, 22.506638845180721 ], [ 120.784443705419307, 22.508329141089973 ], [ 120.785277507271942, 22.509185705021064 ], [ 120.787756010716251, 22.510727471169414 ], [ 120.788292829936864, 22.511070086565649 ], [ 120.789514932876173, 22.511549724572287 ], [ 120.79090839713389, 22.512760324148818 ], [ 120.791547387550793, 22.513350398279673 ], [ 120.792598211717163, 22.514522943633189 ], [ 120.793192159766249, 22.515253884052843 ], [ 120.79436479219325, 22.516106623865273 ], [ 120.794821657714891, 22.516365486258156 ], [ 120.795583108786786, 22.51694413284298 ], [ 120.796801396235026, 22.51727909984692 ], [ 120.797897848930432, 22.51747701604641 ], [ 120.798735413488515, 22.517568345391709 ], [ 120.799314099625121, 22.517720601872181 ], [ 120.800334400848897, 22.517751007892333 ], [ 120.801248100086909, 22.517720505070486 ], [ 120.801933377605209, 22.517750927859449 ], [ 120.803578033223332, 22.517644245729866 ] ] ] ] } },
{ "type": "Feature", "properties": { "番號": "67", "類型": null, "分區": "要", "郡\n支廳": "大武", "庄 (區)": null, "大字": null, "地名": "Rurakushi社蕃地", "土地\n類型": "山林", "面積\n(公頃)": "160", "區分理由": "第七條第三號 (八)", "地        況": "位於Tokotokowan山西側，為北向地。整體多為陡坡地或險峻地。基岩及土壤狀況等，與番號38相同。海拔高度介於182至817公尺。\n東側以稜線與準要存置林野116相鄰。北側與虷子崙溪溪畔鄰接，部分區域以小溪流及稜線，與準要存置林野160相連。西側以溪流及稜線，與要存置林野63接壤。南側以稜線，與要存置林野64及66毗鄰。", "林        況": "與番號63相同。", "參  考  事  項": null }, "geometry": { "type": "MultiPolygon", "coordinates": [ [ [ [ 120.913337710113979, 22.521622838539397 ], [ 120.913029041948363, 22.521152538037406 ], [ 120.912686336607209, 22.51998757181083 ], [ 120.912697690974696, 22.518834009269845 ], [ 120.912971770736235, 22.518308610893047 ], [ 120.913268716196029, 22.518182960570421 ], [ 120.913816894925915, 22.517463384582456 ], [ 120.914947547289486, 22.516561036959025 ], [ 120.915552851520886, 22.516172678879538 ], [ 120.916569289304121, 22.515236072761667 ], [ 120.917073323976254, 22.514829445503906 ], [ 120.917834705066937, 22.514205037238639 ], [ 120.918519935601282, 22.513428347379001 ], [ 120.919098569482685, 22.51268211993666 ], [ 120.91970768388903, 22.51234706156794 ], [ 120.920240648622482, 22.511874950144698 ], [ 120.920758379714883, 22.511311468241313 ], [ 120.921382714522181, 22.510839352249349 ], [ 120.921961349288807, 22.510108353356408 ], [ 120.922418162587221, 22.50946873180256 ], [ 120.92270085543781, 22.508942260526194 ], [ 120.92197216516513, 22.50854486711415 ], [ 120.921538137460175, 22.50820224666391 ], [ 120.920830008138665, 22.508008118194567 ], [ 120.92033886950432, 22.50758555076218 ], [ 120.919573627266431, 22.507277211093928 ], [ 120.918625630981111, 22.506729031051904 ], [ 120.917951742931805, 22.50614657308104 ], [ 120.91684385364654, 22.505678350871165 ], [ 120.916683942780566, 22.505449930759795 ], [ 120.915347620364642, 22.504844663106617 ], [ 120.914502433274791, 22.504604855863292 ], [ 120.912967417532911, 22.504631201870776 ], [ 120.912919614536364, 22.504631634925047 ], [ 120.911699658396486, 22.504642686684548 ], [ 120.911231396684556, 22.504814031189316 ], [ 120.910329124464567, 22.504939711779603 ], [ 120.909346884234878, 22.50473417560605 ], [ 120.908778808268579, 22.504642905777974 ], [ 120.908821981250213, 22.505210921814783 ], [ 120.908753470899129, 22.505507881789054 ], [ 120.908776349155204, 22.506124636551469 ], [ 120.908684996285729, 22.506421597668631 ], [ 120.908639587066375, 22.507075237469657 ], [ 120.90843404609123, 22.507794796309959 ], [ 120.90836557148468, 22.508708512191632 ], [ 120.908057202110086, 22.508788477457642 ], [ 120.907931584140712, 22.509062597478991 ], [ 120.906743825437545, 22.509964947951673 ], [ 120.905647430190598, 22.510753079800512 ], [ 120.905304814247543, 22.511130003332664 ], [ 120.904676686011783, 22.511838161918345 ], [ 120.903831530009541, 22.512135160754603 ], [ 120.902933067600515, 22.512449241784513 ], [ 120.903081322821933, 22.512836564241944 ], [ 120.903100437153512, 22.514197614150998 ], [ 120.903157587593697, 22.514959038349346 ], [ 120.903328950080976, 22.515710938994321 ], [ 120.903531531977478, 22.516375279645032 ], [ 120.904219138038059, 22.515880477318266 ], [ 120.904858688848705, 22.515195160965018 ], [ 120.905338350632789, 22.514658330889986 ], [ 120.905692384520549, 22.514224299754407 ], [ 120.906160632991032, 22.5138245271221 ], [ 120.906554632846465, 22.513244871064622 ], [ 120.90697720157543, 22.512936471965972 ], [ 120.90741117236476, 22.512296851530518 ], [ 120.907822307917769, 22.511782867702131 ], [ 120.908404741181144, 22.510903390321651 ], [ 120.908975730680439, 22.509635585722641 ], [ 120.909752425312234, 22.510480730887636 ], [ 120.910460584443783, 22.511188822611153 ], [ 120.911271549475444, 22.512148180113805 ], [ 120.911717050757773, 22.51339309104084 ], [ 120.911842742875734, 22.514398168449613 ], [ 120.911705746029668, 22.515403259002973 ], [ 120.911237529351865, 22.51635125910348 ], [ 120.910251557158176, 22.517441481617471 ], [ 120.909661487999699, 22.517945956566077 ], [ 120.909023845713023, 22.518716933364626 ], [ 120.908090200375497, 22.520217640594396 ], [ 120.908398990957423, 22.520378193456281 ], [ 120.909445962376935, 22.520768372419649 ], [ 120.910558418603628, 22.521208929193346 ], [ 120.911472135699086, 22.521490611468789 ], [ 120.912302093357354, 22.521711383771752 ], [ 120.913071127032595, 22.52174941663257 ], [ 120.913337710113979, 22.521622838539397 ] ] ] ] } },
{ "type": "Feature", "properties": { "番號": "70", "類型": null, "分區": "要", "郡\n支廳": "〃", "庄 (區)": null, "大字": null, "地名": "Jiyomoru社蕃地", "土地\n類型": "山林", "面積\n(公頃)": "166", "區分理由": "第七條第二號", "地        況": "位於虷子崙溪中流左岸，為西南向地。溪畔形成斷崖，且有易崩塌之處，惟其餘整體多為陡坡地。基岩及土壤狀況等，與番號38相同。海拔高度介於272至900公尺。\n東側以稜線與準要存置林野171相鄰。西側的北側高處以稜線為界；部分以小溪與要存置林野73為界。西南側以虷子崙溪溪畔為界。", "林        況": "與番號63相同。", "參  考  事  項": "依據治水調查之結果，選定為施業限制預定地。(詳情參見〈治水調查復命書〉)\r" }, "geometry": { "type": "MultiPolygon", "coordinates": [ [ [ [ 120.864408832415336, 22.533977048851341 ], [ 120.864713348547838, 22.533101392404205 ], [ 120.864684745129964, 22.532235270479706 ], [ 120.864408681065015, 22.531369160947285 ], [ 120.864370556620912, 22.530445932465206 ], [ 120.864789300282808, 22.529827251957371 ], [ 120.864989132029862, 22.529132439699364 ], [ 120.865027150987729, 22.528237760924178 ], [ 120.865233684586073, 22.527539299827207 ], [ 120.865370695318106, 22.526774058708138 ], [ 120.865656172502426, 22.52583748905435 ], [ 120.865964520701212, 22.525392038750862 ], [ 120.866204330735357, 22.524763849369947 ], [ 120.86632995267766, 22.524558257758471 ], [ 120.866604034445487, 22.524067123544746 ], [ 120.867175032555124, 22.522947797095121 ], [ 120.867597590051659, 22.52244523404465 ], [ 120.86797446316848, 22.521954094688905 ], [ 120.868088653252272, 22.521565761143243 ], [ 120.86832961977737, 22.521185130701813 ], [ 120.868752152767243, 22.520259975606844 ], [ 120.86877493898794, 22.519289154894704 ], [ 120.868957660612878, 22.518969346361235 ], [ 120.868614977756195, 22.518192707855306 ], [ 120.868489309449785, 22.517598800995223 ], [ 120.867723986310338, 22.51589704969405 ], [ 120.867130026454049, 22.514960524064964 ], [ 120.866642297419233, 22.514375306862576 ], [ 120.86647593201748, 22.514377184486801 ], [ 120.866312073949132, 22.514468563940355 ], [ 120.866150284895383, 22.514677964493558 ], [ 120.866188377285184, 22.515049158306933 ], [ 120.866102725003401, 22.515172894499777 ], [ 120.866083703364552, 22.515410841425815 ], [ 120.865921924244503, 22.515791563080569 ], [ 120.865065389289668, 22.516819532555619 ], [ 120.864094605855513, 22.51722884821671 ], [ 120.863418853996166, 22.517333578264921 ], [ 120.86262888566435, 22.517371689156334 ], [ 120.861876985441057, 22.517362208947532 ], [ 120.86157244111314, 22.517752455590799 ], [ 120.860963338108007, 22.518285485063817 ], [ 120.860658779982401, 22.518437785732086 ], [ 120.860439886832452, 22.518685260504082 ], [ 120.86005919800624, 22.519027921765328 ], [ 120.859497679172492, 22.519484806147275 ], [ 120.859288310364278, 22.519846494513537 ], [ 120.859117063761929, 22.521093340011543 ], [ 120.858926122249798, 22.521226004452078 ], [ 120.858754832041342, 22.521720940661744 ], [ 120.858535956558953, 22.522272986288662 ], [ 120.857974444353076, 22.522844084746691 ], [ 120.857498591604909, 22.523415178918171 ], [ 120.857108397210411, 22.523967233124434 ], [ 120.856899022885045, 22.524233743103522 ], [ 120.856803856752634, 22.524424104651729 ], [ 120.85653432468149, 22.524591124496972 ], [ 120.856252630721599, 22.52511652332397 ], [ 120.856024213010869, 22.525245977372833 ], [ 120.855689207907176, 22.525565793542523 ], [ 120.855217145020958, 22.525839930946272 ], [ 120.855026810990566, 22.526190196959512 ], [ 120.854486231139902, 22.526647080308592 ], [ 120.854229459622388, 22.526685508625622 ], [ 120.854707064967599, 22.527259962745344 ], [ 120.855820696453122, 22.52826879794738 ], [ 120.858047950034774, 22.530124665072968 ], [ 120.860180007661299, 22.531656930418908 ], [ 120.862283493902822, 22.532875108492174 ], [ 120.863002554388572, 22.533505668981732 ], [ 120.863996233906434, 22.534019582529574 ], [ 120.864349718459167, 22.534332473505216 ], [ 120.864408832415336, 22.533977048851341 ] ] ] ] } },
{ "type": "Feature", "properties": { "番號": "68", "類型": null, "分區": "要", "郡\n支廳": "〃", "庄 (區)": null, "大字": null, "地名": "近黃社蕃地", "土地\n類型": "山林", "面積\n(公頃)": "477", "區分理由": "第七條第三號 (口)", "地        況": "位於虷子崙溪中游左岸，為西南向地。溪畔可見斷崖及崩塌地，惟整體多為陡坡地或險峻地。基岩及土壤狀況等，與番號38相同。海拔高度介於167至1,030公尺。\n東側以蕃社界與準要存置林野113及112相鄰。北側以稜線與要存置林野69鄰接。西側以稜線及溪流，與準要存置林野167及166連接。南側以虷子崙溪溪畔為界。", "林        況": "與番號63相同。", "參  考  事  項": null }, "geometry": { "type": "MultiPolygon", "coordinates": [ [ [ [ 120.922441471039775, 22.547061476226713 ], [ 120.923004899038361, 22.546703577288078 ], [ 120.923644460362084, 22.546201003398473 ], [ 120.924542885428536, 22.545386231456099 ], [ 120.92534233059817, 22.544646338134299 ], [ 120.926061833439604, 22.54401812478541 ], [ 120.926678540308032, 22.54330996674981 ], [ 120.92689553229188, 22.543104370580693 ], [ 120.927192483699159, 22.543081512893892 ], [ 120.926575648841961, 22.541585339676345 ], [ 120.926061620572625, 22.540351853632782 ], [ 120.925869112295658, 22.540136998084677 ], [ 120.925754873183323, 22.539680147587589 ], [ 120.925364608156258, 22.539013918481576 ], [ 120.925345553939124, 22.538690312947036 ], [ 120.925136138775045, 22.538252502892007 ], [ 120.924974322135498, 22.537986011535111 ], [ 120.924679229850426, 22.537243634957409 ], [ 120.924536435937114, 22.53675823237543 ], [ 120.924203283287127, 22.536196696623332 ], [ 120.924200584788679, 22.536192184895214 ], [ 120.923622646270786, 22.535225906233826 ], [ 120.923032490435844, 22.534236080643527 ], [ 120.922699309619702, 22.533189135155521 ], [ 120.922337605483591, 22.532656154343325 ], [ 120.921990417300975, 22.532147919182488 ], [ 120.921457358933125, 22.531005805320468 ], [ 120.920863394254738, 22.529985522831925 ], [ 120.919903928963635, 22.528615002203814 ], [ 120.91950796812327, 22.528203851427545 ], [ 120.91891404497396, 22.527899310346804 ], [ 120.918396252950586, 22.527412022964622 ], [ 120.917680501267981, 22.527077030899878 ], [ 120.916340336172169, 22.525858814725019 ], [ 120.915274287483939, 22.524747184608792 ], [ 120.914638956768542, 22.523800889501416 ], [ 120.914391480691719, 22.52353440242371 ], [ 120.914380901367508, 22.523243931122007 ], [ 120.91426510240457, 22.523282537813284 ], [ 120.913754948844627, 22.523214034914947 ], [ 120.913359012735583, 22.523229283274421 ], [ 120.912833648493717, 22.523465351955597 ], [ 120.911752430635445, 22.523374034830741 ], [ 120.911593795996481, 22.523269981074687 ], [ 120.910839988456374, 22.523193876101615 ], [ 120.910230837394451, 22.522896950043116 ], [ 120.910032867130269, 22.522866502870436 ], [ 120.909370435404398, 22.522889378839469 ], [ 120.908966874960811, 22.522729499358473 ], [ 120.908289195456263, 22.522417348187329 ], [ 120.907657199222371, 22.522074737646875 ], [ 120.907055664096049, 22.521808268286243 ], [ 120.906804377838512, 22.521488481500541 ], [ 120.906362739904267, 22.521214389865349 ], [ 120.905639366085055, 22.52074234129584 ], [ 120.904969278671828, 22.52004947621171 ], [ 120.904382948487438, 22.519379449745571 ], [ 120.903868496131068, 22.519038260991952 ], [ 120.902943347605714, 22.518581451056658 ], [ 120.902651580744504, 22.518357784811887 ], [ 120.902379655328474, 22.518643689817097 ], [ 120.901709656660216, 22.519481293116339 ], [ 120.90075032647826, 22.520440739229432 ], [ 120.899912796572821, 22.520943323011238 ], [ 120.899477768192966, 22.521415432609029 ], [ 120.899648260955274, 22.521596240925152 ], [ 120.9008246970794, 22.522395680459709 ], [ 120.902417472466752, 22.5237872990486 ], [ 120.904336343467364, 22.525500413881584 ], [ 120.90537574567422, 22.526665345249381 ], [ 120.90570699732011, 22.527270663177902 ], [ 120.905421481732446, 22.52754479121344 ], [ 120.905044591429629, 22.527738973982615 ], [ 120.903754058005006, 22.528926864811201 ], [ 120.902840389702632, 22.529486559448745 ], [ 120.901515569303939, 22.530274702795211 ], [ 120.901170394716203, 22.530843220562936 ], [ 120.901056213930858, 22.53139145376927 ], [ 120.901204728747999, 22.532053887881936 ], [ 120.901547417575287, 22.532933318985741 ], [ 120.901650253322373, 22.533698548039631 ], [ 120.901638888406168, 22.534669368121083 ], [ 120.901718903514379, 22.535811504717142 ], [ 120.902369992219306, 22.537136355208197 ], [ 120.903114346095663, 22.538315578098445 ], [ 120.903548428886211, 22.539606175235839 ], [ 120.903662675299586, 22.540188661220018 ], [ 120.903959676456878, 22.541022408981803 ], [ 120.90449655457347, 22.5423815294028 ], [ 120.904679674803532, 22.542741817037339 ], [ 120.906076723080943, 22.542683535818441 ], [ 120.907371141339823, 22.542835756385585 ], [ 120.908741713704188, 22.543201172714003 ], [ 120.909823007623814, 22.544602144333759 ], [ 120.910508338020989, 22.545546279551829 ], [ 120.911026118585511, 22.545835595892214 ], [ 120.911513441573646, 22.54610968521693 ], [ 120.911878927181235, 22.546201038151928 ], [ 120.913081898407043, 22.545028380214521 ], [ 120.913279840373107, 22.544571514064838 ], [ 120.913355965300141, 22.544282167970447 ], [ 120.913462546035092, 22.543977591809309 ], [ 120.913462506242766, 22.543292307463027 ], [ 120.91396492670772, 22.54131257195748 ], [ 120.914893875252503, 22.54164755332609 ], [ 120.916471593588497, 22.542710426452242 ], [ 120.916928454570325, 22.542893146057054 ], [ 120.918557918505087, 22.54342606335954 ], [ 120.919486875884004, 22.543913330129985 ], [ 120.920400628792621, 22.544811768263578 ], [ 120.920903189841539, 22.545253370769988 ], [ 120.921207779745387, 22.545649297571824 ], [ 120.922334763984338, 22.547141638108108 ], [ 120.922381223247442, 22.547166132046712 ], [ 120.922441471039775, 22.547061476226713 ] ] ] ] } },
{ "type": "Feature", "properties": { "番號": "74", "類型": null, "分區": "要", "郡\n支廳": "〃", "庄 (區)": null, "大字": null, "地名": "Boketsu社蕃地", "土地\n類型": "山林", "面積\n(公頃)": "406", "區分理由": "第七條第一號", "地        況": "位於虷子崙溪上游左岸，為東向及南向之地。溪畔可見部分斷崖，惟整體多為陡坡地或險峻地。基岩及土壤狀況等，與番號38相同。海拔高度介於304至1,360公尺。\n東側以溪流與要存置林野73相鄰；另以稜線與準要存置林野172鄰接。北側及西側以稜線與要存置林野75、78及79接壤。南側以溪流與要存置林野56毗鄰。", "林        況": "與番號66相同。", "參  考  事  項": "依據治水調查之結果，選定編入為水源涵養保安林預定地。(詳情參見〈保安林編入調書〉)\r" }, "geometry": { "type": "MultiPolygon", "coordinates": [ [ [ [ 120.82713717617861, 22.548721914576554 ], [ 120.828062284448663, 22.548482018648738 ], [ 120.828369353697411, 22.548255729128101 ], [ 120.828496273818061, 22.548162197478941 ], [ 120.82998100931357, 22.547671002535868 ], [ 120.831328683693783, 22.547077021794415 ], [ 120.832002514912119, 22.546677238755326 ], [ 120.832360847526004, 22.546514180202955 ], [ 120.833662828230558, 22.545771723457623 ], [ 120.835044757764038, 22.545029262710624 ], [ 120.835535865377508, 22.544915024025819 ], [ 120.836232573608456, 22.545109153046432 ], [ 120.837054925001794, 22.545463175477831 ], [ 120.837877281700827, 22.545908569168812 ], [ 120.840195857480822, 22.546936379670438 ], [ 120.840401426254758, 22.546696519810169 ], [ 120.841132339884325, 22.545885563247502 ], [ 120.841760472112583, 22.545245932950742 ], [ 120.843085312559978, 22.544800431674446 ], [ 120.845095465164178, 22.544983073473261 ], [ 120.846574027355786, 22.544743689213139 ], [ 120.846770850642017, 22.544197847177131 ], [ 120.846808866239471, 22.543246061322193 ], [ 120.846904016886228, 22.542789200259005 ], [ 120.847284702380421, 22.542389431927631 ], [ 120.847627300423881, 22.541704130320856 ], [ 120.84802701582781, 22.541209182643364 ], [ 120.848160220769046, 22.540466784492018 ], [ 120.848293422396424, 22.53966727930489 ], [ 120.848940544309613, 22.538239570972241 ], [ 120.849340260823041, 22.537763658978651 ], [ 120.849816119078042, 22.537287743172026 ], [ 120.850368078188964, 22.536107503439524 ], [ 120.850689359915975, 22.535480071375446 ], [ 120.851024369432807, 22.535236397908122 ], [ 120.851618155685443, 22.533180514867134 ], [ 120.852082161434453, 22.531599639314987 ], [ 120.852105366491912, 22.531520579286692 ], [ 120.851846460712352, 22.531109421592625 ], [ 120.851953044125864, 22.53085053102544 ], [ 120.851846431549433, 22.530606879677126 ], [ 120.851648446232986, 22.530317547275544 ], [ 120.851557062888602, 22.530089123707409 ], [ 120.85167887111659, 22.529769318206391 ], [ 120.851480884033634, 22.529449528718597 ], [ 120.851206746373606, 22.528977457614324 ], [ 120.85102399382491, 22.528764267163748 ], [ 120.850993507969292, 22.528261726773184 ], [ 120.851100086084188, 22.52791146494916 ], [ 120.851221889896721, 22.527515516734383 ], [ 120.851551659434548, 22.52718151924136 ], [ 120.851795313446758, 22.527189121313363 ], [ 120.852207140021335, 22.526532901171926 ], [ 120.851835300008844, 22.526532919788778 ], [ 120.851370824787764, 22.526350200528498 ], [ 120.851043399840833, 22.526083717420345 ], [ 120.850693128395875, 22.525748707012564 ], [ 120.850449463781416, 22.525558362424942 ], [ 120.850152506573835, 22.525482234577378 ], [ 120.849672817580469, 22.525550787036167 ], [ 120.849162680282717, 22.525764012178012 ], [ 120.848424127920666, 22.526152377000713 ], [ 120.847845460403974, 22.526319919945635 ], [ 120.847282012399887, 22.526335176698783 ], [ 120.847023129153058, 22.526312346845533 ], [ 120.846596740258761, 22.526396125180405 ], [ 120.846200805410191, 22.526434216361366 ], [ 120.845447001723855, 22.526426639830568 ], [ 120.844865789548251, 22.526480476449304 ], [ 120.844515546811479, 22.526640393687995 ], [ 120.844035860903944, 22.52676224604998 ], [ 120.843533321429092, 22.526693742766767 ], [ 120.843106927671968, 22.526693764115404 ], [ 120.842985105301779, 22.526769912930867 ], [ 120.84242165552395, 22.526754712598439 ], [ 120.84198762682837, 22.526396863563768 ], [ 120.841332780894447, 22.525932425781747 ], [ 120.840769314328071, 22.525627883127552 ], [ 120.840380483474561, 22.525621811177405 ], [ 120.840030228364753, 22.525568528811721 ], [ 120.839801798276611, 22.525484783260165 ], [ 120.839329725212124, 22.525583792426371 ], [ 120.838933796540886, 22.525728483410269 ], [ 120.83811910727664, 22.526200609041968 ], [ 120.837730796754499, 22.52641382809065 ], [ 120.837449072745628, 22.526421456467666 ], [ 120.837402608306078, 22.526409842704119 ], [ 120.837218019030203, 22.526742476932998 ], [ 120.836955381703476, 22.527633359870684 ], [ 120.836601368985157, 22.528432876124793 ], [ 120.8361788134563, 22.52896970343852 ], [ 120.835744836003741, 22.529495109917814 ], [ 120.835642075137002, 22.530020499812387 ], [ 120.83521571848803, 22.530660119987889 ], [ 120.835044431600522, 22.531212163266378 ], [ 120.834682787039853, 22.531707109040127 ], [ 120.834416320764234, 22.532221085727798 ], [ 120.834435381610461, 22.532658905399099 ], [ 120.834302153445066, 22.533001554300391 ], [ 120.834054732551422, 22.533686851150222 ], [ 120.833636013728409, 22.534733834490016 ], [ 120.833045970459239, 22.535685648016116 ], [ 120.832304275499837, 22.536590641369589 ], [ 120.831927414310854, 22.537287366117283 ], [ 120.831482038151719, 22.538201101045274 ], [ 120.830899604202187, 22.539069157210413 ], [ 120.830477051339471, 22.539651670174376 ], [ 120.830168736295207, 22.54066819091236 ], [ 120.829848982085608, 22.5413763342147 ], [ 120.829323655115076, 22.542255808934989 ], [ 120.829003887643395, 22.542735524084403 ], [ 120.828741212551833, 22.542975386809591 ], [ 120.828307247055832, 22.5437063786549 ], [ 120.828078828453528, 22.543820604178169 ], [ 120.827861849022725, 22.544243207140873 ], [ 120.827484962640682, 22.544505918406127 ], [ 120.826677267234913, 22.545768595519981 ], [ 120.826277560221726, 22.546408214392049 ], [ 120.826151983396286, 22.547390461765904 ], [ 120.825923614554071, 22.548361292884127 ], [ 120.825538247961845, 22.549555757487866 ], [ 120.825789519039702, 22.549612851934555 ], [ 120.82713717617861, 22.548721914576554 ] ] ] ] } },
{ "type": "Feature", "properties": { "番號": "79", "類型": null, "分區": "要", "郡\n支廳": "〃", "庄 (區)": null, "大字": null, "地名": "Paumori社蕃地", "土地\n類型": "山林", "面積\n(公頃)": "1,467.00", "區分理由": "第七條第一號", "地        況": "位於虷子崙溪源頭左岸，為南向地。溪畔及其他區域斷崖及崩塌地甚多，惟整體多為陡坡地。基岩及土壤狀況等，與番號38相同。海拔高度介於440至2,460公尺。\n東側及北側以稜線與要存置林野74、78及80相鄰。南側以溪流與要存置林野56鄰接。", "林        況": "天然林。以栲櫧植物、櫟屬植物類、紅楠為主要樹種的闊葉林。", "參  考  事  項": "依據治水調查之結果，選定編入為水源涵養保安林預定地之一部分。(詳情參見〈保安林編入調書〉)\r" }, "geometry": { "type": "MultiPolygon", "coordinates": [ [ [ [ 120.759370091589361, 22.56729392139956 ], [ 120.761212691124896, 22.566760829859945 ], [ 120.761913188207458, 22.566638966354923 ], [ 120.762628909212097, 22.566440959356292 ], [ 120.764182215225404, 22.566684538182443 ], [ 120.766436027164403, 22.566958538962577 ], [ 120.767989318107226, 22.566943232505515 ], [ 120.769592844358954, 22.566614215484275 ], [ 120.771363106304037, 22.56603163481466 ], [ 120.77316761609255, 22.565174938608934 ], [ 120.774024195561992, 22.564912203234229 ], [ 120.775303347822401, 22.564409597072803 ], [ 120.776719566527944, 22.564101147996805 ], [ 120.777964478235731, 22.563998292879468 ], [ 120.779586302248205, 22.564078161406641 ], [ 120.781413705004411, 22.564089491168609 ], [ 120.783510733894971, 22.563914352905968 ], [ 120.784317816998438, 22.563579284431629 ], [ 120.785353312078428, 22.56301577632405 ], [ 120.785916740685039, 22.562665491526413 ], [ 120.786769515920213, 22.562452249127475 ], [ 120.788246665034038, 22.562436946506701 ], [ 120.790865897039538, 22.561675387901637 ], [ 120.792221190119989, 22.561157549406108 ], [ 120.793469874121172, 22.560456973718978 ], [ 120.795127421648928, 22.559452314253381 ], [ 120.796022049601874, 22.558805056235421 ], [ 120.796307570102897, 22.558614685107827 ], [ 120.796734494627785, 22.557748503600912 ], [ 120.79697373186508, 22.557263118345528 ], [ 120.797735065289174, 22.555816368411556 ], [ 120.798553547069048, 22.55509297149851 ], [ 120.799143604704085, 22.554388621719998 ], [ 120.80000017174028, 22.553912686755858 ], [ 120.801656231575578, 22.553512854440712 ], [ 120.804111759865094, 22.552770339799409 ], [ 120.806091411058574, 22.552180134465221 ], [ 120.808033005748015, 22.551837394892353 ], [ 120.809912917958755, 22.551362931504681 ], [ 120.811477600360462, 22.550837468297402 ], [ 120.813122216994344, 22.550060730105898 ], [ 120.814161513365448, 22.549398236339826 ], [ 120.81505236053205, 22.549204027753053 ], [ 120.815920379770233, 22.549261091291037 ], [ 120.817645022856368, 22.549820653855203 ], [ 120.81898132710262, 22.550106122084362 ], [ 120.820991512343497, 22.550848412860198 ], [ 120.821700793550022, 22.551097839897999 ], [ 120.82212338687728, 22.551212032797626 ], [ 120.822945743615065, 22.551657426493268 ], [ 120.82324269642433, 22.551657411609401 ], [ 120.824453293777992, 22.550686531252971 ], [ 120.825252736321985, 22.549898414035731 ], [ 120.825538247961845, 22.549555757487866 ], [ 120.825923614554071, 22.548361292884127 ], [ 120.826151983396286, 22.547390461765904 ], [ 120.826277560221726, 22.546408214392049 ], [ 120.826677267234913, 22.545768595519981 ], [ 120.827484962640682, 22.544505918406127 ], [ 120.827861849022725, 22.544243207140873 ], [ 120.828078828453528, 22.543820604178169 ], [ 120.828307247055832, 22.5437063786549 ], [ 120.828741212551833, 22.542975386809591 ], [ 120.829003887643395, 22.542735524084403 ], [ 120.829323655115076, 22.542255808934989 ], [ 120.829848982085608, 22.5413763342147 ], [ 120.830168736295207, 22.54066819091236 ], [ 120.830477051339471, 22.539651670174376 ], [ 120.830899604202187, 22.539069157210413 ], [ 120.831482038151719, 22.538201101045274 ], [ 120.831927414310854, 22.537287366117283 ], [ 120.832304275499837, 22.536590641369589 ], [ 120.833045970459239, 22.535685648016116 ], [ 120.833636013728409, 22.534733834490016 ], [ 120.834054732551422, 22.533686851150222 ], [ 120.834302153445066, 22.533001554300391 ], [ 120.834435381610461, 22.532658905399099 ], [ 120.834416320764234, 22.532221085727798 ], [ 120.834682787039853, 22.531707109040127 ], [ 120.835044431600522, 22.531212163266378 ], [ 120.83521571848803, 22.530660119987889 ], [ 120.835642075137002, 22.530020499812387 ], [ 120.835744836003741, 22.529495109917814 ], [ 120.8361788134563, 22.52896970343852 ], [ 120.836601368985157, 22.528432876124793 ], [ 120.836955381703476, 22.527633359870684 ], [ 120.837218019030203, 22.526742476932998 ], [ 120.837402608306078, 22.526409842704119 ], [ 120.837144501354047, 22.526345328999845 ], [ 120.836763797495692, 22.526429105049473 ], [ 120.836215587102188, 22.526604260746399 ], [ 120.835728284801746, 22.526688042133497 ], [ 120.835423717826529, 22.526688057382714 ], [ 120.835141985864126, 22.526558628869488 ], [ 120.834837414912528, 22.526490115673404 ], [ 120.834433867203614, 22.526551050052017 ], [ 120.833809512412145, 22.526680523932104 ], [ 120.833611548295195, 22.526756676561302 ], [ 120.832903450837406, 22.52711458278732 ], [ 120.832639811777852, 22.527144418552115 ], [ 120.83244459314308, 22.527027299726054 ], [ 120.832240308561111, 22.527059412520398 ], [ 120.831608332523686, 22.527067058435005 ], [ 120.831242847290213, 22.526983319745046 ], [ 120.830854516440269, 22.526846282296486 ], [ 120.83052710340381, 22.526785384515357 ], [ 120.83024538115707, 22.526823469979977 ], [ 120.82994843851327, 22.526998613099195 ], [ 120.829697191519017, 22.527356496453894 ], [ 120.829461157411359, 22.527447879533852 ], [ 120.829293657942699, 22.527661087531605 ], [ 120.828829195948856, 22.527706796418695 ], [ 120.828326672801751, 22.527920021191889 ], [ 120.828052567820734, 22.528011406178894 ], [ 120.827649013036549, 22.527950512210801 ], [ 120.827231755476987, 22.527936827414337 ], [ 120.827056623277215, 22.527830236377621 ], [ 120.826675923386219, 22.527982540877062 ], [ 120.826394194509916, 22.527906412265121 ], [ 120.825967800292986, 22.527898819343552 ], [ 120.825632779704947, 22.52795213602186 ], [ 120.825389143791384, 22.528256719096408 ], [ 120.824993209364379, 22.528302424553249 ], [ 120.824734333172344, 22.528401423050425 ], [ 120.824513541107734, 22.528728847797645 ], [ 120.824391728453065, 22.528972510598095 ], [ 120.82424707283289, 22.529208560270668 ], [ 120.823881590684891, 22.529178121484463 ], [ 120.823516121792096, 22.529376110854869 ], [ 120.823203959632892, 22.529703540179007 ], [ 120.823036457070287, 22.529863448277311 ], [ 120.822777576017103, 22.529878689784987 ], [ 120.822404485437502, 22.529947236915383 ], [ 120.821856288282987, 22.530350820780193 ], [ 120.82152888451796, 22.530449822711176 ], [ 120.820950202826054, 22.530373708970583 ], [ 120.820539027673576, 22.530206215577842 ], [ 120.82018876901104, 22.530092019038204 ], [ 120.819693850750525, 22.530145343726129 ], [ 120.819418475446682, 22.530214520486496 ], [ 120.818786497622142, 22.530191709318338 ], [ 120.818322032965824, 22.530191732577464 ], [ 120.818223053997002, 22.530283108798162 ], [ 120.817880415693566, 22.530275511684586 ], [ 120.817454034282136, 22.530488732653119 ], [ 120.817263683449227, 22.530549656361785 ], [ 120.816608867957655, 22.530610603329933 ], [ 120.816228161430274, 22.53064869375525 ], [ 120.81574848653888, 22.530960902930545 ], [ 120.815162193757104, 22.530938089475292 ], [ 120.814850004637961, 22.530801048212453 ], [ 120.814553047403109, 22.530724920363056 ], [ 120.813837315415995, 22.53073257047814 ], [ 120.813456593420099, 22.530504161381824 ], [ 120.81300734738582, 22.530336669893309 ], [ 120.812801766433608, 22.530367137276709 ], [ 120.812679944939404, 22.530458514642536 ], [ 120.811997713285308, 22.530431137427904 ], [ 120.811906340094254, 22.530377842099082 ], [ 120.811578938530744, 22.53051491539274 ], [ 120.811160183660817, 22.53094133560203 ], [ 120.810878467146168, 22.531078406608398 ], [ 120.810619587852969, 22.531124105205873 ], [ 120.810353097036042, 22.531215489817367 ], [ 120.809766821038906, 22.531482018702956 ], [ 120.809477497861124, 22.531748532717714 ], [ 120.80911963827117, 22.531862764722142 ], [ 120.808914060410615, 22.531946532011577 ], [ 120.808388681460087, 22.53193132977929 ], [ 120.808167864643352, 22.531832355299859 ], [ 120.807771931968063, 22.531908517850542 ], [ 120.807589197957384, 22.532015126812695 ], [ 120.80723132996944, 22.531984687646759 ], [ 120.80683538978046, 22.531931407570973 ], [ 120.806546056436787, 22.532022793327602 ], [ 120.806142521075216, 22.532296927336887 ], [ 120.805678058172205, 22.532327407687315 ], [ 120.805160931110919, 22.532367408515736 ], [ 120.804685058987147, 22.532605378355868 ], [ 120.804332904500328, 22.532624431673607 ], [ 120.803914123772415, 22.532605416967012 ], [ 120.803657137633323, 22.532472180073501 ], [ 120.803295465426601, 22.532491233867891 ], [ 120.802971868514135, 22.532586428477927 ], [ 120.80248645933419, 22.532491274385659 ], [ 120.802153335863622, 22.53243418402759 ], [ 120.801858288239544, 22.532462752325682 ], [ 120.801534690773423, 22.532548429095574 ], [ 120.801049286011278, 22.532529417725726 ], [ 120.800582899560865, 22.532215352351994 ], [ 120.800011822070402, 22.531967917103387 ], [ 120.799345574019924, 22.531834700705339 ], [ 120.798860154340431, 22.531558707644784 ], [ 120.798298607271789, 22.53153018224674 ], [ 120.797965494845769, 22.531663448695411 ], [ 120.797651418409814, 22.531806232031471 ], [ 120.796966138784526, 22.531739641468782 ], [ 120.796723299620268, 22.531833261591515 ], [ 120.796144633802328, 22.532031261653888 ], [ 120.795611640660098, 22.532016059803176 ], [ 120.795154775126733, 22.531757197423492 ], [ 120.794576099584091, 22.53178768349451 ], [ 120.793921277869629, 22.53174203065527 ], [ 120.793631940981385, 22.531772502235562 ], [ 120.793114192979672, 22.532046641972659 ], [ 120.79261165476639, 22.532000981506862 ], [ 120.792322304619191, 22.531803024915366 ], [ 120.791987289749656, 22.531955327142466 ], [ 120.791286787399073, 22.531985819315736 ], [ 120.79089086177855, 22.532183810228517 ], [ 120.790631992195671, 22.53239702282249 ], [ 120.790647232036832, 22.532594993143054 ], [ 120.790464501554553, 22.532762516289033 ], [ 120.790510201632443, 22.533021399263696 ], [ 120.790342707456162, 22.533325978551211 ], [ 120.790025464651862, 22.533575742577707 ], [ 120.789850362046408, 22.533979307788993 ], [ 120.789774242393634, 22.534360025225379 ], [ 120.789568688392563, 22.534854963232522 ], [ 120.789279367855869, 22.535167162896201 ], [ 120.789187999521104, 22.535197624562979 ], [ 120.78886060899238, 22.535525054679216 ], [ 120.788754030872425, 22.535875316552751 ], [ 120.788327667559045, 22.536400722712948 ], [ 120.788099256004784, 22.536636776602435 ], [ 120.787962207480774, 22.536750997555558 ], [ 120.787848031985192, 22.537390602166319 ], [ 120.787643489998956, 22.537830209746662 ], [ 120.787475992731942, 22.538081489130931 ], [ 120.787232348849201, 22.538249015332418 ], [ 120.787125796374113, 22.53904090501408 ], [ 120.787042063436289, 22.539436851380945 ], [ 120.78660047310332, 22.539985101127968 ], [ 120.786280704711842, 22.540449587774276 ], [ 120.786284535897096, 22.540864565436827 ], [ 120.786216016941637, 22.541013047184613 ], [ 120.786273149123076, 22.541458479267028 ], [ 120.786273177643764, 22.541949599845946 ], [ 120.786090448049293, 22.542132351543096 ], [ 120.785816366260562, 22.542623485856861 ], [ 120.785850662551823, 22.543183133172679 ], [ 120.785782150230787, 22.543445829009414 ], [ 120.785645110995631, 22.543719949689109 ], [ 120.785374596681493, 22.544182292357842 ], [ 120.78523183421143, 22.544239406556009 ], [ 120.784917781543029, 22.54479145705626 ], [ 120.784832153582272, 22.545333978269746 ], [ 120.784584697306997, 22.545410133396317 ], [ 120.784308705565635, 22.545790860857323 ], [ 120.784051743734238, 22.54607640895755 ], [ 120.784013690549372, 22.546380981769239 ], [ 120.783842377133197, 22.546476168762219 ], [ 120.78376624754317, 22.546685565074551 ], [ 120.783385547069571, 22.546828351764962 ], [ 120.783052446249684, 22.547161492886111 ], [ 120.782843069697236, 22.547389931558616 ], [ 120.782548027589911, 22.547513678275461 ], [ 120.782262499331424, 22.547570799630066 ], [ 120.781843721897914, 22.547608891981117 ], [ 120.781662894632504, 22.547770704337562 ], [ 120.781558221838083, 22.548151423216719 ], [ 120.781301264430866, 22.548513114046756 ], [ 120.781053807048565, 22.548570233494093 ], [ 120.780577940440082, 22.548903381774021 ], [ 120.78047327981227, 22.549493493152792 ], [ 120.780345772862304, 22.550018249836434 ], [ 120.780239185466726, 22.550208611996158 ], [ 120.779987926526402, 22.550360910043857 ], [ 120.779683371897519, 22.550574124944671 ], [ 120.779569179617312, 22.550924387212948 ], [ 120.779439762526252, 22.551335564426246 ], [ 120.779119984855953, 22.551640151363795 ], [ 120.778792584604048, 22.551800067502167 ], [ 120.77839665146368, 22.551868615803194 ], [ 120.778191086867395, 22.552180811289531 ], [ 120.778000744427686, 22.552386406194646 ], [ 120.777818011738844, 22.552515857991203 ], [ 120.777528678381557, 22.552607243767682 ], [ 120.777216500727675, 22.552668173598523 ], [ 120.776995706895718, 22.552965141304011 ], [ 120.776694338962102, 22.553421378254164 ], [ 120.776146135585265, 22.553718362373491 ], [ 120.775704538629938, 22.554152398059497 ], [ 120.775179184416743, 22.554563595126897 ], [ 120.774691905506302, 22.555050933014559 ], [ 120.774082787396935, 22.555325077372849 ], [ 120.772445795419543, 22.556284557819492 ], [ 120.770983922838369, 22.557129815400447 ], [ 120.770384644533934, 22.557487081749631 ], [ 120.769899252458643, 22.557686980749772 ], [ 120.769413868128325, 22.558020129525925 ], [ 120.769128350374714, 22.558258089869945 ], [ 120.768642952212588, 22.558353292619369 ], [ 120.767919632086148, 22.55881018526264 ], [ 120.767634105479615, 22.5588958601498 ], [ 120.767091619257286, 22.559305154521716 ], [ 120.766415883300994, 22.559685902052681 ], [ 120.766111320148013, 22.559752542212856 ], [ 120.764807450663938, 22.560751980922724 ], [ 120.763503598887695, 22.562055990558495 ], [ 120.762656579393465, 22.563045888528841 ], [ 120.762070336417096, 22.563880949872946 ], [ 120.761750578892432, 22.56453198625525 ], [ 120.760825499710734, 22.565274424275788 ], [ 120.759968964052092, 22.566290972692538 ], [ 120.759489306847243, 22.566907752871831 ], [ 120.759146677572559, 22.567056248383469 ], [ 120.758834953329227, 22.567411012722125 ], [ 120.759370091589361, 22.56729392139956 ] ] ] ] } },
{ "type": "Feature", "properties": { "番號": "71", "類型": null, "分區": "要", "郡\n支廳": "〃", "庄 (區)": null, "大字": null, "地名": "讀古梧社蕃地", "土地\n類型": "山林", "面積\n(公頃)": "220", "區分理由": "第七條第三號 (口)", "地        況": "位於八老南山西北側，為陡坡地及緩坡地。基岩及土壤狀況等，與番號38相同。海拔高度介於462至1,122公尺。\n東側以稜線與要存置林野69相鄰。北側及溪流與準要存置林野174鄰接。西側及南側以稜線，與準要存置林野175、173及171接壤。", "林        況": "與番號66相同。", "參  考  事  項": null }, "geometry": { "type": "MultiPolygon", "coordinates": [ [ [ [ 120.893490887013627, 22.569336292969179 ], [ 120.893357171270551, 22.568935217272529 ], [ 120.893442811348208, 22.568602088622953 ], [ 120.893138219511471, 22.568173801156881 ], [ 120.893128690725959, 22.567983444860666 ], [ 120.89295735245642, 22.567650329098512 ], [ 120.892624209684541, 22.567260114418435 ], [ 120.892357687055252, 22.566803271525949 ], [ 120.892319587964991, 22.566317863662061 ], [ 120.892228988708425, 22.56593398204387 ], [ 120.892331770086784, 22.56576265579303 ], [ 120.892280351175216, 22.565362909145694 ], [ 120.89222893923673, 22.565083087265705 ], [ 120.892131850890777, 22.564951745960009 ], [ 120.891903405439123, 22.564603404518341 ], [ 120.891863415425007, 22.564335003471868 ], [ 120.891772027417346, 22.564026630079951 ], [ 120.891543590930311, 22.563832477624569 ], [ 120.891298006949938, 22.563369922976712 ], [ 120.891252305310914, 22.563084390106731 ], [ 120.891056231332982, 22.562929322619027 ], [ 120.890804932629479, 22.562396336250675 ], [ 120.89065264208088, 22.562274515550797 ], [ 120.890462281551194, 22.562167925301335 ], [ 120.890188134131876, 22.561528340283974 ], [ 120.8900434365124, 22.56104103419565 ], [ 120.889936829676472, 22.560896368391656 ], [ 120.889708389871046, 22.56064510890214 ], [ 120.889639840624767, 22.560272013060533 ], [ 120.889510387285881, 22.560058819962819 ], [ 120.888841859805012, 22.558914492000309 ], [ 120.888369747423866, 22.558335831072046 ], [ 120.888841805816881, 22.557985550941847 ], [ 120.889313837659572, 22.557178414554919 ], [ 120.889846797935135, 22.556630160328741 ], [ 120.890684314525089, 22.555899148335183 ], [ 120.89086705026024, 22.55582299646586 ], [ 120.891841620200097, 22.555061520522255 ], [ 120.892603007444905, 22.55454371193661 ], [ 120.892938010718325, 22.554193438683594 ], [ 120.893227346648814, 22.554147738556178 ], [ 120.894108049198891, 22.553573874280726 ], [ 120.89423237947409, 22.55349286088618 ], [ 120.89430845484921, 22.552350716441026 ], [ 120.894112625792175, 22.552042602093749 ], [ 120.893750929891056, 22.55165238883782 ], [ 120.893646221737995, 22.551423965958989 ], [ 120.893246462158729, 22.551157486511801 ], [ 120.89279909519712, 22.550567402937141 ], [ 120.892542086991924, 22.550053452531134 ], [ 120.89258013629582, 22.549682254918078 ], [ 120.892913209936665, 22.548882739783679 ], [ 120.893303392643261, 22.548130810982247 ], [ 120.893455663394093, 22.547911893064416 ], [ 120.893569841718659, 22.547321781350554 ], [ 120.893760180572457, 22.547055272332891 ], [ 120.893829552186759, 22.546942940907655 ], [ 120.893360159626368, 22.54695235240958 ], [ 120.893051773004629, 22.546735361141664 ], [ 120.892229441625119, 22.546723980939067 ], [ 120.891384255783791, 22.546507016567315 ], [ 120.89029922082716, 22.546244378586845 ], [ 120.889225608454424, 22.546004582845924 ], [ 120.888448971393899, 22.546153100042613 ], [ 120.88728401812206, 22.546415850760937 ], [ 120.886587322582173, 22.546438728482197 ], [ 120.885966694903175, 22.546607862978224 ], [ 120.885930610517278, 22.5466176967556 ], [ 120.885268265657999, 22.548136777008256 ], [ 120.884571628496275, 22.549164738504011 ], [ 120.883543768819948, 22.550089923943201 ], [ 120.882767126442957, 22.550147069896575 ], [ 120.881602151264048, 22.550032914211787 ], [ 120.880163062517127, 22.549861665230562 ], [ 120.879374998873431, 22.549918811756537 ], [ 120.878776462371661, 22.552120317889472 ], [ 120.878015149421415, 22.55391732403481 ], [ 120.877573567172888, 22.554602630571889 ], [ 120.876690415068637, 22.556186443242897 ], [ 120.875897456553545, 22.557132011162416 ], [ 120.876000835295727, 22.557138964226667 ], [ 120.877428524925605, 22.557690927317825 ], [ 120.878113806078503, 22.55778607135408 ], [ 120.879230828172695, 22.558178911748474 ], [ 120.879573498065582, 22.558730929227771 ], [ 120.880601446895213, 22.559340019384635 ], [ 120.881058323859364, 22.559796852747326 ], [ 120.882505057761236, 22.560501100293084 ], [ 120.883342636759309, 22.560843700499792 ], [ 120.884751304214035, 22.561624092659088 ], [ 120.88562697067384, 22.562252226117455 ], [ 120.886864321435596, 22.56307069821489 ], [ 120.887797103047404, 22.563851114225173 ], [ 120.888901217946554, 22.564878985449809 ], [ 120.889872094773835, 22.566078184449289 ], [ 120.890370867694685, 22.566844662718335 ], [ 120.890492732543905, 22.567499483913277 ], [ 120.890547427163142, 22.568024263301421 ], [ 120.890909392258436, 22.568144899389484 ], [ 120.891503313716512, 22.568418983359479 ], [ 120.892645478675462, 22.569088981924107 ], [ 120.893285089599132, 22.56943920631031 ], [ 120.893490887013627, 22.569336292969179 ] ] ] ] } },
{ "type": "Feature", "properties": { "番號": "10", "類型": null, "分區": "要", "郡\n支廳": "〃", "庄 (區)": "〃", "大字": "虷子崙", "地名": "虷子崙", "土地\n類型": "山林", "面積\n(公頃)": "376", "區分理由": "第七條第三號 (口)", "地        況": "位於虷子崙溪下游右岸側的支流源頭，為東向或南向之陡坡地或險峻地。基岩及土壤狀況等，與番號6相同。海拔高度介於390至1,002公尺。\n東側以小溪流與要存置林野9連接。北側及西南側以稜線與要存置林野69相鄰。南側以稜線與準要存置林野112鄰接。", "林        況": "同上", "參  考  事  項": null }, "geometry": { "type": "MultiPolygon", "coordinates": [ [ [ [ 120.943171320814585, 22.57192807434712 ], [ 120.94429429942609, 22.570005414809831 ], [ 120.944903369010788, 22.568901315094113 ], [ 120.945664696588466, 22.567359387214939 ], [ 120.945969238024759, 22.566921551412154 ], [ 120.946730610984304, 22.566160086223931 ], [ 120.947489300691373, 22.565083961461902 ], [ 120.948512403907586, 22.564203510187742 ], [ 120.94963068151047, 22.563275464958181 ], [ 120.951129681554008, 22.562585346584505 ], [ 120.951391385529959, 22.562014263213509 ], [ 120.951881526842428, 22.561652560816277 ], [ 120.952262225493726, 22.561481220656393 ], [ 120.952709535981199, 22.561100484732691 ], [ 120.952747591906189, 22.560843501212982 ], [ 120.953014084059745, 22.560776862991403 ], [ 120.953223462730776, 22.560586495745881 ], [ 120.95329006903593, 22.560281921608095 ], [ 120.953480415042463, 22.56013914450439 ], [ 120.953518465437014, 22.559786982610984 ], [ 120.953518450387932, 22.559528031987931 ], [ 120.951855373619694, 22.559478322083546 ], [ 120.951036877766384, 22.559954254988124 ], [ 120.949837660025338, 22.560201778879286 ], [ 120.948276760248859, 22.560297035501975 ], [ 120.946639705468087, 22.560163867840902 ], [ 120.945231053723759, 22.55964997522457 ], [ 120.944374432787782, 22.559193161959314 ], [ 120.943930475035003, 22.558306883172808 ], [ 120.942826340401894, 22.556936369895965 ], [ 120.941912574459337, 22.555813310852088 ], [ 120.94031353410918, 22.554709321824781 ], [ 120.93936173933227, 22.554309620343684 ], [ 120.939152329683537, 22.553966988681395 ], [ 120.937991135209444, 22.553395976613267 ], [ 120.936144666316366, 22.552844034560742 ], [ 120.934812149636542, 22.552215924045871 ], [ 120.932984684094123, 22.551111946440113 ], [ 120.930928796686644, 22.550065087299977 ], [ 120.929615317637925, 22.549475047169548 ], [ 120.927710479580554, 22.54902970780412 ], [ 120.926827221401012, 22.548786095411113 ], [ 120.925913514489366, 22.548679541409594 ], [ 120.924847519699455, 22.548496852334715 ], [ 120.923172348634282, 22.547583223824503 ], [ 120.922381223247442, 22.547166132046712 ], [ 120.922296816350951, 22.547312754397979 ], [ 120.922144555449677, 22.547701089818148 ], [ 120.92215979883126, 22.547959974248403 ], [ 120.92217506830562, 22.548668100632021 ], [ 120.922144620459861, 22.548820387566074 ], [ 120.922197945320406, 22.549262012578563 ], [ 120.922258875951172, 22.549558966071753 ], [ 120.922266500738644, 22.549741708179731 ], [ 120.92222844137433, 22.549939681117891 ], [ 120.92228936581354, 22.550130034825564 ], [ 120.922294885873015, 22.550781714573489 ], [ 120.922313984335872, 22.5518667471523 ], [ 120.922161730739234, 22.552380718036446 ], [ 120.921762057448376, 22.553599021337114 ], [ 120.921305274548317, 22.55476022047441 ], [ 120.92105787587289, 22.555826230739104 ], [ 120.92042710894124, 22.556984139085674 ], [ 120.920381445806882, 22.557361047763365 ], [ 120.920655593195235, 22.558000632741795 ], [ 120.921032515322992, 22.55835467742487 ], [ 120.922037636572242, 22.559222653873025 ], [ 120.92289425755601, 22.559679467158055 ], [ 120.92329402087411, 22.560010667882 ], [ 120.923830835318057, 22.560273333301108 ], [ 120.924104944207571, 22.560250476748124 ], [ 120.924527550706912, 22.560593097731562 ], [ 120.92492730340291, 22.560741555964377 ], [ 120.925304210925347, 22.560844329719718 ], [ 120.9256811244217, 22.56104989612507 ], [ 120.926343564745991, 22.561175498376429 ], [ 120.927382919891997, 22.561529509843076 ], [ 120.928193846537553, 22.561826425732697 ], [ 120.928666653701569, 22.562078148842964 ], [ 120.929209177884033, 22.562325585430248 ], [ 120.929485197726649, 22.562430267809162 ], [ 120.929627970101677, 22.562544474706527 ], [ 120.930113400160508, 22.563001306590053 ], [ 120.930579782062921, 22.5632392291553 ], [ 120.930912912071818, 22.563410533535652 ], [ 120.931312677709485, 22.563781709171113 ], [ 120.931579180941938, 22.563905427702021 ], [ 120.932017017442192, 22.56427660142776 ], [ 120.932388223846246, 22.564543082276938 ], [ 120.932702319529696, 22.564733423286103 ], [ 120.932968836594711, 22.565095087762774 ], [ 120.933273420649044, 22.565390125465008 ], [ 120.933692212310959, 22.565599496899488 ], [ 120.934548791224998, 22.56533295448866 ], [ 120.935529100993577, 22.565075923712886 ], [ 120.936195333892201, 22.564952158415743 ], [ 120.937185176865484, 22.564961626622246 ], [ 120.937784795158919, 22.564999667908356 ], [ 120.938393945553429, 22.565285172498807 ], [ 120.938841294230116, 22.565561167363761 ], [ 120.939188702305117, 22.565758248501439 ], [ 120.939721712634181, 22.566072310421337 ], [ 120.939959668248946, 22.566291208758173 ], [ 120.940387996434453, 22.566824186194481 ], [ 120.940549803684959, 22.566928874296185 ], [ 120.940921021150956, 22.567385711893529 ], [ 120.941082832274958, 22.567557024858882 ], [ 120.941178028245247, 22.56788062656846 ], [ 120.94136840026367, 22.56818518782973 ], [ 120.941663467705936, 22.568499261678234 ], [ 120.941872892865391, 22.569108392791129 ], [ 120.942053739421098, 22.569279704801122 ], [ 120.942424970725853, 22.5699744883383 ], [ 120.942501137909062, 22.570412305054024 ], [ 120.942640114819412, 22.570726386729081 ], [ 120.942834316066509, 22.571411661305905 ], [ 120.943101941540732, 22.572156084797406 ], [ 120.943171320814585, 22.57192807434712 ] ] ] ] } },
{ "type": "Feature", "properties": { "番號": "9", "類型": null, "分區": "要", "郡\n支廳": "大武", "庄 (區)": "太麻里", "大字": "大武窟", "地名": "大武窟", "土地\n類型": "山林", "面積\n(公頃)": "129", "區分理由": "第七條第三號 (八)", "地        況": "位於Tabukuru山南側。為南向之陡坡或險峻地。基岩及土壤狀況等，與番號6相同。海拔高度介於393至995公尺。\n東側及南側以稜線與準要存置林野111連接。北側以稜線與要存置林野7相鄰。西南側以小溪流與要存置林野10鄰接。", "林        況": "全為櫟屬植物、栲櫧植物、紅楠類為主要樹種的闊葉林。", "參  考  事  項": null }, "geometry": { "type": "MultiPolygon", "coordinates": [ [ [ [ 120.943896473972288, 22.571900880413974 ], [ 120.945048087644324, 22.571386859420382 ], [ 120.945628647802394, 22.571034670309455 ], [ 120.946666063277604, 22.570768118826468 ], [ 120.947151450708617, 22.57049207719178 ], [ 120.947360841552737, 22.570511102365806 ], [ 120.948331625268764, 22.570111304500045 ], [ 120.949093025334776, 22.569816213350226 ], [ 120.951489470065127, 22.569185695062764 ], [ 120.952540218519516, 22.569060006914437 ], [ 120.953248335865851, 22.569048549998957 ], [ 120.954127787358715, 22.56929977680625 ], [ 120.956046571350072, 22.569516687276973 ], [ 120.956788933205232, 22.569174007900891 ], [ 120.957200098497424, 22.569173987281921 ], [ 120.958342170515394, 22.568248796213993 ], [ 120.960021021075846, 22.566969514685226 ], [ 120.960672001574437, 22.566432676016937 ], [ 120.96075808032468, 22.566305806305927 ], [ 120.960497836254206, 22.56596905391897 ], [ 120.959622133434834, 22.564712743295658 ], [ 120.958479898083056, 22.562828268764736 ], [ 120.958175276985557, 22.561895535973861 ], [ 120.957489935117209, 22.560753429845601 ], [ 120.956842679600186, 22.559877821252638 ], [ 120.955034296024763, 22.559573341106084 ], [ 120.953518450387932, 22.559528031987931 ], [ 120.953518465437014, 22.559786982610984 ], [ 120.953480415042463, 22.56013914450439 ], [ 120.95329006903593, 22.560281921608095 ], [ 120.953223462730776, 22.560586495745881 ], [ 120.953014084059745, 22.560776862991403 ], [ 120.952747591906189, 22.560843501212982 ], [ 120.952709535981199, 22.561100484732691 ], [ 120.952262225493726, 22.561481220656393 ], [ 120.951881526842428, 22.561652560816277 ], [ 120.951391385529959, 22.562014263213509 ], [ 120.951129681554008, 22.562585346584505 ], [ 120.94963068151047, 22.563275464958181 ], [ 120.948512403907586, 22.564203510187742 ], [ 120.947489300691373, 22.565083961461902 ], [ 120.946730610984304, 22.566160086223931 ], [ 120.945969238024759, 22.566921551412154 ], [ 120.945664696588466, 22.567359387214939 ], [ 120.944903369010788, 22.568901315094113 ], [ 120.94429429942609, 22.570005414809831 ], [ 120.943171320814585, 22.57192807434712 ], [ 120.943101941540732, 22.572156084797406 ], [ 120.943049811102995, 22.572327408075282 ], [ 120.943896473972288, 22.571900880413974 ] ] ] ] } },
{ "type": "Feature", "properties": { "番號": "8", "類型": null, "分區": "要", "郡\n支廳": "〃", "庄 (區)": "〃", "大字": "大武窟", "地名": "大武窟", "土地\n類型": "山林", "面積\n(公頃)": "515", "區分理由": "第七條第二號", "地        況": "正對太平洋之地。東側局部區域形成斷崖及崩塌地，惟整體多為陡坡地與險峻地。基岩及土壤等與前述番號6相同。海拔高度約930公尺以下。\n東側以山麓為界。東北側以稜線與準要存置林野110為界。北西側以稜線與要存置林野7為界。西側以稜線與準要存置林野111為界。南側以虷子崙溪溪畔為界。另有極小部分與不要存置林野五相鄰。", "林        況": "1成面積為蕃人現耕地及同開墾舊跡，其餘區域為栲櫧植物、櫟屬植物類等主要樹種所形成的闊葉林。", "參  考  事  項": "(1) 依據治水調查結果，選定為施業限制預定地。(詳情參見〈治水調查復命書〉)\n(2) 本區域內有虷子崙警察官吏派出所。" }, "geometry": { "type": "MultiPolygon", "coordinates": [ [ [ [ 120.971288752128771, 22.575741167899679 ], [ 120.971993046965338, 22.575465115294307 ], [ 120.972430843574287, 22.575151004708264 ], [ 120.973192248019416, 22.574932056262924 ], [ 120.974467581377596, 22.574237190185112 ], [ 120.975438353400023, 22.573637517757714 ], [ 120.976342496437141, 22.572952188140992 ], [ 120.977046777430019, 22.572438189617703 ], [ 120.977256148886042, 22.572124090494714 ], [ 120.977993689943787, 22.571535327696022 ], [ 120.978206861955201, 22.571108917906791 ], [ 120.978922557785467, 22.570484511907164 ], [ 120.979942796574178, 22.569448920080379 ], [ 120.980003711718311, 22.569479374103977 ], [ 120.980490976202091, 22.568748379790719 ], [ 120.980597534761245, 22.568063090186289 ], [ 120.980597518824226, 22.567788976482738 ], [ 120.980765002268441, 22.567301654832757 ], [ 120.981121050769431, 22.566689609592608 ], [ 120.980902589657575, 22.566380155478694 ], [ 120.980628436099423, 22.565633970808165 ], [ 120.980445657028511, 22.564963924251508 ], [ 120.980167384160012, 22.563212656205323 ], [ 120.980091204382575, 22.562557832843115 ], [ 120.979801835765798, 22.562040077019876 ], [ 120.979817049947783, 22.561796419631616 ], [ 120.979664740847397, 22.561354799632888 ], [ 120.979481959130496, 22.560639067457565 ], [ 120.979253476455284, 22.559649223868913 ], [ 120.979040229206007, 22.558781207829018 ], [ 120.978857439530501, 22.557928418801357 ], [ 120.978248951130439, 22.556749665194161 ], [ 120.977871986589122, 22.555664650675279 ], [ 120.977277991616049, 22.554122790858425 ], [ 120.976878196510569, 22.553243362759201 ], [ 120.976706844472503, 22.55267230112873 ], [ 120.976432681877313, 22.551770023923812 ], [ 120.976124268779955, 22.551096176521686 ], [ 120.975975765894674, 22.550639327788826 ], [ 120.975724467048067, 22.550102534376087 ], [ 120.97551883134193, 22.549188832331314 ], [ 120.975301814180341, 22.548960415117676 ], [ 120.975180714135405, 22.548362701023837 ], [ 120.974495331446604, 22.546516274991028 ], [ 120.97363861442831, 22.544403358102354 ], [ 120.972838986028918, 22.54198586756592 ], [ 120.972039386376878, 22.540063304546205 ], [ 120.971791881593134, 22.539301889983808 ], [ 120.971620476543521, 22.537817115999463 ], [ 120.97156585769541, 22.53694503105881 ], [ 120.971261184765126, 22.535117621617122 ], [ 120.970804249617018, 22.533655704738642 ], [ 120.970255930274902, 22.531950135807669 ], [ 120.969261897580594, 22.531906117991863 ], [ 120.969063611481872, 22.531775187606435 ], [ 120.969024167334894, 22.532397011139352 ], [ 120.969010167894865, 22.532482206266128 ], [ 120.968874640049435, 22.533306975832097 ], [ 120.968841491716688, 22.533508703648355 ], [ 120.96879586412652, 22.534498560982353 ], [ 120.968704522343842, 22.534985878811554 ], [ 120.968034531779637, 22.535960538873805 ], [ 120.9675929486976, 22.536630616715186 ], [ 120.967532062722, 22.537102704482251 ], [ 120.967623459301265, 22.537559556083814 ], [ 120.967790995832118, 22.537985946793437 ], [ 120.968061804348821, 22.538494661621442 ], [ 120.968347376898592, 22.539202774395672 ], [ 120.968701474344698, 22.53986519811934 ], [ 120.96880428953358, 22.540276363530189 ], [ 120.969101314508151, 22.541521281738881 ], [ 120.969403669341617, 22.542765057539224 ], [ 120.96975401497123, 22.544379265152802 ], [ 120.969921631980597, 22.546191452930536 ], [ 120.970180603143518, 22.547729522424468 ], [ 120.970211119971466, 22.548765061567575 ], [ 120.969997965614041, 22.5494960421344 ], [ 120.96937366101497, 22.550485928472153 ], [ 120.968795043218535, 22.551506269602815 ], [ 120.9684752683456, 22.55185654203223 ], [ 120.968307802564652, 22.552648434472363 ], [ 120.968146908427855, 22.552970272334491 ], [ 120.968116519861226, 22.554142871391623 ], [ 120.968177487205537, 22.555071809240452 ], [ 120.968345032608525, 22.555650485341456 ], [ 120.968238478442927, 22.556411917653055 ], [ 120.968086232168886, 22.557051523939897 ], [ 120.968162415477124, 22.557767261475139 ], [ 120.968040612619617, 22.558178438145308 ], [ 120.967720859877716, 22.558909424066606 ], [ 120.967111779225206, 22.559823166966286 ], [ 120.966319953138509, 22.560645547792394 ], [ 120.965436747253761, 22.561300419267578 ], [ 120.964934240229141, 22.561787757724954 ], [ 120.964614475987005, 22.562320772640735 ], [ 120.964416534955873, 22.562792867291805 ], [ 120.964020622799154, 22.563219286249485 ], [ 120.963761753345295, 22.563432498782728 ], [ 120.963298748158977, 22.563976942287933 ], [ 120.962967556243427, 22.564399550868178 ], [ 120.962407949128178, 22.564993491972903 ], [ 120.961597076993513, 22.565633131296842 ], [ 120.960888986884797, 22.566112865802189 ], [ 120.96075808032468, 22.566305806305927 ], [ 120.960821462911426, 22.566387822535226 ], [ 120.961982668409121, 22.567149191296533 ], [ 120.962858354631095, 22.568119966792409 ], [ 120.963962527997666, 22.570156728604978 ], [ 120.964438507835652, 22.571774737075064 ], [ 120.965132508641062, 22.572551510077176 ], [ 120.965893952402439, 22.573008328076959 ], [ 120.967675727080987, 22.574013322325385 ], [ 120.968878809636266, 22.574759460420882 ], [ 120.969335690063048, 22.575277207849169 ], [ 120.970173283510832, 22.575871078877512 ], [ 120.970318193260155, 22.576088420064366 ], [ 120.971288752128771, 22.575741167899679 ] ] ] ] } },
{ "type": "Feature", "properties": { "番號": "78", "類型": null, "分區": "要", "郡\n支廳": "大武", "庄 (區)": null, "大字": null, "地名": "Paumori社蕃地", "土地\n類型": "山林", "面積\n(公頃)": "1,063.00", "區分理由": "第七條第三號 (イ)", "地        況": "位於太麻里溪上游右岸，為東向及南向地。溪畔局部形成斷崖及崩塌地，惟其餘整體多為陡坡地或險峻地。基岩及土壤狀況等，與番號38相同。海拔高度介於270至2,045公尺。\n東側及北側以溪流與要存置林野75及77相鄰。西北側以小溪流與準要存置林野176鄰接。西側部分區域及南側以稜線與要存置林野80、79及74接壤。", "林        況": "少部分區域為蕃人的現耕地及其開墾舊跡。其餘區域為栲櫧植物、櫟屬植物類為主要樹種的闊葉原生林。", "參  考  事  項": null }, "geometry": { "type": "MultiPolygon", "coordinates": [ [ [ [ 120.823584818907477, 22.576617906191441 ], [ 120.824055926022638, 22.576275240309453 ], [ 120.824436620075545, 22.576022998445328 ], [ 120.824731661032885, 22.575880216040648 ], [ 120.825102841520419, 22.575699358455587 ], [ 120.825584421513781, 22.575414941231447 ], [ 120.826482868857269, 22.574980882647523 ], [ 120.826787428306858, 22.574851424742612 ], [ 120.826977782669559, 22.574851415192459 ], [ 120.828119908843988, 22.5748513578916 ], [ 120.828675745352825, 22.574881787093169 ], [ 120.828927004694023, 22.574737103319091 ], [ 120.829147808222956, 22.57460764961726 ], [ 120.829444748623743, 22.574394435103642 ], [ 120.829726461118568, 22.574188835626167 ], [ 120.830000560324919, 22.57399846507499 ], [ 120.830160451787009, 22.573891857245592 ], [ 120.830579696258127, 22.573702589827768 ], [ 120.831598094302919, 22.573740610097161 ], [ 120.83209301730102, 22.573769138787821 ], [ 120.83277829355093, 22.573778622248955 ], [ 120.833073340040528, 22.573731018247607 ], [ 120.833377893727771, 22.573502574810586 ], [ 120.833758596910201, 22.573407377312652 ], [ 120.833958457360467, 22.573207492648187 ], [ 120.834462872605229, 22.572798200227542 ], [ 120.834767435150596, 22.572722042229884 ], [ 120.834957774007336, 22.572455533164501 ], [ 120.835471715274338, 22.57218900786615 ], [ 120.835852421223464, 22.572141399569148 ], [ 120.836447275382355, 22.572086166257581 ], [ 120.837208694475748, 22.572114681581549 ], [ 120.837708375495254, 22.572128933275462 ], [ 120.838031971259809, 22.572014702964733 ], [ 120.83832700030662, 22.571667287011689 ], [ 120.838593489763497, 22.571553059566064 ], [ 120.839017011046352, 22.571257985287144 ], [ 120.839259709806896, 22.571205624994175 ], [ 120.839464336311664, 22.571129472011382 ], [ 120.839902151886051, 22.57113896788962 ], [ 120.839964015391132, 22.571110411267185 ], [ 120.840259059938248, 22.571029494829094 ], [ 120.840529357234075, 22.570928211455474 ], [ 120.840809167176786, 22.570739744192601 ], [ 120.84119176515027, 22.570494164735571 ], [ 120.841505840537721, 22.570334249273699 ], [ 120.841682875070859, 22.570419900951507 ], [ 120.842339606898079, 22.570579767717334 ], [ 120.842927816470905, 22.57083100918144 ], [ 120.843401799811858, 22.570848117517574 ], [ 120.844018543603696, 22.570773847431717 ], [ 120.844309781116408, 22.570693882969607 ], [ 120.844669539553522, 22.57049970099451 ], [ 120.845006460782017, 22.570396891426039 ], [ 120.845411907252995, 22.570254103494037 ], [ 120.84584020122827, 22.570196974973182 ], [ 120.846085758344728, 22.570196962656272 ], [ 120.846205679262567, 22.570156981714536 ], [ 120.846434102162092, 22.570116995330547 ], [ 120.846599718753239, 22.570259754618156 ], [ 120.846747719014033, 22.570255464166827 ], [ 120.847651928209956, 22.570702757274933 ], [ 120.848489509505768, 22.571083428846375 ], [ 120.849041545432073, 22.571226168749853 ], [ 120.849279484497245, 22.571159531937514 ], [ 120.849603081360172, 22.571064337309735 ], [ 120.850212197018422, 22.570750218049966 ], [ 120.850688076808467, 22.570645497944781 ], [ 120.851154453273296, 22.570788242144779 ], [ 120.851449514143255, 22.570988101975299 ], [ 120.851668422754202, 22.571007126673909 ], [ 120.851773122629794, 22.571092781977931 ], [ 120.852068187374314, 22.57135926668456 ], [ 120.852325165194586, 22.571349735954868 ], [ 120.852696354517761, 22.571321163816989 ], [ 120.853067538304686, 22.571197413284391 ], [ 120.853486309571878, 22.571054624685789 ], [ 120.853857498894257, 22.571026052548419 ], [ 120.853998541627874, 22.571038582701473 ], [ 120.854085002410457, 22.570728692003364 ], [ 120.853951744401201, 22.570557377576463 ], [ 120.85374234022332, 22.570309924252879 ], [ 120.8536852245077, 22.570148123846241 ], [ 120.853656655855872, 22.569881625773057 ], [ 120.85340918634364, 22.569729352753441 ], [ 120.853371090564522, 22.569301051886477 ], [ 120.853342523573758, 22.569063107331541 ], [ 120.853266371870347, 22.568891790039924 ], [ 120.85301889626966, 22.568634820785505 ], [ 120.853056953855813, 22.568406390728537 ], [ 120.852961768931522, 22.568273145749341 ], [ 120.852790442267008, 22.568139904588982 ], [ 120.852638158786235, 22.568139912226638 ], [ 120.85230502206754, 22.567854393749226 ], [ 120.851914783471386, 22.567645020851494 ], [ 120.851610205993424, 22.567464197175997 ], [ 120.851591165023663, 22.567369019735644 ], [ 120.851381770809411, 22.567292887521003 ], [ 120.850915387151332, 22.567026411404065 ], [ 120.850544180668606, 22.566759930513442 ], [ 120.850344303064716, 22.566664762142068 ], [ 120.850165117740573, 22.56641901257953 ], [ 120.8500889653738, 22.566236273879145 ], [ 120.849761550132513, 22.566137304767771 ], [ 120.84955595946262, 22.566000258188531 ], [ 120.849495031902322, 22.565756604551094 ], [ 120.849464563694653, 22.565558635016068 ], [ 120.849228514557637, 22.56539113287737 ], [ 120.849091448798461, 22.565208397231331 ], [ 120.848946757797322, 22.564835305176114 ], [ 120.848878212521967, 22.564530737747184 ], [ 120.848756372455142, 22.564302315707359 ], [ 120.84871066084871, 22.563845461700165 ], [ 120.848748718438813, 22.56361703164205 ], [ 120.848436520921084, 22.563335319245748 ], [ 120.848261391374891, 22.563274413854284 ], [ 120.84786543174441, 22.562886105854375 ], [ 120.84774358857986, 22.56260438391239 ], [ 120.847720735876393, 22.562429256810049 ], [ 120.847537987286969, 22.562284594811633 ], [ 120.847477060614452, 22.562056169716751 ], [ 120.847408520210507, 22.561835359274916 ], [ 120.847141099349017, 22.56161773141854 ], [ 120.847103006900014, 22.561246537584594 ], [ 120.846950695200221, 22.560761135402451 ], [ 120.846969719570296, 22.560570777656814 ], [ 120.846826938313768, 22.560304285307129 ], [ 120.846703196365638, 22.560104416879781 ], [ 120.846579459950163, 22.559999726848233 ], [ 120.846094044176283, 22.559790358714547 ], [ 120.84599885482811, 22.559580971015791 ], [ 120.845960765700994, 22.559266884218665 ], [ 120.845856056975734, 22.559028943478165 ], [ 120.845627620686443, 22.558838598138831 ], [ 120.845570488933049, 22.558400780381216 ], [ 120.845351561510654, 22.558058149131259 ], [ 120.845046982926732, 22.557858289768948 ], [ 120.844913731006258, 22.557791671572026 ], [ 120.844723356737461, 22.557449038889835 ], [ 120.844199854050771, 22.55696365531324 ], [ 120.843914304264317, 22.556649580920567 ], [ 120.843647794338708, 22.556411648290137 ], [ 120.843631520061948, 22.556156253742497 ], [ 120.843479222749508, 22.555918315386158 ], [ 120.843174644718701, 22.555727973861657 ], [ 120.843031864571344, 22.555480517188567 ], [ 120.842974747202462, 22.555290163258952 ], [ 120.842746309254707, 22.55507126439818 ], [ 120.842403659799444, 22.554871406941757 ], [ 120.842251356403835, 22.554528772348824 ], [ 120.841918225219317, 22.554338432254376 ], [ 120.841680271765895, 22.554157605228568 ], [ 120.841080607427926, 22.553329583235758 ], [ 120.840690358875563, 22.552948889209716 ], [ 120.840604682271376, 22.552653840474072 ], [ 120.839814665790598, 22.551863899377828 ], [ 120.839295313939715, 22.551151872026217 ], [ 120.839028805674033, 22.550942492910153 ], [ 120.838162680075584, 22.550714108166531 ], [ 120.83717281971883, 22.550409586905729 ], [ 120.83649705013417, 22.550209746139597 ], [ 120.835564307140388, 22.550095578809547 ], [ 120.834707698147241, 22.549848157906606 ], [ 120.834336497745994, 22.54968637323374 ], [ 120.83307063848757, 22.549638847475801 ], [ 120.832432952486059, 22.549657915114349 ], [ 120.832109345096626, 22.549572270774039 ], [ 120.831090945947963, 22.549515214773965 ], [ 120.830377119857516, 22.549562839748116 ], [ 120.829758446065142, 22.549182157159208 ], [ 120.828369353697411, 22.548255729128101 ], [ 120.828062284448663, 22.548482018648738 ], [ 120.82713717617861, 22.548721914576554 ], [ 120.825789519039702, 22.549612851934555 ], [ 120.825538247961845, 22.549555757487866 ], [ 120.825252736321985, 22.549898414035731 ], [ 120.824453293777992, 22.550686531252971 ], [ 120.82324269642433, 22.551657411609401 ], [ 120.822945743615065, 22.551657426493268 ], [ 120.82212338687728, 22.551212032797626 ], [ 120.821700793550022, 22.551097839897999 ], [ 120.820991512343497, 22.550848412860198 ], [ 120.81898132710262, 22.550106122084362 ], [ 120.817645022856368, 22.549820653855203 ], [ 120.815920379770233, 22.549261091291037 ], [ 120.81505236053205, 22.549204027753053 ], [ 120.814161513365448, 22.549398236339826 ], [ 120.813122216994344, 22.550060730105898 ], [ 120.811477600360462, 22.550837468297402 ], [ 120.809912917958755, 22.551362931504681 ], [ 120.808033005748015, 22.551837394892353 ], [ 120.806091411058574, 22.552180134465221 ], [ 120.804111759865094, 22.552770339799409 ], [ 120.801656231575578, 22.553512854440712 ], [ 120.80000017174028, 22.553912686755858 ], [ 120.799143604704085, 22.554388621719998 ], [ 120.798553547069048, 22.55509297149851 ], [ 120.797735065289174, 22.555816368411556 ], [ 120.79697373186508, 22.557263118345528 ], [ 120.796734494627785, 22.557748503600912 ], [ 120.797554772142163, 22.559802330103309 ], [ 120.798154476403838, 22.561315636683059 ], [ 120.798723241687668, 22.562718894780186 ], [ 120.799123031808165, 22.563508855498096 ], [ 120.799579959234904, 22.564831812420788 ], [ 120.799970207289164, 22.565202988630816 ], [ 120.800216926028682, 22.565605883385185 ], [ 120.800416135084461, 22.565592840809739 ], [ 120.801002419032613, 22.565463368774484 ], [ 120.802205453367463, 22.56537193717023 ], [ 120.803781567217712, 22.565021601594655 ], [ 120.805266321146405, 22.564846398867797 ], [ 120.807504889009266, 22.564853900873597 ], [ 120.809141951215423, 22.565105089759058 ], [ 120.810724444350498, 22.565342321880706 ], [ 120.81115845452851, 22.565380371475648 ], [ 120.811303125620839, 22.565410821309126 ], [ 120.811470645436117, 22.565547869808331 ], [ 120.811988406665819, 22.56550215820798 ], [ 120.812292981184356, 22.565631585561206 ], [ 120.812498568331293, 22.565707717973016 ], [ 120.812894502763342, 22.565662012482459 ], [ 120.813153390461551, 22.565760985037628 ], [ 120.813572169188262, 22.565745735490552 ], [ 120.813686380481229, 22.565722886945782 ], [ 120.813922426982984, 22.565844703463103 ], [ 120.814257459527468, 22.565996972104706 ], [ 120.8148285248473, 22.566035014825196 ], [ 120.815095027161874, 22.566141601270168 ], [ 120.815445281413318, 22.566179655064829 ], [ 120.815673701341993, 22.566088272342633 ], [ 120.815978277186304, 22.566240542511071 ], [ 120.816313304858582, 22.566309054158015 ], [ 120.816678784801937, 22.566301421555764 ], [ 120.81705187803388, 22.566278560027445 ], [ 120.817303149341058, 22.566339461602684 ], [ 120.817432600052015, 22.566506969098082 ], [ 120.817706710783426, 22.566514569622466 ], [ 120.817935127611193, 22.566369886995485 ], [ 120.818140714755401, 22.5664460194062 ], [ 120.818293009761135, 22.566643982844127 ], [ 120.818475755266718, 22.566735344944448 ], [ 120.81865532485071, 22.56676912427103 ], [ 120.819066487625932, 22.566723418016821 ], [ 120.819249231360004, 22.566784323028564 ], [ 120.819409133898461, 22.566868072002165 ], [ 120.819904052593941, 22.566822361547263 ], [ 120.820223866525893, 22.567142144936472 ], [ 120.820612194303081, 22.567225882453332 ], [ 120.820863485534119, 22.567629426271981 ], [ 120.821190900356541, 22.567720781115671 ], [ 120.821373654717419, 22.567964428656953 ], [ 120.821419357920519, 22.568276611521188 ], [ 120.821853371187089, 22.568367961017749 ], [ 120.821914311596615, 22.568832428559386 ], [ 120.821990461313675, 22.568969481637723 ], [ 120.821876270836725, 22.569350200970721 ], [ 120.821899127974547, 22.569601470803754 ], [ 120.822028585771506, 22.569890806650434 ], [ 120.822104743460613, 22.570164916626229 ], [ 120.822005780005853, 22.57052279237945 ], [ 120.822157602485191, 22.570778497402085 ], [ 120.822386049646184, 22.571155392412031 ], [ 120.822386060275647, 22.571338134942106 ], [ 120.82234039382989, 22.571657936661389 ], [ 120.822408940003413, 22.571977732651575 ], [ 120.822443219069555, 22.572240423319723 ], [ 120.822340441664736, 22.572480278047131 ], [ 120.82228334930744, 22.572720130483045 ], [ 120.822409003784827, 22.573074187832752 ], [ 120.82250039514112, 22.573439668309341 ], [ 120.822271985185381, 22.573702372156394 ], [ 120.822317686179403, 22.573976483659884 ], [ 120.82231771541538, 22.574479025618515 ], [ 120.822420522719597, 22.574753134256909 ], [ 120.822534759259796, 22.575164299220155 ], [ 120.822671829685802, 22.575426984731397 ], [ 120.822934531998939, 22.575655399714677 ], [ 120.822902094978019, 22.57603978328228 ], [ 120.823011549568122, 22.576054054550859 ], [ 120.823263779899506, 22.576239639778297 ], [ 120.82329234745248, 22.576487102188711 ], [ 120.823322460395715, 22.576838184526132 ], [ 120.823584818907477, 22.576617906191441 ] ] ] ] } },
{ "type": "Feature", "properties": { "番號": "72", "類型": null, "分區": "要", "郡\n支廳": "大武", "庄 (區)": null, "大字": null, "地名": "Karataran社蕃地", "土地\n類型": "山林", "面積\n(公頃)": "220", "區分理由": "第七條第三號 (口)", "地        況": "位於Enabari山北側的北向地。相較之下為陡坡地。基岩及土壤狀況等，與番號38相同。海拔高度介於212至1,212公尺。\n東側以小溪流及稜線，與準要存置林野175相鄰。北側以太麻里溪，西側及南側以稜線與要存置林野76、75鄰接。", "林        況": "與番號63相同。", "參  考  事  項": null }, "geometry": { "type": "MultiPolygon", "coordinates": [ [ [ [ 120.871688859027046, 22.579410850339627 ], [ 120.872214238338856, 22.579433666792006 ], [ 120.872705322633081, 22.578919678835959 ], [ 120.873287755745949, 22.578040201274359 ], [ 120.873630362326381, 22.57750337795688 ], [ 120.873901955839614, 22.576765653848561 ], [ 120.873819846462993, 22.57667111289776 ], [ 120.87358380796627, 22.576686353282607 ], [ 120.873385837679777, 22.576655906129645 ], [ 120.873149784564262, 22.576419875561545 ], [ 120.872967039834037, 22.576341457735349 ], [ 120.872601552854377, 22.576227262001815 ], [ 120.872533009344124, 22.575953151672774 ], [ 120.872327422004119, 22.575873212138003 ], [ 120.872076142977576, 22.57567906082528 ], [ 120.871961919076938, 22.57548490263677 ], [ 120.871802009470159, 22.575279325333145 ], [ 120.87160784671255, 22.575256492259676 ], [ 120.871253773683577, 22.575016660475384 ], [ 120.870865431557533, 22.574685459153645 ], [ 120.870774038883368, 22.574297135899865 ], [ 120.870534181781764, 22.574114405420072 ], [ 120.87031715989292, 22.573806038317095 ], [ 120.870180085499371, 22.573474824389393 ], [ 120.869905966609224, 22.573326359848902 ], [ 120.869723199866101, 22.572869512735572 ], [ 120.869369130823301, 22.572698209390982 ], [ 120.869349701769792, 22.572476254355358 ], [ 120.869212577554109, 22.571288434901309 ], [ 120.868877418403727, 22.568958484676479 ], [ 120.867948427217129, 22.567892533278243 ], [ 120.867308787917665, 22.567054995506517 ], [ 120.866958460658665, 22.565760586941764 ], [ 120.866714671633318, 22.563430632127577 ], [ 120.866653717518489, 22.562730122218387 ], [ 120.866473411978674, 22.560950929850581 ], [ 120.865559566845377, 22.558468723202413 ], [ 120.864813239748131, 22.556093107949941 ], [ 120.864735908583327, 22.555279146217494 ], [ 120.864659701362612, 22.554152237875719 ], [ 120.86475098296502, 22.552629379029025 ], [ 120.865131266079501, 22.551352662884277 ], [ 120.863722637286457, 22.551238519411381 ], [ 120.862409240958769, 22.55207615508851 ], [ 120.860410612114862, 22.553656216579828 ], [ 120.858906874708993, 22.554722289955393 ], [ 120.857346018829048, 22.555578973735901 ], [ 120.856794044315677, 22.556492713984518 ], [ 120.85670654204992, 22.557537777134335 ], [ 120.856935030994549, 22.558634220776174 ], [ 120.857574707244069, 22.560107550241334 ], [ 120.857803179599429, 22.560918458700886 ], [ 120.858157346911284, 22.562780130324615 ], [ 120.858158860973646, 22.564266340868009 ], [ 120.85841020640882, 22.565602632913624 ], [ 120.858615860829076, 22.566836134584779 ], [ 120.858924274057472, 22.567509982146028 ], [ 120.859164148430793, 22.567989669220783 ], [ 120.859516676092085, 22.568933028053483 ], [ 120.859868860418047, 22.569427938037119 ], [ 120.861344180782751, 22.570703254513678 ], [ 120.862210346756399, 22.571626441483833 ], [ 120.863640652743783, 22.57284148055815 ], [ 120.864087988223645, 22.572889047315069 ], [ 120.864440162586149, 22.573212636185211 ], [ 120.864563913949141, 22.573574307870928 ], [ 120.865077905561307, 22.574173905962532 ], [ 120.865487168509972, 22.574192921110132 ], [ 120.865591882778133, 22.574526040232076 ], [ 120.865848873324254, 22.574735419803975 ], [ 120.86601068669836, 22.574944804150526 ], [ 120.866105882142634, 22.575258888071261 ], [ 120.866381904247476, 22.575401641812828 ], [ 120.866667452928681, 22.575696680504922 ], [ 120.866838781251758, 22.575858475177082 ], [ 120.867238542539482, 22.576153508138677 ], [ 120.867497761241935, 22.576489316229107 ], [ 120.867741414801671, 22.576489304004895 ], [ 120.867924184652381, 22.576999451019187 ], [ 120.868152626698873, 22.577288781871257 ], [ 120.868426736067164, 22.577273539575735 ], [ 120.868601871366195, 22.577433430488185 ], [ 120.868685637909806, 22.57761616879889 ], [ 120.868853151060691, 22.577639003208546 ], [ 120.868944532663988, 22.577836969679712 ], [ 120.86917296009068, 22.577875029575939 ], [ 120.869698358899058, 22.578232873969725 ], [ 120.870475036515259, 22.57878106253953 ], [ 120.870947140094913, 22.579207438048144 ], [ 120.871580146326224, 22.579653081805731 ], [ 120.871620346085237, 22.579662124732039 ], [ 120.871688859027046, 22.579410850339627 ] ] ] ] } },
{ "type": "Feature", "properties": { "番號": "77", "類型": null, "分區": "要", "郡\n支廳": "〃", "庄 (區)": null, "大字": null, "地名": "Paumori社蕃地", "土地\n類型": "山林", "面積\n(公頃)": "160", "區分理由": "第七條第三號 (八)", "地        況": "位於太麻里溪上游左岸，為南向陡坡地。溪畔可見部分斷崖。基岩及土壤狀況等，與番號28相同，惟地力貧瘠之處甚多。海拔高度介於265至970公尺。\n北側以稜線與準要存置林野178相鄰。南側以溪流與要存置林野78及75鄰接。", "林        況": "與番號66相同。", "參  考  事  項": null }, "geometry": { "type": "MultiPolygon", "coordinates": [ [ [ [ 120.837199306564486, 22.580453126748111 ], [ 120.837456257031477, 22.579973414724009 ], [ 120.837810285895529, 22.579453722901604 ], [ 120.838723938958182, 22.5786313356923 ], [ 120.840499877706833, 22.577472925475607 ], [ 120.841756167723645, 22.576635292541059 ], [ 120.84294583703722, 22.575854769992326 ], [ 120.844145030712056, 22.575188461046782 ], [ 120.845277603682987, 22.574579262485205 ], [ 120.845991410362558, 22.574198513087502 ], [ 120.847162067242436, 22.573813497402387 ], [ 120.848250874652507, 22.573478414825757 ], [ 120.848867614782193, 22.573341326995958 ], [ 120.849705175260965, 22.573364127794537 ], [ 120.850519902517362, 22.57354682944349 ], [ 120.851859988292446, 22.57339447678428 ], [ 120.85308584240758, 22.572914716176477 ], [ 120.853900528909264, 22.572396904838961 ], [ 120.854403052877814, 22.572198908569199 ], [ 120.854888450933615, 22.572103705825498 ], [ 120.85526916007565, 22.572111300999882 ], [ 120.855469374061798, 22.571996162588331 ], [ 120.855395091023922, 22.571866781505765 ], [ 120.855052436808094, 22.571585070645042 ], [ 120.854587961123059, 22.571394737153859 ], [ 120.854199632934694, 22.571303385373643 ], [ 120.853955978480855, 22.571288169052227 ], [ 120.853582888826097, 22.571371944754393 ], [ 120.852836714830175, 22.571630867418314 ], [ 120.852448396383551, 22.571707029613279 ], [ 120.852143828979266, 22.571699430619216 ], [ 120.851709805558016, 22.571432952883121 ], [ 120.851153949151566, 22.571059881454762 ], [ 120.850849379531937, 22.571014211102167 ], [ 120.850575267051184, 22.570976153493479 ], [ 120.850316390447233, 22.571067537738802 ], [ 120.850087971425154, 22.571174148999706 ], [ 120.849836712538149, 22.571326447036441 ], [ 120.849366674259215, 22.571499568390173 ], [ 120.848963124360935, 22.571522431448031 ], [ 120.848605250649186, 22.57139300678071 ], [ 120.847798132692773, 22.571126547757256 ], [ 120.84755446849185, 22.57094381745879 ], [ 120.846602669710549, 22.570479394626595 ], [ 120.846168655584179, 22.57037281659245 ], [ 120.845803177882033, 22.570418520555009 ], [ 120.845437705493865, 22.570555595778178 ], [ 120.844973244412401, 22.570616533249552 ], [ 120.8442042305348, 22.570921142693635 ], [ 120.84383114352832, 22.571050604027825 ], [ 120.843290540260256, 22.571103931047531 ], [ 120.842864140747338, 22.571004966902994 ], [ 120.842689008097437, 22.570890761611238 ], [ 120.842262612569641, 22.570860325912303 ], [ 120.841653467116714, 22.570662385400887 ], [ 120.841394586078394, 22.570677626929925 ], [ 120.841227082659444, 22.570822306496225 ], [ 120.840874305281929, 22.571040599983796 ], [ 120.840584979060822, 22.571253814107592 ], [ 120.840371785724841, 22.571314738976362 ], [ 120.84024234254791, 22.571276674110372 ], [ 120.839991080111815, 22.571368057975963 ], [ 120.839397179833369, 22.571459459029363 ], [ 120.839069772996609, 22.571505161083916 ], [ 120.83872715065516, 22.571771677785346 ], [ 120.838346464085348, 22.572152410474569 ], [ 120.838178958451593, 22.572259018683297 ], [ 120.837996227126595, 22.572411313287112 ], [ 120.837630748088742, 22.572434174436648 ], [ 120.837090141712423, 22.572434201555872 ], [ 120.836587602663656, 22.572373312590514 ], [ 120.836016540474489, 22.572388569781161 ], [ 120.835559697100663, 22.572510421048985 ], [ 120.83500387831792, 22.572784562720376 ], [ 120.834539437157261, 22.573188142431036 ], [ 120.834140979933935, 22.573495905910718 ], [ 120.833630846639508, 22.573777659564346 ], [ 120.833234925074834, 22.574044178944749 ], [ 120.8328237609865, 22.574067042388037 ], [ 120.831940518527176, 22.574097543786678 ], [ 120.831605492195109, 22.574051874962549 ], [ 120.830509050634092, 22.574044315697204 ], [ 120.830196887200387, 22.574348902237798 ], [ 120.830006535054139, 22.574386983147573 ], [ 120.829899945471297, 22.574539273935123 ], [ 120.829496408400189, 22.574782950884735 ], [ 120.829207075529425, 22.574881950936703 ], [ 120.829153776751241, 22.574889567882774 ], [ 120.829001503450343, 22.575064703778757 ], [ 120.82874262860615, 22.575186545119053 ], [ 120.827745165990223, 22.575087609626294 ], [ 120.826916998459495, 22.575102245197606 ], [ 120.826682869238127, 22.575216471024945 ], [ 120.826454447989704, 22.57528501093358 ], [ 120.825826297197509, 22.575604841875673 ], [ 120.825243832116485, 22.575936091934793 ], [ 120.825021120169225, 22.575981788741426 ], [ 120.824729891615576, 22.576215942220024 ], [ 120.824250212906293, 22.576461526562305 ], [ 120.823924716579796, 22.576627153312074 ], [ 120.82346789235541, 22.577078321855797 ], [ 120.823354088376476, 22.577417216097828 ], [ 120.823461040080034, 22.578074736834406 ], [ 120.823857006843298, 22.578584873197578 ], [ 120.824473770490172, 22.578851341773074 ], [ 120.824968707786752, 22.579125430733228 ], [ 120.825950965102777, 22.579620309129673 ], [ 120.827032207128639, 22.580122796829158 ], [ 120.827664202222664, 22.580442564541382 ], [ 120.828821559402286, 22.580488192094979 ], [ 120.829994124544115, 22.580183562372284 ], [ 120.831372289230387, 22.580168264670355 ], [ 120.83223371147966, 22.580259592706945 ], [ 120.833855524864049, 22.580160525786884 ], [ 120.835066179474083, 22.580175693579093 ], [ 120.836002747732678, 22.580602045809162 ], [ 120.836508342511905, 22.580835778585758 ], [ 120.836805304948456, 22.581001374097777 ], [ 120.837199306564486, 22.580453126748111 ] ] ] ] } },
{ "type": "Feature", "properties": { "番號": "92", "類型": null, "分區": "要", "郡\n支廳": "大武", "庄 (區)": null, "大字": null, "地名": "Karataran社蕃地", "土地\n類型": "山林", "面積\n(公頃)": "35", "區分理由": "第七條第二號", "地        況": "位於太麻里溪中游左岸，為西向地。溪畔形成斷崖，整體多為陡坡地，易崩塌處甚多。基岩及土壤狀況等，與番號38相同。海拔高度介於242至606公尺。\n東側以稜線，北側以小溪與準要存置林野183為界。西側以太麻里溪溪畔為界。", "林        況": "與番號86相同。", "參  考  事  項": "依據治水調查之結果，選定為施業限制預定地。(詳情參見〈治水調查復命書〉)\r" }, "geometry": { "type": "MultiPolygon", "coordinates": [ [ [ [ 120.878360816350394, 22.581001051821556 ], [ 120.878465449204683, 22.579935048596084 ], [ 120.878608181175025, 22.579354453251682 ], [ 120.878692186731044, 22.578192479519362 ], [ 120.878758780291932, 22.577668995030653 ], [ 120.87939579622703, 22.574313448923185 ], [ 120.879569970234328, 22.573471351592055 ], [ 120.878779030117371, 22.573499439207687 ], [ 120.87772451351367, 22.574297721540244 ], [ 120.877248647598151, 22.574640387618089 ], [ 120.876239823861027, 22.57557318645641 ], [ 120.875421377721494, 22.57690572499018 ], [ 120.87525517978581, 22.577676678296555 ], [ 120.874752705908961, 22.578735087217584 ], [ 120.874204512877881, 22.57920719954425 ], [ 120.874090330844865, 22.579732589994173 ], [ 120.874212216995915, 22.580752896234873 ], [ 120.87419700460012, 22.581027010765816 ], [ 120.874070322081351, 22.581117509558776 ], [ 120.874420498693851, 22.581296302557234 ], [ 120.876067073704846, 22.581467541036325 ], [ 120.876961754055046, 22.581724477796669 ], [ 120.878265693462069, 22.581933804823812 ], [ 120.878360816350394, 22.581001051821556 ] ] ] ] } },
{ "type": "Feature", "properties": { "番號": "93", "類型": null, "分區": "要", "郡\n支廳": "〃", "庄 (區)": null, "大字": null, "地名": "Maritotsupu社蕃地", "土地\n類型": "山林", "面積\n(公頃)": "112", "區分理由": "第七條第二號", "地        況": "位於太麻里溪中游左岸，為南向地。溪畔等處雖可見斷崖及崩塌地，惟整體多為陡坡地。基岩及土壤狀況等，與番號38相同。海拔高度介於182至696公尺。\n東側及北側以稜線與準要存置林野184為界。西側以溪流與要存置林野91為界。南側以太麻里溪溪畔為界。", "林        況": "約有20公頃為蕃人的現耕地及其開墾舊跡。其餘區域為紅楠、櫟屬植物類為主要樹種的闊葉原生林。", "參  考  事  項": "同上\r" }, "geometry": { "type": "MultiPolygon", "coordinates": [ [ [ [ 120.900236706828821, 22.589393430842954 ], [ 120.901911773936078, 22.588517705608556 ], [ 120.902635095999784, 22.58809888440361 ], [ 120.904319592052587, 22.585698210608815 ], [ 120.905437878014638, 22.584912932805207 ], [ 120.905913682121565, 22.583509027743141 ], [ 120.906722575840959, 22.581581624853094 ], [ 120.907269769756681, 22.580296689199809 ], [ 120.907413240732907, 22.579709607995017 ], [ 120.906784396520024, 22.579734793696741 ], [ 120.906472423776577, 22.580366177819908 ], [ 120.905627281142628, 22.580891604911656 ], [ 120.904820199182325, 22.581241901866566 ], [ 120.903647634255108, 22.581546531536905 ], [ 120.902787246876514, 22.581790231377163 ], [ 120.901949686950331, 22.581775044863157 ], [ 120.901424311221675, 22.581813142580337 ], [ 120.900320296521954, 22.581826007403027 ], [ 120.899254293450824, 22.581502454379734 ], [ 120.898588017298678, 22.580883828299275 ], [ 120.898359537274089, 22.579941573735773 ], [ 120.898112029018492, 22.579123052029445 ], [ 120.897293488787781, 22.578837557938115 ], [ 120.89625607042683, 22.579056520278481 ], [ 120.895485157540989, 22.579437272506535 ], [ 120.89484747219457, 22.579465858018104 ], [ 120.893676807457439, 22.579713380563248 ], [ 120.893067665843091, 22.579580161384435 ], [ 120.891792256929079, 22.57898060153402 ], [ 120.891344896558365, 22.578504732039942 ], [ 120.89089259177473, 22.578111350729483 ], [ 120.890287237086696, 22.57763168202516 ], [ 120.889767549489903, 22.577283355197586 ], [ 120.889162220383881, 22.577243410643977 ], [ 120.888425549112554, 22.577243447602992 ], [ 120.888020104348641, 22.577414789043722 ], [ 120.887808737589978, 22.577788279645045 ], [ 120.88764221409653, 22.578416465365009 ], [ 120.887409054127033, 22.578830503054238 ], [ 120.88704264141623, 22.579163645799579 ], [ 120.886523932500168, 22.579277885892299 ], [ 120.886067078496694, 22.579216042862033 ], [ 120.886053177998761, 22.579132668609127 ], [ 120.885735653197685, 22.579523953530188 ], [ 120.885484454594177, 22.580711792431536 ], [ 120.885732880748108, 22.580965971599106 ], [ 120.885883483884214, 22.580694846518973 ], [ 120.886701997554638, 22.580523484347591 ], [ 120.889043383556753, 22.580999258805956 ], [ 120.892584071629187, 22.582674220768027 ], [ 120.893307448001238, 22.583188147762073 ], [ 120.89441156627197, 22.584273125973684 ], [ 120.895001685748198, 22.58463477423145 ], [ 120.895382424324197, 22.585148718416399 ], [ 120.895877368850861, 22.585548442804239 ], [ 120.896638840464462, 22.586481152783666 ], [ 120.897210010940697, 22.58832758482982 ], [ 120.898694871123553, 22.589983614235162 ], [ 120.900236706828821, 22.589393430842954 ] ] ] ] } },
{ "type": "Feature", "properties": { "番號": "69", "類型": null, "分區": "要", "郡\n支廳": "大武", "庄 (區)": null, "大字": null, "地名": "Jiyomoru社蕃地", "土地\n類型": "山林", "面積\n(公頃)": "1,407.00", "區分理由": "第七條第三號 (イ)", "地        況": "位於太麻里溪中游右岸，為北向地。溪畔等處，可見斷崖或崩塌地，惟整體多為陡坡地或險峻地。基岩及土壤狀況等，與番號38相同。海拔高度介於150至1,031公尺。\n東側以蕃地界與要存置林野10及7相鄰。北側以太麻里溪溪畔，小部分區域以溪流及小稜線，與準要存置林野168鄰接為界。西側以稜線與準要存置林野169、174及要存置林野71相連。南側以稜線與準要存置林野171、170與167及要存置林野68毗鄰。", "林        況": "與番號63相同。", "參  考  事  項": null }, "geometry": { "type": "MultiPolygon", "coordinates": [ [ [ [ 120.933981900273025, 22.590745910026541 ], [ 120.933844819900173, 22.590311903494111 ], [ 120.933993261687789, 22.589717982951711 ], [ 120.933913290934683, 22.589341080580827 ], [ 120.933810441761509, 22.588347423455787 ], [ 120.933951091123802, 22.586326208320997 ], [ 120.93382921650047, 22.585503873235513 ], [ 120.933494151253214, 22.584788148633702 ], [ 120.933707299337755, 22.583950568195164 ], [ 120.934255457721164, 22.58288454283646 ], [ 120.935625937873809, 22.58166619081301 ], [ 120.936783238920242, 22.580752420306315 ], [ 120.938595327783531, 22.579305618032734 ], [ 120.940102863925631, 22.578102487698391 ], [ 120.940392479521293, 22.577629398558425 ], [ 120.940792168755465, 22.576687112565146 ], [ 120.941667721065812, 22.575354571354666 ], [ 120.94210550608021, 22.574840586155368 ], [ 120.9425052080543, 22.574117210436828 ], [ 120.943049811102995, 22.572327408075282 ], [ 120.943101941540732, 22.572156084797406 ], [ 120.942834316066509, 22.571411661305905 ], [ 120.942640114819412, 22.570726386729081 ], [ 120.942501137909062, 22.570412305054024 ], [ 120.942424970725853, 22.5699744883383 ], [ 120.942053739421098, 22.569279704801122 ], [ 120.941872892865391, 22.569108392791129 ], [ 120.941663467705936, 22.568499261678234 ], [ 120.94136840026367, 22.56818518782973 ], [ 120.941178028245247, 22.56788062656846 ], [ 120.941082832274958, 22.567557024858882 ], [ 120.940921021150956, 22.567385711893529 ], [ 120.940549803684959, 22.566928874296185 ], [ 120.940387996434453, 22.566824186194481 ], [ 120.939959668248946, 22.566291208758173 ], [ 120.939721712634181, 22.566072310421337 ], [ 120.939188702305117, 22.565758248501439 ], [ 120.938841294230116, 22.565561167363761 ], [ 120.938393945553429, 22.565285172498807 ], [ 120.937784795158919, 22.564999667908356 ], [ 120.937185176865484, 22.564961626622246 ], [ 120.936195333892201, 22.564952158415743 ], [ 120.935529100993577, 22.565075923712886 ], [ 120.934548791224998, 22.56533295448866 ], [ 120.933692212310959, 22.565599496899488 ], [ 120.933273420649044, 22.565390125465008 ], [ 120.932968836594711, 22.565095087762774 ], [ 120.932702319529696, 22.564733423286103 ], [ 120.932388223846246, 22.564543082276938 ], [ 120.932017017442192, 22.56427660142776 ], [ 120.931579180941938, 22.563905427702021 ], [ 120.931312677709485, 22.563781709171113 ], [ 120.930912912071818, 22.563410533535652 ], [ 120.930579782062921, 22.5632392291553 ], [ 120.930113400160508, 22.563001306590053 ], [ 120.929627970101677, 22.562544474706527 ], [ 120.929485197726649, 22.562430267809162 ], [ 120.929209177884033, 22.562325585430248 ], [ 120.928666653701569, 22.562078148842964 ], [ 120.928193846537553, 22.561826425732697 ], [ 120.927382919891997, 22.561529509843076 ], [ 120.926343564745991, 22.561175498376429 ], [ 120.9256811244217, 22.56104989612507 ], [ 120.925304210925347, 22.560844329719718 ], [ 120.92492730340291, 22.560741555964377 ], [ 120.924527550706912, 22.560593097731562 ], [ 120.924104944207571, 22.560250476748124 ], [ 120.923830835318057, 22.560273333301108 ], [ 120.92329402087411, 22.560010667882 ], [ 120.92289425755601, 22.559679467158055 ], [ 120.922037636572242, 22.559222653873025 ], [ 120.921032515322992, 22.55835467742487 ], [ 120.920655593195235, 22.558000632741795 ], [ 120.920381445806882, 22.557361047763365 ], [ 120.92042710894124, 22.556984139085674 ], [ 120.92105787587289, 22.555826230739104 ], [ 120.921305274548317, 22.55476022047441 ], [ 120.921762057448376, 22.553599021337114 ], [ 120.922161730739234, 22.552380718036446 ], [ 120.922313984335872, 22.5518667471523 ], [ 120.922294885873015, 22.550781714573489 ], [ 120.92228936581354, 22.550130034825564 ], [ 120.92222844137433, 22.549939681117891 ], [ 120.922266500738644, 22.549741708179731 ], [ 120.922258875951172, 22.549558966071753 ], [ 120.922197945320406, 22.549262012578563 ], [ 120.922144620459861, 22.548820387566074 ], [ 120.92217506830562, 22.548668100632021 ], [ 120.92215979883126, 22.547959974248403 ], [ 120.922144555449677, 22.547701089818148 ], [ 120.922296816350951, 22.547312754397979 ], [ 120.922381223247442, 22.547166132046712 ], [ 120.922334763984338, 22.547141638108108 ], [ 120.921207779745387, 22.545649297571824 ], [ 120.920903189841539, 22.545253370769988 ], [ 120.920400628792621, 22.544811768263578 ], [ 120.919486875884004, 22.543913330129985 ], [ 120.918557918505087, 22.54342606335954 ], [ 120.916928454570325, 22.542893146057054 ], [ 120.916471593588497, 22.542710426452242 ], [ 120.914893875252503, 22.54164755332609 ], [ 120.91396492670772, 22.54131257195748 ], [ 120.913462506242766, 22.543292307463027 ], [ 120.913462546035092, 22.543977591809309 ], [ 120.913355965300141, 22.544282167970447 ], [ 120.913279840373107, 22.544571514064838 ], [ 120.913081898407043, 22.545028380214521 ], [ 120.911878927181235, 22.546201038151928 ], [ 120.911513441573646, 22.54610968521693 ], [ 120.911026118585511, 22.545835595892214 ], [ 120.910508338020989, 22.545546279551829 ], [ 120.909823007623814, 22.544602144333759 ], [ 120.908741713704188, 22.543201172714003 ], [ 120.907371141339823, 22.542835756385585 ], [ 120.906076723080943, 22.542683535818441 ], [ 120.904679674803532, 22.542741817037339 ], [ 120.904614805389556, 22.542744523220499 ], [ 120.904005686575076, 22.543003438938506 ], [ 120.903168162905231, 22.543612622552057 ], [ 120.902619948631354, 22.543719249806628 ], [ 120.901675822114967, 22.544252296057106 ], [ 120.901142831763977, 22.544282779842792 ], [ 120.900760977465552, 22.544222265521409 ], [ 120.899972886004093, 22.543799712977808 ], [ 120.899173374608608, 22.543400003817506 ], [ 120.898470124112606, 22.543180274440505 ], [ 120.898442400718409, 22.543171612314882 ], [ 120.898196052199836, 22.543327734432772 ], [ 120.897288895924277, 22.543902640099464 ], [ 120.896889181013009, 22.544405201997936 ], [ 120.896329575097099, 22.545021985970646 ], [ 120.895849921980599, 22.545707294376566 ], [ 120.895495875527629, 22.5459243188341 ], [ 120.893931221959122, 22.546940902389498 ], [ 120.893829552186759, 22.546942940907655 ], [ 120.893760180572457, 22.547055272332891 ], [ 120.893569841718659, 22.547321781350554 ], [ 120.893455663394093, 22.547911893064416 ], [ 120.893303392643261, 22.548130810982247 ], [ 120.892913209936665, 22.548882739783679 ], [ 120.89258013629582, 22.549682254918078 ], [ 120.892542086991924, 22.550053452531134 ], [ 120.89279909519712, 22.550567402937141 ], [ 120.893246462158729, 22.551157486511801 ], [ 120.893646221737995, 22.551423965958989 ], [ 120.893750929891056, 22.55165238883782 ], [ 120.894112625792175, 22.552042602093749 ], [ 120.89430845484921, 22.552350716441026 ], [ 120.89423237947409, 22.55349286088618 ], [ 120.894108049198891, 22.553573874280726 ], [ 120.894471794955834, 22.554265792559722 ], [ 120.894528923929329, 22.554656021079271 ], [ 120.89460511322406, 22.555474551380755 ], [ 120.895096791829218, 22.556452326021731 ], [ 120.895614633487625, 22.557792411738998 ], [ 120.896056351120436, 22.559437072105869 ], [ 120.896543808682807, 22.562025899767519 ], [ 120.896511769844992, 22.564143699780253 ], [ 120.896654646264295, 22.566047260340184 ], [ 120.89696881447405, 22.567484438217662 ], [ 120.897157540465372, 22.567970474594272 ], [ 120.897282946161425, 22.568293438747169 ], [ 120.897682727889787, 22.568940631723763 ], [ 120.897993886725232, 22.569243539492067 ], [ 120.898451168370997, 22.56968869529943 ], [ 120.899083172640644, 22.570168362667282 ], [ 120.899501977404881, 22.570602355102121 ], [ 120.899867467901146, 22.570777465000639 ], [ 120.900743136781429, 22.571447476916184 ], [ 120.901436083221014, 22.572422068828615 ], [ 120.901656928785357, 22.573015970877211 ], [ 120.901816849450782, 22.573411904939693 ], [ 120.902115769412617, 22.574506441379455 ], [ 120.902492731773378, 22.575551481143162 ], [ 120.902938212060377, 22.576430907077373 ], [ 120.903343700996587, 22.577019089157353 ], [ 120.903657815537287, 22.577533036680006 ], [ 120.904150828561995, 22.577994344390131 ], [ 120.904212860799589, 22.577991076371411 ], [ 120.904869567720368, 22.577724543945433 ], [ 120.905488190485784, 22.577229585306782 ], [ 120.906144909033458, 22.577162927490445 ], [ 120.906687402249432, 22.576877365119817 ], [ 120.9072489486162, 22.576896372625114 ], [ 120.908019872004246, 22.576696459341971 ], [ 120.908410100030736, 22.57672499328045 ], [ 120.909276209438048, 22.576677360637856 ], [ 120.910180414071647, 22.577048510974215 ], [ 120.910694387910823, 22.577343538179704 ], [ 120.911217891648008, 22.577847957350979 ], [ 120.91212211122982, 22.578476089319608 ], [ 120.91294064589232, 22.578666405020261 ], [ 120.913374509793556, 22.578918605969196 ], [ 120.914031261001199, 22.579413500612819 ], [ 120.914316819619941, 22.579879860364244 ], [ 120.915592224033063, 22.580403277480041 ], [ 120.916268001256526, 22.580736367914032 ], [ 120.916536243319754, 22.580532668026152 ], [ 120.916749416233969, 22.580121486715797 ], [ 120.917175802823024, 22.579999636992198 ], [ 120.917358534995927, 22.579862570952603 ], [ 120.917388979281952, 22.579649369847541 ], [ 120.917678309874148, 22.579512298459839 ], [ 120.917769670201096, 22.579344779922597 ], [ 120.91824174537058, 22.57928384207252 ], [ 120.918272186998962, 22.579024955344529 ], [ 120.918409229704793, 22.578811748891983 ], [ 120.918789928598031, 22.578644215838644 ], [ 120.91898571692181, 22.57856358432721 ], [ 120.919292466659797, 22.578689876249577 ], [ 120.92075439669054, 22.578842088314843 ], [ 120.922140177900673, 22.578872475871041 ], [ 120.924043711330782, 22.578704866417912 ], [ 120.923845826129536, 22.580136359203745 ], [ 120.923800182740237, 22.580852102923249 ], [ 120.923632698411211, 22.581324196099615 ], [ 120.923739346454397, 22.582176989047952 ], [ 120.923813680219169, 22.582882774964197 ], [ 120.924030959455834, 22.58277609529069 ], [ 120.925447231908507, 22.58340039440564 ], [ 120.927015768311691, 22.583689657974773 ], [ 120.927914254861335, 22.583933269543465 ], [ 120.928873668083838, 22.584405306167522 ], [ 120.92930011315508, 22.585288540140663 ], [ 120.929543806563714, 22.585973812252021 ], [ 120.929558779562626, 22.588127507900523 ], [ 120.92992714070283, 22.588566261747914 ], [ 120.930886563014269, 22.589194390905917 ], [ 120.931217786834054, 22.589320009743446 ], [ 120.931686070413676, 22.589525571541198 ], [ 120.932394222369823, 22.590108027685019 ], [ 120.932942462074323, 22.590439220930019 ], [ 120.933947565427388, 22.590998819354528 ], [ 120.933954124228237, 22.591001591269386 ], [ 120.933981900273025, 22.590745910026541 ] ] ] ] } },
{ "type": "Feature", "properties": { "番號": "6", "類型": null, "分區": "要", "郡\n支廳": "大武", "庄 (區)": "太麻里", "大字": "猴子蘭", "地名": "猴子蘭", "土地\n類型": "山林", "面積\n(公頃)": "27", "區分理由": "第七條第二號", "地        況": "太麻里溪下游右岸之北向地。溪畔可見斷崖絕壁，整體以陡坡地為主。基岩為下部黏板岩。土壤質地為黏質壤土，摻雜石礫，濕度偏乾，結合度較軟。地力貧瘠之處多，且多有崩塌之處。海拔高度在300公尺以下。\n南側及西側以稜線與準要存置林野110鄰接。北側以山麓與準要存置林野109相連，其餘則以太麻里溪溪畔為界。", "林        況": "僅只有少數的蕃人現耕地及開墾地，沒有值得一提樹種的闊葉雜林。", "參  考  事  項": "依據治水調查結果，選定為施業限制預定地。(詳情參見〈治水調查復命書〉)\r" }, "geometry": { "type": "MultiPolygon", "coordinates": [ [ [ [ 120.993598318019195, 22.593263108878734 ], [ 120.994146534811435, 22.593202167205185 ], [ 120.994173166457131, 22.592893787955596 ], [ 120.994178860937353, 22.592782617660625 ], [ 120.993027527182704, 22.592048378027762 ], [ 120.992570665595352, 22.591854237087318 ], [ 120.992056681763998, 22.591385985312236 ], [ 120.991131530681443, 22.590883489960152 ], [ 120.989700657637229, 22.590139266931285 ], [ 120.98821585298046, 22.589431214385357 ], [ 120.987941728624023, 22.589187571517726 ], [ 120.983826983477911, 22.585112240225222 ], [ 120.983530016163883, 22.584860984230296 ], [ 120.98304268968603, 22.584525980821116 ], [ 120.982227955158635, 22.584213836648868 ], [ 120.981679727713839, 22.584092035843419 ], [ 120.981177191058293, 22.584069218250377 ], [ 120.981466561040008, 22.584609816873588 ], [ 120.982830857989995, 22.58890229290764 ], [ 120.98311930016996, 22.589854538025346 ], [ 120.9835457833167, 22.591392599082326 ], [ 120.983751493239353, 22.592307418105889 ], [ 120.984198243415477, 22.592187113354001 ], [ 120.984723601304253, 22.591844444852313 ], [ 120.984959614024731, 22.591387576830449 ], [ 120.985286995474823, 22.590907861414617 ], [ 120.98561438889314, 22.590633731277485 ], [ 120.985995109880719, 22.590846911717041 ], [ 120.986505268680759, 22.591006785772787 ], [ 120.987213388846968, 22.591044821579334 ], [ 120.987533186266205, 22.591082876876129 ], [ 120.988534788959939, 22.591458781163091 ], [ 120.98888804080508, 22.591654087151507 ], [ 120.989182014368836, 22.591816619345426 ], [ 120.98940282622776, 22.591831836801475 ], [ 120.989722628077999, 22.591946034792652 ], [ 120.990529756848616, 22.592402850451226 ], [ 120.991077988717564, 22.592600793940409 ], [ 120.991702363629685, 22.592821576415783 ], [ 120.992448573706511, 22.593187023895489 ], [ 120.993111011494079, 22.59327074760844 ], [ 120.993598318019195, 22.593263108878734 ] ] ] ] } },
{ "type": "Feature", "properties": { "番號": "89", "類型": null, "分區": "要", "郡\n支廳": "大武", "庄 (區)": null, "大字": null, "地名": "Chiyogozoru社蕃地", "土地\n類型": "山林", "面積\n(公頃)": "242", "區分理由": "第七條第二號", "地        況": "位於太麻里溪左岸，為東南向地。地勢與番號87相同，基岩及土壤狀況等，與番號28相同。海拔高度介於272至820公尺。\n東側以溪流與準要存置林野183相鄰。北側以小溪流與要存置林野88鄰接；另以稜線與準要存置林野182毗鄰。西側以溪流與準要存置林野178接壤。南側以溪流與要存置林野76鄰接。", "林        況": "與番號88相同。", "參  考  事  項": "依據治水調查之結果，選定為施業限制預定地。(詳情參見〈治水調查復命書〉)\r" }, "geometry": { "type": "MultiPolygon", "coordinates": [ [ [ [ 120.864801467950727, 22.593655796435218 ], [ 120.865174536304323, 22.593206535685187 ], [ 120.865456256743386, 22.593137993097606 ], [ 120.865762314867553, 22.592866679651557 ], [ 120.865905067877762, 22.59264776217903 ], [ 120.865933602185194, 22.592324154207645 ], [ 120.86605732474942, 22.592190898245093 ], [ 120.866238158050976, 22.5921337821304 ], [ 120.866390422128163, 22.591800650108361 ], [ 120.866399929869374, 22.59162932852254 ], [ 120.866761584833895, 22.591315221667948 ], [ 120.866980487895475, 22.591239067963883 ], [ 120.867094679442047, 22.590877384336142 ], [ 120.867246949062263, 22.590639430708464 ], [ 120.867503920775917, 22.590525203736394 ], [ 120.867837016492999, 22.59010640208465 ], [ 120.868046392970655, 22.589877963430407 ], [ 120.868350958257153, 22.589849394623641 ], [ 120.868560335843057, 22.58963999164839 ], [ 120.86857934855739, 22.589249759282438 ], [ 120.86878873334733, 22.589164088218155 ], [ 120.868960042281429, 22.588992758511569 ], [ 120.868998098188598, 22.588735774940165 ], [ 120.868960014021113, 22.588507348708941 ], [ 120.869102759830298, 22.58816469932907 ], [ 120.869283579278658, 22.587869637235055 ], [ 120.870815696128616, 22.58627475118681 ], [ 120.871165938366573, 22.586107219637199 ], [ 120.871348653714023, 22.585680811268968 ], [ 120.871851170560774, 22.585360986650151 ], [ 120.871972980497489, 22.585071638224353 ], [ 120.87230799172859, 22.584858421812527 ], [ 120.87250593276562, 22.584386327053714 ], [ 120.872597285122112, 22.584081751614637 ], [ 120.872749560617763, 22.583944687088032 ], [ 120.872749546436225, 22.583701030405457 ], [ 120.87267339406381, 22.583518291714626 ], [ 120.872810432349226, 22.583228942525874 ], [ 120.873054078815258, 22.583107101957044 ], [ 120.873160644453307, 22.582543640529632 ], [ 120.873510874283738, 22.582162909387293 ], [ 120.87352943420295, 22.581842195347189 ], [ 120.873757841687109, 22.581537613032186 ], [ 120.873833380888826, 22.581149720487264 ], [ 120.873519346692305, 22.581087958940884 ], [ 120.873032024071051, 22.580821483897719 ], [ 120.872285807581974, 22.580349436518613 ], [ 120.871821787835032, 22.579964825472693 ], [ 120.871476827479967, 22.579884619499872 ], [ 120.870905748392929, 22.57960863081783 ], [ 120.870486956102056, 22.57938974152956 ], [ 120.87019190022562, 22.579275542263751 ], [ 120.869925400269466, 22.579208930760959 ], [ 120.869335299591981, 22.579170889013088 ], [ 120.868764235455515, 22.5791518819881 ], [ 120.868202690143249, 22.579151910164189 ], [ 120.86776486518454, 22.578980611025859 ], [ 120.867374630472966, 22.578837863016904 ], [ 120.866813055806858, 22.578333445712101 ], [ 120.866280040383998, 22.577933723205476 ], [ 120.865480524448401, 22.577457871354667 ], [ 120.864642954256013, 22.577267556591387 ], [ 120.86441452461176, 22.577191425337592 ], [ 120.86394815701982, 22.577200966575528 ], [ 120.863628610350219, 22.577384676907279 ], [ 120.863285976404583, 22.577451318973679 ], [ 120.862990929383812, 22.577489405134443 ], [ 120.862762506383874, 22.577527487952533 ], [ 120.862248570139897, 22.577879673795035 ], [ 120.861648958379334, 22.577955846594932 ], [ 120.861220661099836, 22.577955868084349 ], [ 120.860535367176411, 22.577641813768004 ], [ 120.859954774234765, 22.577432450431182 ], [ 120.859640686792815, 22.577384876992749 ], [ 120.859041068936975, 22.577356353559175 ], [ 120.858650840309224, 22.577318301780309 ], [ 120.858355783317023, 22.577185066831934 ], [ 120.857813272317586, 22.577166058372249 ], [ 120.857442074693267, 22.577051862922691 ], [ 120.857185088016251, 22.576909108224367 ], [ 120.857019641348401, 22.576790943729595 ], [ 120.85678157381416, 22.577091400140052 ], [ 120.856416115615673, 22.577472132055526 ], [ 120.856180084197391, 22.577609200786888 ], [ 120.856119188438541, 22.57791225185176 ], [ 120.856050675493137, 22.578163526252048 ], [ 120.855970727995768, 22.578186373078285 ], [ 120.855845102100147, 22.578323436270392 ], [ 120.855879375851714, 22.57849475566173 ], [ 120.855810850279781, 22.578529023322375 ], [ 120.855776599788484, 22.578757453189063 ], [ 120.855571025730981, 22.57890594180045 ], [ 120.855445416450806, 22.579328540177567 ], [ 120.85507995404474, 22.579636936516106 ], [ 120.854566001953287, 22.579716912157448 ], [ 120.854428964101814, 22.580013875627404 ], [ 120.854257647845472, 22.58005956985372 ], [ 120.854234813963771, 22.580208049296314 ], [ 120.85402924123575, 22.580379380723937 ], [ 120.854029250540904, 22.580539280427811 ], [ 120.853857945583755, 22.580779138580677 ], [ 120.853915065846877, 22.581018985271342 ], [ 120.853828349634398, 22.581259354729372 ], [ 120.85390451519234, 22.581668618008209 ], [ 120.853657072816901, 22.581982719131297 ], [ 120.853599988668989, 22.582363435578699 ], [ 120.853590485907958, 22.582620417723895 ], [ 120.853352546848058, 22.582687054541918 ], [ 120.853162197483357, 22.582772724650635 ], [ 120.853133652086086, 22.582905975837367 ], [ 120.852943298289716, 22.582915503229955 ], [ 120.852486457265783, 22.583077329429639 ], [ 120.852305613431284, 22.582953606590682 ], [ 120.851972503288678, 22.583124944420856 ], [ 120.851544207106912, 22.583144001594459 ], [ 120.851039771400238, 22.583201133947728 ], [ 120.8505639087887, 22.583600907094066 ], [ 120.850364061094936, 22.584019702068012 ], [ 120.850249895574407, 22.584828724167906 ], [ 120.850240291671795, 22.584833526802576 ], [ 120.850866431291507, 22.585210448609143 ], [ 120.851589804419575, 22.585667268605018 ], [ 120.852056178119739, 22.585762423593412 ], [ 120.852408348073595, 22.586009869747492 ], [ 120.853017491413937, 22.586171642446903 ], [ 120.85435951950079, 22.586685538424963 ], [ 120.855558767970209, 22.58696149557839 ], [ 120.856439685967985, 22.5878761157417 ], [ 120.857210637148441, 22.588152094389979 ], [ 120.858210026844375, 22.588656489718957 ], [ 120.859000032297828, 22.589256073951475 ], [ 120.859323664058635, 22.58976050319901 ], [ 120.859371279245551, 22.590217357104525 ], [ 120.859342747152624, 22.590579036437745 ], [ 120.859104834699266, 22.591102529553954 ], [ 120.858609951082755, 22.591749767485283 ], [ 120.858153150529844, 22.59260639597591 ], [ 120.858019934079337, 22.593148919517756 ], [ 120.857978511345067, 22.593400533472312 ], [ 120.858561044636417, 22.593635253950463 ], [ 120.859566120911481, 22.593726574747773 ], [ 120.860327534751619, 22.593665622346418 ], [ 120.862170172805605, 22.59380258672126 ], [ 120.862885903371748, 22.593772093700235 ], [ 120.864424472396337, 22.593936864221433 ], [ 120.864801467950727, 22.593655796435218 ] ] ] ] } },
{ "type": "Feature", "properties": { "番號": "100", "類型": null, "分區": "要", "郡\n支廳": "〃", "庄 (區)": null, "大字": null, "地名": "Mariburu社蕃地", "土地\n類型": "山林", "面積\n(公頃)": "30", "區分理由": "第七條第二號", "地        況": "位於太麻里溪中游左岸，為南向之斷崖及崩塌地。基岩及土壤狀況等，與番號38相同。海拔高度在500公尺以下。\n東側、北側及西側以斷崖上緣或小稜線，為準要存置林野186所環繞。南側以太麻里溪溪畔為界。", "林        況": "大部分為斷崖地，樹種為紅楠、櫟屬植物類所構成的闊葉原生林。", "參  考  事  項": "依據治水調查之結果，選定為施業限制預定地。(詳情參見〈治水調查復命書〉)\r" }, "geometry": { "type": "MultiPolygon", "coordinates": [ [ [ [ 120.930388050719159, 22.594035987512342 ], [ 120.93111899354885, 22.593731379998911 ], [ 120.932002185245992, 22.592832851748494 ], [ 120.932626511038606, 22.592208450232103 ], [ 120.933188020294395, 22.591636073209823 ], [ 120.932405557191828, 22.591263878281669 ], [ 120.930927938263736, 22.590693239087319 ], [ 120.930608133707068, 22.59053335546022 ], [ 120.929785795534073, 22.590403954139198 ], [ 120.929351769079076, 22.590084176564954 ], [ 120.929016713125904, 22.589528351637615 ], [ 120.928498859408634, 22.587982680721648 ], [ 120.928541202470939, 22.586162487238749 ], [ 120.927992936174334, 22.585374437759253 ], [ 120.927079208205456, 22.584906205978591 ], [ 120.92640267002993, 22.584760747799628 ], [ 120.926149414485963, 22.585022204653896 ], [ 120.925721175441396, 22.586021599149817 ], [ 120.925788771276785, 22.588553943617956 ], [ 120.925666995046384, 22.58942197657079 ], [ 120.925499586092869, 22.591188495738685 ], [ 120.925712806866485, 22.591599655645112 ], [ 120.926230591886224, 22.591965114639287 ], [ 120.926794059281335, 22.592284885716314 ], [ 120.927342305424318, 22.592726485885372 ], [ 120.928134208637516, 22.593228987985821 ], [ 120.92910886352, 22.593929451943151 ], [ 120.929809386906143, 22.594264444676899 ], [ 120.930388050719159, 22.594035987512342 ] ] ] ] } },
{ "type": "Feature", "properties": { "番號": "7", "類型": null, "分區": "要", "郡\n支廳": "〃", "庄 (區)": "〃", "大字": "〃", "地名": null, "土地\n類型": "山林", "面積\n(公頃)": "585", "區分理由": "第七條第三號 (口)", "地        況": "太麻里溪下游右岸，為北向之陡坡地或險峻地。基岩及土壤狀況等，與番號6相同。海拔高度介於60至995公尺。\n東側以稜線與要存置林野8及準要存置林野110相鄰。北側以太麻里溪溪畔為界。西側以稜線與要存置林野69連接。南側以稜線與要存置林野9鄰接。", "林        況": "全為櫟屬植物、栲櫧植物、紅楠類為主要樹種的闊葉林。", "參  考  事  項": null }, "geometry": { "type": "MultiPolygon", "coordinates": [ [ [ [ 120.948655818987831, 22.595160326693151 ], [ 120.949088850306538, 22.594990005647361 ], [ 120.949088827150931, 22.59459235899104 ], [ 120.94928678232678, 22.594363920948069 ], [ 120.949149700624744, 22.593907071619224 ], [ 120.949195373243754, 22.59369386976141 ], [ 120.949205503748772, 22.593320770014323 ], [ 120.949388196000569, 22.592498419665151 ], [ 120.950210476059056, 22.5916303515917 ], [ 120.951565775654572, 22.591234341515424 ], [ 120.95223549126969, 22.58553883386169 ], [ 120.952686579254433, 22.584650225906238 ], [ 120.953063435576965, 22.583873551447997 ], [ 120.953805751559827, 22.582742795095786 ], [ 120.954228322161796, 22.582468660171148 ], [ 120.954973202345514, 22.581787145628041 ], [ 120.956200918370214, 22.580597354339197 ], [ 120.957000351061197, 22.579645530481304 ], [ 120.957466664833476, 22.578712759013676 ], [ 120.957714077252248, 22.57788469474194 ], [ 120.958189988476349, 22.578322491390484 ], [ 120.958718244502862, 22.578715075684396 ], [ 120.959441622962544, 22.579267073965674 ], [ 120.9596890979508, 22.579514525323319 ], [ 120.961173900255318, 22.5801806994507 ], [ 120.962144747055405, 22.580865935035185 ], [ 120.964448104958464, 22.582084102652534 ], [ 120.96549508904306, 22.582693191710472 ], [ 120.966770498282543, 22.583302269304465 ], [ 120.967569998514833, 22.583511621608952 ], [ 120.968045866532819, 22.583207026938176 ], [ 120.968540736749901, 22.582331361078193 ], [ 120.969187887082867, 22.58139858055679 ], [ 120.96960662001581, 22.580599061219463 ], [ 120.970143024376654, 22.579267044713895 ], [ 120.971010946941036, 22.577668004522014 ], [ 120.971026145164629, 22.577150233416166 ], [ 120.970318193260155, 22.576088420064366 ], [ 120.970173283510832, 22.575871078877512 ], [ 120.969335690063048, 22.575277207849169 ], [ 120.968878809636266, 22.574759460420882 ], [ 120.967675727080987, 22.574013322325385 ], [ 120.965893952402439, 22.573008328076959 ], [ 120.965132508641062, 22.572551510077176 ], [ 120.964438507835652, 22.571774737075064 ], [ 120.963962527997666, 22.570156728604978 ], [ 120.962858354631095, 22.568119966792409 ], [ 120.961982668409121, 22.567149191296533 ], [ 120.960821462911426, 22.566387822535226 ], [ 120.96075808032468, 22.566305806305927 ], [ 120.960672001574437, 22.566432676016937 ], [ 120.960021021075846, 22.566969514685226 ], [ 120.958342170515394, 22.568248796213993 ], [ 120.957200098497424, 22.569173987281921 ], [ 120.956788933205232, 22.569174007900891 ], [ 120.956046571350072, 22.569516687276973 ], [ 120.954127787358715, 22.56929977680625 ], [ 120.953248335865851, 22.569048549998957 ], [ 120.952540218519516, 22.569060006914437 ], [ 120.951489470065127, 22.569185695062764 ], [ 120.949093025334776, 22.569816213350226 ], [ 120.948331625268764, 22.570111304500045 ], [ 120.947360841552737, 22.570511102365806 ], [ 120.947151450708617, 22.57049207719178 ], [ 120.946666063277604, 22.570768118826468 ], [ 120.945628647802394, 22.571034670309455 ], [ 120.945048087644324, 22.571386859420382 ], [ 120.943896473972288, 22.571900880413974 ], [ 120.943049811102995, 22.572327408075282 ], [ 120.9425052080543, 22.574117210436828 ], [ 120.94210550608021, 22.574840586155368 ], [ 120.941667721065812, 22.575354571354666 ], [ 120.940792168755465, 22.576687112565146 ], [ 120.940392479521293, 22.577629398558425 ], [ 120.940102863925631, 22.578102487698391 ], [ 120.938595327783531, 22.579305618032734 ], [ 120.936783238920242, 22.580752420306315 ], [ 120.935625937873809, 22.58166619081301 ], [ 120.934255457721164, 22.58288454283646 ], [ 120.933707299337755, 22.583950568195164 ], [ 120.933494151253214, 22.584788148633702 ], [ 120.93382921650047, 22.585503873235513 ], [ 120.933951091123802, 22.586326208320997 ], [ 120.933810441761509, 22.588347423455787 ], [ 120.933913290934683, 22.589341080580827 ], [ 120.933993261687789, 22.589717982951711 ], [ 120.933844819900173, 22.590311903494111 ], [ 120.933981900273025, 22.590745910026541 ], [ 120.933954124228237, 22.591001591269386 ], [ 120.935055454787431, 22.591467041372663 ], [ 120.935489461953296, 22.591455598181565 ], [ 120.936220423174262, 22.591466982895628 ], [ 120.936734387793962, 22.591604013963071 ], [ 120.937298883785601, 22.591608839724906 ], [ 120.938029834363576, 22.591437481950894 ], [ 120.938943517098593, 22.591129058139458 ], [ 120.939400368772255, 22.591151878018774 ], [ 120.940074225688178, 22.591197529816263 ], [ 120.940896562954038, 22.591311702593135 ], [ 120.941570433831998, 22.591597203903834 ], [ 120.942152942620808, 22.592019766664727 ], [ 120.942724051431071, 22.592807814970023 ], [ 120.942986781608354, 22.593515928916641 ], [ 120.943146719130638, 22.594201205212375 ], [ 120.943546498426585, 22.594806519629383 ], [ 120.943923407936936, 22.594943557572236 ], [ 120.944882810273796, 22.595229044541913 ], [ 120.945339655954839, 22.595149071769271 ], [ 120.946024935449913, 22.595217565798176 ], [ 120.947384077833959, 22.595434504265743 ], [ 120.947818085651392, 22.595434482477007 ], [ 120.948655818987831, 22.595160326693151 ] ] ] ] } },
{ "type": "Feature", "properties": { "番號": "83", "類型": null, "分區": "要", "郡\n支廳": "〃", "庄 (區)": null, "大字": null, "地名": "Birarau社蕃地", "土地\n類型": "山林", "面積\n(公頃)": "125", "區分理由": "第七條第三號 (八)", "地        況": "位於番號82背面，為東向地。海拔高度介於575至1,000公尺。整體多為陡坡地或險峻地，局部可見少許崩塌地。基岩及土壤狀況等，與番號28相同。\n東側及北側以溪流與準要存置林野180及181相鄰。西側以稜線與要存置林野82鄰接。南側以稜線與準要存置林野177及179接壤。", "林        況": "與番號82相同。", "參  考  事  項": null }, "geometry": { "type": "MultiPolygon", "coordinates": [ [ [ [ 120.821050339662051, 22.608413621300361 ], [ 120.822401836787606, 22.608089946828247 ], [ 120.823144199390541, 22.607756785120699 ], [ 120.823772344936401, 22.60734748642988 ], [ 120.824514686458087, 22.606652646794931 ], [ 120.825789993015519, 22.605491406216462 ], [ 120.826684615254635, 22.60474896973761 ], [ 120.827379376506272, 22.604196900105389 ], [ 120.827779113455776, 22.604073148103307 ], [ 120.828121724129687, 22.603606756723885 ], [ 120.828388219681287, 22.603597225497555 ], [ 120.82862615542308, 22.603473481623471 ], [ 120.828971957082942, 22.603323082379092 ], [ 120.829428802225237, 22.60323168816609 ], [ 120.829885643374013, 22.603071765504691 ], [ 120.830281580444307, 22.603071745617012 ], [ 120.830639443092636, 22.60301081346481 ], [ 120.830867858120442, 22.602835673733317 ], [ 120.831454147331399, 22.602797572924246 ], [ 120.831918608420324, 22.602736635418161 ], [ 120.832314528629112, 22.602447273192674 ], [ 120.832419237662862, 22.602361944315721 ], [ 120.832141872535871, 22.602037256082063 ], [ 120.831616463225046, 22.601500476289605 ], [ 120.830988270545447, 22.601100758555948 ], [ 120.830063088464016, 22.600072878288721 ], [ 120.829389137545292, 22.598416807951885 ], [ 120.828590075157805, 22.597559290682849 ], [ 120.827584451460822, 22.596878862039723 ], [ 120.827324168753719, 22.596702748638599 ], [ 120.826657916288724, 22.596493389611279 ], [ 120.825220731979371, 22.596341176337429 ], [ 120.824902090525597, 22.596418911866841 ], [ 120.824050069276964, 22.596626770330161 ], [ 120.822225474130221, 22.597154705513315 ], [ 120.820900621722885, 22.597394621619923 ], [ 120.820649343980932, 22.597223313113101 ], [ 120.820165439563013, 22.597114876104037 ], [ 120.819691654630859, 22.59767756564084 ], [ 120.819187297623174, 22.599086231339847 ], [ 120.819101681964469, 22.599838145027142 ], [ 120.81920649332065, 22.601836886237493 ], [ 120.819368347772638, 22.602750590782342 ], [ 120.819279773365693, 22.603769004150617 ], [ 120.819070442356804, 22.604777905745411 ], [ 120.818994396018368, 22.606414978111459 ], [ 120.819089641434388, 22.607585667694458 ], [ 120.819175315322752, 22.607833127240205 ], [ 120.819194387929386, 22.608470821588391 ], [ 120.819404552103464, 22.608488697482827 ], [ 120.819641722907775, 22.608508870475095 ], [ 120.821050339662051, 22.608413621300361 ] ] ] ] } },
{ "type": "Feature", "properties": { "番號": "91", "類型": null, "分區": "要", "郡\n支廳": "〃", "庄 (區)": null, "大字": null, "地名": "Karataran社蕃地", "土地\n類型": "山林", "面積\n(公頃)": "271", "區分理由": "第七條第二號", "地        況": "位於太麻里溪中游左岸支流 (Maridotsupu溪) 右岸。整體多為陡坡地或崩塌地。基岩及土壤狀況等，與番號38相同。海拔高度介於242至1,333公尺。\n東側以溪流與要存置林野93、準要存置林野184及要存置林野94相鄰。西側及南側以稜線與要存置林野90及準要存置林野183接壤。南側小部分以太麻里溪溪畔為界。", "林        況": "與番號88相同。", "參  考  事  項": "依據治水調查之結果，選定為施業限制預定地。(詳情參見〈治水調查復命書〉)\r" }, "geometry": { "type": "MultiPolygon", "coordinates": [ [ [ [ 120.884593676513589, 22.610687525561175 ], [ 120.885309384845826, 22.610276318955002 ], [ 120.886086007452192, 22.609880337832347 ], [ 120.886801690930355, 22.609042732040866 ], [ 120.887212835877534, 22.608692454909434 ], [ 120.887698584635203, 22.608083288809542 ], [ 120.888338100645115, 22.606804059120908 ], [ 120.888703478910756, 22.605052758392503 ], [ 120.889205961995799, 22.60415424915411 ], [ 120.889952085319578, 22.603027299546397 ], [ 120.890651733749181, 22.60195674547294 ], [ 120.890994320533068, 22.601081087086417 ], [ 120.890889598480726, 22.600614718238507 ], [ 120.890727782881839, 22.600367262552759 ], [ 120.890699208108117, 22.599996068269711 ], [ 120.890270888127418, 22.599605858383047 ], [ 120.890080507736215, 22.599158529513577 ], [ 120.889985308947175, 22.598787338575921 ], [ 120.88973783833508, 22.598616029901766 ], [ 120.889556990630652, 22.59842568220451 ], [ 120.889528413641358, 22.598016416565219 ], [ 120.889385623498384, 22.597597638822069 ], [ 120.889412136033144, 22.597225193617874 ], [ 120.889440828673571, 22.596822122533869 ], [ 120.889456025976727, 22.596289122790793 ], [ 120.889638748397559, 22.595984542770751 ], [ 120.889547340180371, 22.595329720042496 ], [ 120.889608226073605, 22.594857632175138 ], [ 120.88931887861871, 22.594705361279729 ], [ 120.889364527297701, 22.594080988754939 ], [ 120.889501538963401, 22.593334783305334 ], [ 120.889608113446812, 22.592923607314109 ], [ 120.889531949544434, 22.592542897581549 ], [ 120.889638534669587, 22.592314464097029 ], [ 120.889714649800865, 22.591857604008734 ], [ 120.889745071912458, 22.591263689334319 ], [ 120.889684134585451, 22.590852521753131 ], [ 120.889836392338736, 22.590410886385595 ], [ 120.889653614940244, 22.589771296787038 ], [ 120.889775422207975, 22.589436262744037 ], [ 120.889653565290786, 22.588918498425432 ], [ 120.889684005139344, 22.588629154595395 ], [ 120.889699213095241, 22.588278897361207 ], [ 120.889824873757362, 22.58655933483077 ], [ 120.889836276401837, 22.586239534872682 ], [ 120.889756306972473, 22.585885475280456 ], [ 120.889722019259239, 22.585474306362162 ], [ 120.889676290343203, 22.584720495819173 ], [ 120.889767645798258, 22.584469220288604 ], [ 120.889721944804052, 22.584195108823 ], [ 120.889550605297018, 22.583841053816066 ], [ 120.889436390038085, 22.583795373921291 ], [ 120.889402110304573, 22.583521261882314 ], [ 120.88913940470627, 22.583235739899852 ], [ 120.888751079207012, 22.58319007376052 ], [ 120.8886025815561, 22.582824596199842 ], [ 120.888385565650765, 22.582619021770327 ], [ 120.887974391648697, 22.582470564117052 ], [ 120.887848741170927, 22.582185035255758 ], [ 120.887563201028925, 22.582036571297799 ], [ 120.88717487286948, 22.581945219530819 ], [ 120.886752258995713, 22.58147696306365 ], [ 120.886443882314865, 22.581431292911006 ], [ 120.885975598022796, 22.581214309681812 ], [ 120.885732880748108, 22.580965971599106 ], [ 120.885484454594177, 22.580711792431536 ], [ 120.885735653197685, 22.579523953530188 ], [ 120.886053177998761, 22.579132668609127 ], [ 120.886038515378061, 22.579044723194869 ], [ 120.885950094150274, 22.578607804208371 ], [ 120.885414856873439, 22.578677215086941 ], [ 120.884348880569107, 22.578814325451503 ], [ 120.882369238005069, 22.579545394811735 ], [ 120.88075508816749, 22.58048964543319 ], [ 120.879795800675112, 22.582180061781909 ], [ 120.880690502620581, 22.582808194260508 ], [ 120.881147503709073, 22.585397023542995 ], [ 120.881543475300703, 22.585990916825295 ], [ 120.882106949844868, 22.586432516275639 ], [ 120.88259283950859, 22.588243013297845 ], [ 120.883506587975603, 22.589061501587754 ], [ 120.88339242302942, 22.589880041473542 ], [ 120.882764305811151, 22.590774749872047 ], [ 120.882250362403113, 22.591003203808594 ], [ 120.880537263152434, 22.592545179737009 ], [ 120.880499249926658, 22.593535036910627 ], [ 120.880213782717163, 22.594639120578126 ], [ 120.879947387531928, 22.596371380671826 ], [ 120.879876392872035, 22.597589667644122 ], [ 120.879852565482437, 22.598417367013795 ], [ 120.879842198281651, 22.598777495684413 ], [ 120.880230568368248, 22.59958839607544 ], [ 120.880356236829329, 22.600182302926317 ], [ 120.880596105251442, 22.600559197309543 ], [ 120.880698956479335, 22.601587118770226 ], [ 120.881326922441986, 22.602997630990206 ], [ 120.881479266249045, 22.604033164235247 ], [ 120.881997093047957, 22.6051143647503 ], [ 120.882393078875353, 22.605951914702437 ], [ 120.882408367570036, 22.606987454830808 ], [ 120.88218000715554, 22.608099149912626 ], [ 120.882240964921493, 22.60886057398114 ], [ 120.882667430531313, 22.610094064508207 ], [ 120.883200466167352, 22.610840236316239 ], [ 120.8832461671864, 22.611114347787041 ], [ 120.883288974393025, 22.611272900873193 ], [ 120.884593676513589, 22.610687525561175 ] ] ] ] } },
{ "type": "Feature", "properties": { "番號": "82", "類型": null, "分區": "要", "郡\n支廳": "〃", "庄 (區)": null, "大字": null, "地名": "Birarau社蕃地", "土地\n類型": "山林", "面積\n(公頃)": "181", "區分理由": "第一條第一號", "地        況": "位於太麻里溪上游左岸，為西向之陡坡地或險峻地。基岩及土壤狀況等，與番號28相同。海拔高度介於485至1,000公尺。\n東側及北側以稜線與要存置林野83、準要存置林野181及要存置林野84相鄰。西側以溪流與要存置林野81及80鄰接。南側以稜線與準要存置林野177接壤。", "林        況": "少部分區域為蕃人的現耕地及其開墾舊跡。其餘區域為櫟屬植物、栲櫧植物類為主要樹種的闊葉原生林。", "參  考  事  項": "同上\r" }, "geometry": { "type": "MultiPolygon", "coordinates": [ [ [ [ 120.812828916930087, 22.611513011508865 ], [ 120.813405674352992, 22.611233158016208 ], [ 120.814239430147708, 22.611295933869084 ], [ 120.815415807488847, 22.611078867995548 ], [ 120.816655000103367, 22.610833245445612 ], [ 120.817654350873525, 22.610667584807878 ], [ 120.818290127310092, 22.610544963077707 ], [ 120.818670819951478, 22.610268926577469 ], [ 120.81900393232398, 22.610135660074416 ], [ 120.819305116848767, 22.610107949308833 ], [ 120.819203380382234, 22.609743470208279 ], [ 120.819328954343945, 22.608715537136167 ], [ 120.819404552103464, 22.608488697482827 ], [ 120.819194387929386, 22.608470821588391 ], [ 120.819175315322752, 22.607833127240205 ], [ 120.819089641434388, 22.607585667694458 ], [ 120.818994396018368, 22.606414978111459 ], [ 120.819070442356804, 22.604777905745411 ], [ 120.819279773365693, 22.603769004150617 ], [ 120.819368347772638, 22.602750590782342 ], [ 120.81920649332065, 22.601836886237493 ], [ 120.819101681964469, 22.599838145027142 ], [ 120.819187297623174, 22.599086231339847 ], [ 120.819691654630859, 22.59767756564084 ], [ 120.820165439563013, 22.597114876104037 ], [ 120.819324460298603, 22.596926423027707 ], [ 120.81789680188696, 22.596915073312633 ], [ 120.815749605292282, 22.596926602548052 ], [ 120.815441225229037, 22.596823825357731 ], [ 120.812780019267308, 22.595933089129975 ], [ 120.811043952824804, 22.595339263061604 ], [ 120.810073110279774, 22.594733977155958 ], [ 120.809673260334733, 22.59291799326488 ], [ 120.809513244270022, 22.590884990568117 ], [ 120.809475064814734, 22.589655997262536 ], [ 120.809447883028469, 22.589654186491863 ], [ 120.809093826226729, 22.589694179196652 ], [ 120.808631310662477, 22.590476568906258 ], [ 120.808368639255292, 22.590779249422027 ], [ 120.807854703736197, 22.591144760300633 ], [ 120.807620571185026, 22.591201879098755 ], [ 120.80711805792545, 22.591584521518119 ], [ 120.806878230705891, 22.591915754410419 ], [ 120.806661891537686, 22.592436073889491 ], [ 120.806639074289194, 22.592870088564649 ], [ 120.806517271881248, 22.593288879665305 ], [ 120.806448797967079, 22.594210210070862 ], [ 120.806524983177894, 22.594956404946384 ], [ 120.806783896612473, 22.595497005289857 ], [ 120.807111332742934, 22.595953845194845 ], [ 120.807530135423718, 22.596349766331429 ], [ 120.807811876747593, 22.596639094536275 ], [ 120.808297181966722, 22.59712790645591 ], [ 120.808457101372696, 22.597500997774539 ], [ 120.80856374772614, 22.598323333842583 ], [ 120.808670394081773, 22.599145669910467 ], [ 120.808974989909544, 22.599640582321427 ], [ 120.80943187677596, 22.600264929714445 ], [ 120.809541039308215, 22.60071162821464 ], [ 120.809746651752661, 22.60122177414058 ], [ 120.809982724446314, 22.601792832715851 ], [ 120.810051275977926, 22.602203999984063 ], [ 120.809906659012171, 22.603102491395852 ], [ 120.809975222969541, 22.603726858292113 ], [ 120.810180836306216, 22.604252232762061 ], [ 120.810515884846382, 22.604678615187904 ], [ 120.810889017129668, 22.605325809600526 ], [ 120.810957577541231, 22.605889262316524 ], [ 120.810965860586307, 22.606478733491731 ], [ 120.810943042914303, 22.606905133894514 ], [ 120.811087747295588, 22.607506654147411 ], [ 120.811613160860489, 22.608115769545222 ], [ 120.811757849265973, 22.608443175990629 ], [ 120.811910137199462, 22.608519311063475 ], [ 120.812031980417714, 22.60880103302183 ], [ 120.812009159198283, 22.609166519245132 ], [ 120.811902593597168, 22.609729980759624 ], [ 120.811895014488456, 22.610331508663052 ], [ 120.812016875907972, 22.610925415790334 ], [ 120.812098127693659, 22.611507269026543 ], [ 120.81212616832407, 22.611652527046889 ], [ 120.812828916930087, 22.611513011508865 ] ] ] ] } },
{ "type": "Feature", "properties": { "番號": "94", "類型": null, "分區": "要", "郡\n支廳": "〃", "庄 (區)": null, "大字": null, "地名": "Maritotsupu社蕃地", "土地\n類型": "山林", "面積\n(公頃)": "253", "區分理由": "第七條第二號", "地        況": "位於太麻里溪中游左岸支流 (Bashiyoro溪) 右岸，為東向之陡坡地、險峻地，溪畔可見崩塌處，整體易崩塌之處甚多。基岩及土壤狀況等，與番號38相同。海拔高度介於545至1,400公尺。\n東側及北側以溪流與要存置林野98及95相鄰。西側以稜線與要存置林野96及90鄰接；另以溪流與要存置林野91接壤。南側以溪流或稜線，與準要存置林野184毗鄰。", "林        況": "與番號86相同。", "參  考  事  項": "同上\r" }, "geometry": { "type": "MultiPolygon", "coordinates": [ [ [ [ 120.887374795958195, 22.62309810564232 ], [ 120.889141224211897, 22.622070090230327 ], [ 120.889392485269141, 22.621955863532079 ], [ 120.889963518067233, 22.621438064385227 ], [ 120.89102945525326, 22.620630898058767 ], [ 120.891945647993609, 22.619840236850063 ], [ 120.89245577495484, 22.619451883380773 ], [ 120.892851695089846, 22.61916252117733 ], [ 120.893179079228929, 22.618728491266502 ], [ 120.893331363137605, 22.61873609788438 ], [ 120.893925242451729, 22.618286826039213 ], [ 120.894983574343456, 22.617631945533304 ], [ 120.896019063714249, 22.616977066178546 ], [ 120.896658631174191, 22.616581091940599 ], [ 120.897480935681742, 22.616131808623077 ], [ 120.897818361915839, 22.616042657689725 ], [ 120.897828604076167, 22.61600167844939 ], [ 120.898041786273836, 22.615750396791022 ], [ 120.898125532855289, 22.615590492889918 ], [ 120.898003694986244, 22.615400142235099 ], [ 120.89809505529729, 22.615232623680427 ], [ 120.898118827188028, 22.614848419057584 ], [ 120.898238737763151, 22.614631406306479 ], [ 120.898284416476116, 22.614522900648545 ], [ 120.898324358257284, 22.613963249717528 ], [ 120.898432851901291, 22.613820476683397 ], [ 120.898495659507716, 22.613660573835094 ], [ 120.898501349829274, 22.613312220647778 ], [ 120.898786866007768, 22.613049513950386 ], [ 120.898952468613942, 22.612952423673715 ], [ 120.898975303809266, 22.612826787053915 ], [ 120.899220857230773, 22.612763956980125 ], [ 120.899472124278077, 22.612752522948913 ], [ 120.899609169074239, 22.612575484261402 ], [ 120.899854718500492, 22.61244412574851 ], [ 120.900203063591348, 22.61238700121373 ], [ 120.900437186764165, 22.612169982726169 ], [ 120.900619925254162, 22.612141420028681 ], [ 120.900951139120806, 22.61209571776142 ], [ 120.901270926401324, 22.611958644816283 ], [ 120.901499341274373, 22.611781601539175 ], [ 120.901699202998259, 22.611604559696634 ], [ 120.901832922567039, 22.611529996574863 ], [ 120.902089899798654, 22.611510947986552 ], [ 120.902175742669328, 22.611473483531896 ], [ 120.901899176523941, 22.611413374340405 ], [ 120.900939781838062, 22.61126113712092 ], [ 120.899843332921563, 22.611124135328737 ], [ 120.90034583284087, 22.610514968400647 ], [ 120.900787387422312, 22.609357577022621 ], [ 120.900817787310842, 22.6083829488059 ], [ 120.900790837541464, 22.607587512648287 ], [ 120.900120782320357, 22.607450489428786 ], [ 120.899313669319497, 22.60726778746761 ], [ 120.898445639382132, 22.607024174397651 ], [ 120.897943095967094, 22.606887142762435 ], [ 120.897410090533782, 22.60665874140448 ], [ 120.896709575952457, 22.6064760340867 ], [ 120.895765402503386, 22.606201967754494 ], [ 120.895445595692181, 22.606004012770278 ], [ 120.895064876382946, 22.605821289387709 ], [ 120.894318666997179, 22.605471070398906 ], [ 120.893633378095601, 22.605242676686963 ], [ 120.893633367446995, 22.605059934180876 ], [ 120.89442520330644, 22.604405067093946 ], [ 120.894729730305542, 22.603719767400428 ], [ 120.894897195089854, 22.602912646254708 ], [ 120.89495804281961, 22.601785731078948 ], [ 120.89477524322082, 22.600765427935077 ], [ 120.894394513268011, 22.600399962043117 ], [ 120.893663535781911, 22.600110656450276 ], [ 120.892110200082143, 22.599349307344305 ], [ 120.89143479859527, 22.598931888846398 ], [ 120.890920818612827, 22.598532165422011 ], [ 120.890235509751761, 22.597961129499396 ], [ 120.889412136033144, 22.597225193617874 ], [ 120.889385623498384, 22.597597638822069 ], [ 120.889528413641358, 22.598016416565219 ], [ 120.889556990630652, 22.59842568220451 ], [ 120.88973783833508, 22.598616029901766 ], [ 120.889985308947175, 22.598787338575921 ], [ 120.890080507736215, 22.599158529513577 ], [ 120.890270888127418, 22.599605858383047 ], [ 120.890699208108117, 22.599996068269711 ], [ 120.890727782881839, 22.600367262552759 ], [ 120.890889598480726, 22.600614718238507 ], [ 120.890994320533068, 22.601081087086417 ], [ 120.890651733749181, 22.60195674547294 ], [ 120.889952085319578, 22.603027299546397 ], [ 120.889205961995799, 22.60415424915411 ], [ 120.888703478910756, 22.605052758392503 ], [ 120.888338100645115, 22.606804059120908 ], [ 120.887698584635203, 22.608083288809542 ], [ 120.887212835877534, 22.608692454909434 ], [ 120.886801690930355, 22.609042732040866 ], [ 120.886086007452192, 22.609880337832347 ], [ 120.885309384845826, 22.610276318955002 ], [ 120.884593676513589, 22.610687525561175 ], [ 120.883288974393025, 22.611272900873193 ], [ 120.883684584432388, 22.612738196019141 ], [ 120.883456226925006, 22.613899383867736 ], [ 120.883342189686445, 22.616907026768907 ], [ 120.883741969310975, 22.617516148384009 ], [ 120.884960312539519, 22.618810513277694 ], [ 120.885131671405375, 22.619495789083153 ], [ 120.884808120104225, 22.620371446545821 ], [ 120.884811754636843, 22.620676651738467 ], [ 120.884522464010558, 22.62149900758185 ], [ 120.884471594185982, 22.62168981616859 ], [ 120.884606965494356, 22.62175337409872 ], [ 120.885594943462706, 22.622421476746588 ], [ 120.886211716155273, 22.622844037801514 ], [ 120.886830276554676, 22.62344819883165 ], [ 120.887374795958195, 22.62309810564232 ] ] ] ] } },
{ "type": "Feature", "properties": { "番號": "98", "類型": null, "分區": "要", "郡\n支廳": "大武", "庄 (區)": null, "大字": null, "地名": "Tokorowai社蕃地", "土地\n類型": "山林", "面積\n(公頃)": "147", "區分理由": "第七條第二號", "地        況": "位於太麻里溪中游左岸支流 (Bashiyoro溪) 左岸，為南向地。溪畔為崩塌地或斷崖地，惟整體多為陡坡地。基岩及土壤狀況等，與番號38相同。海拔高度介於545至1,156公尺。\n東側、南側及北側以稜線為界與準要存置林野188及190相鄰。西側以溪流與要存置林野95及94鄰接。", "林        況": "與番號86相同。", "參  考  事  項": "依據治水調查結果，選定為施業限制預定地。(詳情參見〈治水調查復命書〉)\r" }, "geometry": { "type": "MultiPolygon", "coordinates": [ [ [ [ 120.911067062061534, 22.624077984314184 ], [ 120.911352571337645, 22.623697256417412 ], [ 120.911657119377324, 22.623373634595726 ], [ 120.9118854945999, 22.622517017640764 ], [ 120.912018659357315, 22.621089335156018 ], [ 120.912075701264726, 22.619985263011113 ], [ 120.912304086487296, 22.619299967154223 ], [ 120.912418284649533, 22.619052497611737 ], [ 120.911618770965504, 22.618614717216531 ], [ 120.910248177662041, 22.617891430360501 ], [ 120.908915628581553, 22.616711285333928 ], [ 120.908051690222834, 22.615905485075064 ], [ 120.906483055168906, 22.613925853452582 ], [ 120.905401771580784, 22.612707624429206 ], [ 120.904381430672487, 22.611991934223454 ], [ 120.903315435794312, 22.611809245277573 ], [ 120.902599689323509, 22.611565624565902 ], [ 120.902175742669328, 22.611473483531896 ], [ 120.902089899798654, 22.611510947986552 ], [ 120.901832922567039, 22.611529996574863 ], [ 120.901699202998259, 22.611604559696634 ], [ 120.901499341274373, 22.611781601539175 ], [ 120.901270926401324, 22.611958644816283 ], [ 120.900951139120806, 22.61209571776142 ], [ 120.900619925254162, 22.612141420028681 ], [ 120.900437186764165, 22.612169982726169 ], [ 120.900203063591348, 22.61238700121373 ], [ 120.899854718500492, 22.61244412574851 ], [ 120.899609169074239, 22.612575484261402 ], [ 120.899472124278077, 22.612752522948913 ], [ 120.899220857230773, 22.612763956980125 ], [ 120.898975303809266, 22.612826787053915 ], [ 120.898952468613942, 22.612952423673715 ], [ 120.898786866007768, 22.613049513950386 ], [ 120.898501349829274, 22.613312220647778 ], [ 120.898495659507716, 22.613660573835094 ], [ 120.898432851901291, 22.613820476683397 ], [ 120.898324358257284, 22.613963249717528 ], [ 120.898284416476116, 22.614522900648545 ], [ 120.898238737763151, 22.614631406306479 ], [ 120.898118827188028, 22.614848419057584 ], [ 120.89809505529729, 22.615232623680427 ], [ 120.898003694986244, 22.615400142235099 ], [ 120.898125532855289, 22.615590492889918 ], [ 120.898041786273836, 22.615750396791022 ], [ 120.897828604076167, 22.61600167844939 ], [ 120.897818361915839, 22.616042657689725 ], [ 120.897775317294972, 22.61621488071771 ], [ 120.897645898550024, 22.616595600775945 ], [ 120.897569761702243, 22.616679361583895 ], [ 120.897402273423751, 22.617082926369008 ], [ 120.897364211881836, 22.617242827974913 ], [ 120.897288085246004, 22.617501717018076 ], [ 120.897181501917899, 22.61776060759194 ], [ 120.897211973706774, 22.618019491278229 ], [ 120.897204370189954, 22.618202234166901 ], [ 120.897074942566917, 22.618430668804915 ], [ 120.897090178461497, 22.618560110648005 ], [ 120.897074966544395, 22.618841839443796 ], [ 120.896873208938956, 22.619150227563726 ], [ 120.896496331345475, 22.619561417145384 ], [ 120.896130900989803, 22.620418041013988 ], [ 120.895971057975487, 22.621354604398071 ], [ 120.896051022781506, 22.621628714140005 ], [ 120.896302311147466, 22.621982765117451 ], [ 120.896651074609139, 22.622571330746037 ], [ 120.896833846076404, 22.623108127674197 ], [ 120.897030759342513, 22.623835507928593 ], [ 120.897135913736733, 22.623508907216014 ], [ 120.897821179549183, 22.623341358805209 ], [ 120.898643475605411, 22.622747404325214 ], [ 120.899191686299815, 22.622579862805214 ], [ 120.900821102467816, 22.622290438602821 ], [ 120.90138453972915, 22.622092439234731 ], [ 120.901826145779793, 22.621818303280222 ], [ 120.90309007985563, 22.621498440368335 ], [ 120.903577378936902, 22.621361358997195 ], [ 120.904506817864188, 22.621943090176259 ], [ 120.90520355333291, 22.622605496733328 ], [ 120.905443415771259, 22.622879598432782 ], [ 120.906071603696901, 22.62319936623846 ], [ 120.906608424211242, 22.6235648242622 ], [ 120.907348157393685, 22.623843850109811 ], [ 120.908079143314779, 22.624277826810268 ], [ 120.908467473463944, 22.624403442760837 ], [ 120.909129909840971, 22.624460516493823 ], [ 120.910077875702484, 22.624483311654469 ], [ 120.91050046829551, 22.624586083069218 ], [ 120.910563703572521, 22.624620129023871 ], [ 120.911067062061534, 22.624077984314184 ] ] ] ] } },
{ "type": "Feature", "properties": { "番號": "95", "類型": null, "分區": "要", "郡\n支廳": "大武", "庄 (區)": null, "大字": null, "地名": "(Kaarowan社) Kakarowan蕃地", "土地\n類型": "山林", "面積\n(公頃)": "64", "區分理由": "第七條第二號", "地        況": "位於太麻里溪中游左岸支流 (Bashiyoro溪) 源頭。整體幾乎為崩塌地。基岩及土壤狀況等，與番號38相同。海拔高度介於670至1,290公尺。\n東側以溪流與要存置林野98相鄰。北側以稜線與準要存置林野190鄰接。西側以稜線與要存置林野96接壤。南側以溪流與要存置林野94毗鄰。", "林        況": "幾乎全部為崩塌地，無可注目樹種的雜木林。", "參  考  事  項": "依據治水調查之結果，選定為施業限制預定地。(詳情參見〈治水調查復命書〉)\r" }, "geometry": { "type": "MultiPolygon", "coordinates": [ [ [ [ 120.89337008322191, 22.626716941379765 ], [ 120.893627051017646, 22.626536089520069 ], [ 120.893922098564204, 22.626507521169959 ], [ 120.894274245190715, 22.626355218042587 ], [ 120.894626394593601, 22.626250504110327 ], [ 120.894864320292641, 22.625955439140846 ], [ 120.894883360723057, 22.6260410987345 ], [ 120.895121304190809, 22.626050604611422 ], [ 120.895387782484065, 22.625746020368144 ], [ 120.895663793485724, 22.625698417297976 ], [ 120.895882688193879, 22.625479495997801 ], [ 120.896025438394318, 22.625212989331125 ], [ 120.896272885696689, 22.624984548757229 ], [ 120.896511635040724, 22.624940421571964 ], [ 120.896846627567683, 22.624407405751821 ], [ 120.897030759342513, 22.623835507928593 ], [ 120.896833846076404, 22.623108127674197 ], [ 120.896651074609139, 22.622571330746037 ], [ 120.896302311147466, 22.621982765117451 ], [ 120.896051022781506, 22.621628714140005 ], [ 120.895971057975487, 22.621354604398071 ], [ 120.896130900989803, 22.620418041013988 ], [ 120.896496331345475, 22.619561417145384 ], [ 120.896873208938956, 22.619150227563726 ], [ 120.897074966544395, 22.618841839443796 ], [ 120.897090178461497, 22.618560110648005 ], [ 120.897074942566917, 22.618430668804915 ], [ 120.897204370189954, 22.618202234166901 ], [ 120.897211973706774, 22.618019491278229 ], [ 120.897181501917899, 22.61776060759194 ], [ 120.897288085246004, 22.617501717018076 ], [ 120.897364211881836, 22.617242827974913 ], [ 120.897402273423751, 22.617082926369008 ], [ 120.897569761702243, 22.616679361583895 ], [ 120.897645898550024, 22.616595600775945 ], [ 120.897775317294972, 22.61621488071771 ], [ 120.897818361915839, 22.616042657689725 ], [ 120.897480935681742, 22.616131808623077 ], [ 120.896658631174191, 22.616581091940599 ], [ 120.896019063714249, 22.616977066178546 ], [ 120.894983574343456, 22.617631945533304 ], [ 120.893925242451729, 22.618286826039213 ], [ 120.893331363137605, 22.61873609788438 ], [ 120.893179079228929, 22.618728491266502 ], [ 120.892851695089846, 22.61916252117733 ], [ 120.89245577495484, 22.619451883380773 ], [ 120.891945647993609, 22.619840236850063 ], [ 120.89102945525326, 22.620630898058767 ], [ 120.889963518067233, 22.621438064385227 ], [ 120.889392485269141, 22.621955863532079 ], [ 120.889141224211897, 22.622070090230327 ], [ 120.887374795958195, 22.62309810564232 ], [ 120.886830276554676, 22.62344819883165 ], [ 120.886841190351092, 22.623458858567538 ], [ 120.887572205180547, 22.624387762918186 ], [ 120.888135705977206, 22.625278604331463 ], [ 120.888556394614767, 22.625912691291198 ], [ 120.888868952089425, 22.625957326848283 ], [ 120.889335345192109, 22.626385606160447 ], [ 120.889649432616977, 22.626433179565492 ], [ 120.890087243139064, 22.626357014842689 ], [ 120.890268095302801, 22.626623505244535 ], [ 120.890743982798682, 22.626652034837122 ], [ 120.8912095587865, 22.626669460802319 ], [ 120.8916568914658, 22.62666943831319 ], [ 120.891733037085402, 22.626736059358471 ], [ 120.892018570248325, 22.626764598520786 ], [ 120.892513491509376, 22.626764573639132 ], [ 120.89337008322191, 22.626716941379765 ] ] ] ] } },
{ "type": "Feature", "properties": { "番號": "88", "類型": null, "分區": "要", "郡\n支廳": "〃", "庄 (區)": null, "大字": null, "地名": "Chiyogozoru社蕃地", "土地\n類型": "山林", "面積\n(公頃)": "631", "區分理由": "第七條第三號 (口)", "地        況": "介於太麻里溪上游左岸側匯入的斗里斗里溪與Chiyokozoru溪之間。地勢與番號87相同，基岩及土壤狀況等，與番號38相同。海拔高度介於454至1,160公尺。\n東側以溪流與要存置林野90相鄰。北側以稜線與要存置林野87鄰接。西側以溪流與準要存置林野181接壤。南側以稜線與要存置林野182毗鄰；另以小溪流與要存置林野89鄰接。", "林        況": "溪畔有少部分蕃人的現耕地及開墾舊跡。其餘區域為栲櫧植物、櫟屬植物類為主要樹種的闊葉原生林。", "參  考  事  項": null }, "geometry": { "type": "MultiPolygon", "coordinates": [ [ [ [ 120.858881617131644, 22.62731158696193 ], [ 120.859505977611391, 22.627281098483245 ], [ 120.860252143547328, 22.626885118837492 ], [ 120.861211509015092, 22.626534814104463 ], [ 120.86217086293081, 22.625986538309288 ], [ 120.862559162805923, 22.62559248022734 ], [ 120.862759036534015, 22.625621023697825 ], [ 120.863092128318641, 22.625135597131987 ], [ 120.863272950509227, 22.624888124211921 ], [ 120.863548959867131, 22.624811967619539 ], [ 120.863644120937053, 22.624535945487299 ], [ 120.863786875035416, 22.624336063679603 ], [ 120.864091431437018, 22.624155209417076 ], [ 120.864348393144823, 22.623869661312217 ], [ 120.864443551994569, 22.623555567822624 ], [ 120.864719553578936, 22.623346161477759 ], [ 120.864928926701253, 22.623060615766228 ], [ 120.864890844173303, 22.62286074304977 ], [ 120.864957449872321, 22.622546650996441 ], [ 120.86527150789135, 22.622089778911185 ], [ 120.865442812921586, 22.62185182431185 ], [ 120.865537967887164, 22.621471105947336 ], [ 120.865956719686082, 22.620995192922386 ], [ 120.866133580484458, 22.62082180072262 ], [ 120.866499049277067, 22.620623811290862 ], [ 120.866537109487552, 22.620441066859268 ], [ 120.866605623284286, 22.620205020995733 ], [ 120.866879711778253, 22.619831907910946 ], [ 120.867184260964223, 22.61952732174003 ], [ 120.867344148842875, 22.619359799728823 ], [ 120.867488797716547, 22.61900953596561 ], [ 120.867641065648982, 22.618743028807184 ], [ 120.867922778975128, 22.618552657859041 ], [ 120.86818164711579, 22.618316602429839 ], [ 120.868250149369103, 22.617882585507527 ], [ 120.868341510573018, 22.617730295484581 ], [ 120.868706968265613, 22.617341949268106 ], [ 120.868935388592149, 22.617258180801432 ], [ 120.86902673869595, 22.616915533990532 ], [ 120.869293217903149, 22.61662617827977 ], [ 120.869643467228528, 22.616580475048849 ], [ 120.870069844526483, 22.61629872557463 ], [ 120.870039374956249, 22.61607791323134 ], [ 120.870488593443412, 22.61577331979553 ], [ 120.870566618892795, 22.615433211746417 ], [ 120.870612293279663, 22.615250466934476 ], [ 120.870642725556635, 22.614831680471621 ], [ 120.870703630067027, 22.614679391980758 ], [ 120.870893976417463, 22.614542325528543 ], [ 120.870962477787984, 22.614093080067153 ], [ 120.870772105245464, 22.613780904501098 ], [ 120.870901538650841, 22.613651455381532 ], [ 120.870924340775801, 22.612958555528454 ], [ 120.870802498460748, 22.612692062147815 ], [ 120.870840554680456, 22.612440789275972 ], [ 120.870947143346115, 22.612273269947167 ], [ 120.870939500320347, 22.6117783426835 ], [ 120.871183117923991, 22.611161574451813 ], [ 120.871175484220728, 22.610826546889626 ], [ 120.87113852603008, 22.610593488586485 ], [ 120.871009078420386, 22.61047928101771 ], [ 120.870849176335099, 22.610403146336264 ], [ 120.870811094370822, 22.610212791462285 ], [ 120.870811078836709, 22.609946291960483 ], [ 120.870658786486956, 22.609794014181748 ], [ 120.870658774947572, 22.609596043123524 ], [ 120.870476020133623, 22.609344781345481 ], [ 120.870460775809036, 22.609070668337321 ], [ 120.870498840464123, 22.608964066624122 ], [ 120.870483593033285, 22.608636653715802 ], [ 120.870491176141684, 22.608103654329991 ], [ 120.870689136669057, 22.607966587498385 ], [ 120.870689124243313, 22.60775338789735 ], [ 120.870643421894243, 22.60745643360503 ], [ 120.870818522594277, 22.607022411334288 ], [ 120.870757581692388, 22.606550329563504 ], [ 120.870498687806702, 22.606344757238393 ], [ 120.870303866163994, 22.605903773801135 ], [ 120.870334304222226, 22.605583972869823 ], [ 120.870197239334445, 22.605416465781961 ], [ 120.870006873899683, 22.605226118556971 ], [ 120.869945948973694, 22.605028150558493 ], [ 120.869983997213481, 22.604639820801342 ], [ 120.87000681710623, 22.604251491809293 ], [ 120.870212389590648, 22.604076353239702 ], [ 120.870296118436897, 22.603611878473881 ], [ 120.87032656049054, 22.603360605986015 ], [ 120.870395083173406, 22.603276845558216 ], [ 120.870509282024969, 22.603040797406738 ], [ 120.870305582286505, 22.602687378536743 ], [ 120.870336015911747, 22.602291434891502 ], [ 120.870153261990822, 22.60205540165466 ], [ 120.87014563140292, 22.601773673993335 ], [ 120.87007707500463, 22.60127874979068 ], [ 120.870000915523505, 22.60097418275668 ], [ 120.869985672980803, 22.600730526835036 ], [ 120.869886674527933, 22.600486875119859 ], [ 120.869688689155723, 22.600197542746713 ], [ 120.869475487412984, 22.600113796467404 ], [ 120.869361249966957, 22.599687403001653 ], [ 120.869323172001515, 22.59956557657037 ], [ 120.869132807013457, 22.599382843614649 ], [ 120.868843440911888, 22.598910773314312 ], [ 120.868851043996926, 22.598720416145316 ], [ 120.86873682429453, 22.598598593537488 ], [ 120.868516005272994, 22.59846154773949 ], [ 120.868455078577199, 22.59823312265442 ], [ 120.86830595348205, 22.597989473455424 ], [ 120.868199347510185, 22.597860036193367 ], [ 120.868069899460437, 22.59773821434975 ], [ 120.867788175032587, 22.59773822849656 ], [ 120.867559738289117, 22.597540268908578 ], [ 120.867255158921253, 22.597327084600966 ], [ 120.867011499596032, 22.597228111306485 ], [ 120.866805913800306, 22.597174821729332 ], [ 120.866554638083343, 22.597037777459608 ], [ 120.866364277086944, 22.596923572945627 ], [ 120.86625005649752, 22.596786521793863 ], [ 120.865899796965053, 22.596657096765586 ], [ 120.865648510160511, 22.596329695708068 ], [ 120.865496206728267, 22.595987061136789 ], [ 120.865311732890945, 22.595635481411954 ], [ 120.865159452963297, 22.595696403230221 ], [ 120.865037610661176, 22.59542990984453 ], [ 120.864953840115248, 22.595178643090303 ], [ 120.86493860112455, 22.594995901338667 ], [ 120.864717777668233, 22.594782712823307 ], [ 120.864542641471601, 22.594607593371357 ], [ 120.864390338040806, 22.594264958799471 ], [ 120.864382706572897, 22.593968002592717 ], [ 120.864424472396337, 22.593936864221433 ], [ 120.862885903371748, 22.593772093700235 ], [ 120.862170172805605, 22.59380258672126 ], [ 120.860327534751619, 22.593665622346418 ], [ 120.859566120911481, 22.593726574747773 ], [ 120.858561044636417, 22.593635253950463 ], [ 120.857978511345067, 22.593400533472312 ], [ 120.857861956197112, 22.594108523963527 ], [ 120.857785871220031, 22.595083154553716 ], [ 120.857961060194015, 22.596164372330612 ], [ 120.858113405763106, 22.597230362711112 ], [ 120.858280938434703, 22.597588225065849 ], [ 120.858501774759461, 22.598022227459985 ], [ 120.858661689709407, 22.598319176023772 ], [ 120.859145564558105, 22.599307063812084 ], [ 120.85963101361024, 22.600087502275791 ], [ 120.859878484796411, 22.600268328798762 ], [ 120.860021268855022, 22.600582410332603 ], [ 120.860525752234651, 22.601343812159108 ], [ 120.861087333046783, 22.601952925684092 ], [ 120.861344326941349, 22.602219412283244 ], [ 120.861477604929917, 22.602733368923342 ], [ 120.861591830292568, 22.602952273495234 ], [ 120.861858350223898, 22.603361527207909 ], [ 120.862001150368371, 22.603951626085269 ], [ 120.862058298268352, 22.604665461178577 ], [ 120.861944103963779, 22.604979555618886 ], [ 120.861953645530761, 22.605388822238972 ], [ 120.861744304468417, 22.606224816326655 ], [ 120.86154447622576, 22.606976735688338 ], [ 120.86108762635007, 22.606986276477645 ], [ 120.859774170265425, 22.606795985667745 ], [ 120.858850936705949, 22.606539050377076 ], [ 120.857518439078049, 22.606244064286198 ], [ 120.85654762580171, 22.606139416817744 ], [ 120.856204982427727, 22.606044255633559 ], [ 120.85570054174012, 22.606015727454501 ], [ 120.855348372882659, 22.605787316993386 ], [ 120.854355173995557, 22.605357160531241 ], [ 120.85397827038706, 22.605322915241199 ], [ 120.852424930970784, 22.604500651917657 ], [ 120.849546682672653, 22.602947485044705 ], [ 120.847822048951159, 22.602547822397636 ], [ 120.846839821156777, 22.602559293139549 ], [ 120.845922915766963, 22.602587992906365 ], [ 120.84581974432804, 22.602974980508908 ], [ 120.84601011753756, 22.603298577501128 ], [ 120.84617192872075, 22.603469890490466 ], [ 120.84617195478755, 22.603917228961286 ], [ 120.846171970871637, 22.604193246315521 ], [ 120.84633378260969, 22.604374077144513 ], [ 120.846409939326108, 22.6046310549944 ], [ 120.846286227300098, 22.60494514992325 ], [ 120.847013702313561, 22.607737806216843 ], [ 120.847080339095982, 22.607956713185239 ], [ 120.847070840239908, 22.608280320216817 ], [ 120.846813886828045, 22.608708635918937 ], [ 120.846832954995364, 22.609270187511687 ], [ 120.846671172658276, 22.609593802194727 ], [ 120.8465379407006, 22.609869826244395 ], [ 120.8465284390725, 22.610145844077689 ], [ 120.84660173775049, 22.610356026025062 ], [ 120.846556073123367, 22.610706284826222 ], [ 120.846540878953277, 22.611292584524957 ], [ 120.846731251505545, 22.611604760107074 ], [ 120.846647508906884, 22.611833192471533 ], [ 120.846700818779183, 22.612015932318211 ], [ 120.846959716235375, 22.612282418825682 ], [ 120.847203389338787, 22.612617434544617 ], [ 120.847310005532762, 22.612922000062728 ], [ 120.847302411779225, 22.61327225695112 ], [ 120.847287205183846, 22.613645357037651 ], [ 120.847416667008815, 22.614003221310917 ], [ 120.847530888055402, 22.614147886736998 ], [ 120.847546181666331, 22.615267183935966 ], [ 120.84728350597949, 22.615495625293413 ], [ 120.847131225605594, 22.615548932849311 ], [ 120.847062714022215, 22.615823050080714 ], [ 120.846956120024728, 22.615899198156622 ], [ 120.846773390502278, 22.616081949865372 ], [ 120.846682031956902, 22.616279925526271 ], [ 120.846514525454765, 22.616371305207487 ], [ 120.846491711793135, 22.616866234028354 ], [ 120.846316594225058, 22.617010913995625 ], [ 120.846255700813316, 22.617353559292322 ], [ 120.846286178379671, 22.617711428540904 ], [ 120.846392790138395, 22.617939851340349 ], [ 120.846385198611046, 22.618328179589895 ], [ 120.846255763423784, 22.618427171630259 ], [ 120.846446137759443, 22.618769804298481 ], [ 120.846628899253645, 22.619135280165018 ], [ 120.846529944743779, 22.619645441357466 ], [ 120.846423375172463, 22.620140374389262 ], [ 120.846263485954182, 22.620285053592809 ], [ 120.846185722979854, 22.620773766855038 ], [ 120.846208580602294, 22.621032650951879 ], [ 120.846018246679364, 22.621382917028431 ], [ 120.845987795312581, 22.621474289822466 ], [ 120.845904065601573, 22.621923536075933 ], [ 120.845736563542317, 22.622091058478805 ], [ 120.845733405128058, 22.622265332776379 ], [ 120.845749389874712, 22.622247737342555 ], [ 120.846103440310159, 22.622099241242083 ], [ 120.846594552541617, 22.622064952331218 ], [ 120.847188462785127, 22.622144872331788 ], [ 120.847770960427539, 22.622373271208264 ], [ 120.848661853439111, 22.622967139633133 ], [ 120.850009632872201, 22.624177741110689 ], [ 120.851118018075326, 22.624983251559581 ], [ 120.851603433884776, 22.625192619632315 ], [ 120.852250644228036, 22.625287765492654 ], [ 120.853459399901055, 22.625382883121468 ], [ 120.854744291757228, 22.625382818524503 ], [ 120.85541053808555, 22.625487481266774 ], [ 120.855667522008886, 22.625582646744675 ], [ 120.855810298320534, 22.625763478522053 ], [ 120.855991171046199, 22.62638212901242 ], [ 120.855896041074956, 22.627191150174575 ], [ 120.855829594219571, 22.627631539827508 ], [ 120.857145604144847, 22.627631473660156 ], [ 120.858881617131644, 22.62731158696193 ] ] ] ] } },
{ "type": "Feature", "properties": { "番號": "101", "類型": null, "分區": "要", "郡\n支廳": "大武", "庄 (區)": null, "大字": null, "地名": "Mariburu社蕃地", "土地\n類型": "山林", "面積\n(公頃)": "106", "區分理由": "第七條第三號 (口)", "地        況": "位於Bururuwan山西南側。整體多為陡坡地或險峻地，崩塌地甚多。基岩及土壤狀況等，與番號38相同。海拔高度介於152至1,367公尺。\n東側以行政區界與要存置林野4相鄰。北側以稜線與要存置林野102鄰接。西側以稜線與準要存置林野187接壤；另以溪流與準要存置林野188毗鄰。南側以溪流或稜線，與準要存置林野186相鄰。", "林        況": "與番號86相同。", "參  考  事  項": null }, "geometry": { "type": "MultiPolygon", "coordinates": [ [ [ [ 120.935347335583586, 22.633515961005898 ], [ 120.936375243528687, 22.633424538071392 ], [ 120.937026251937198, 22.633367398306966 ], [ 120.937505938799632, 22.633264581534366 ], [ 120.93809984091331, 22.633207444641815 ], [ 120.938568105182767, 22.633081785632196 ], [ 120.939493215127811, 22.632876153811331 ], [ 120.940212745083855, 22.632716217951156 ], [ 120.940840906970251, 22.632590550902933 ], [ 120.94170891195121, 22.632407764766668 ], [ 120.942519811971138, 22.632247824314145 ], [ 120.943068891729951, 22.631878864522989 ], [ 120.942994570208796, 22.631787401008783 ], [ 120.942674692331579, 22.630371162791263 ], [ 120.94249190599129, 22.6295792878561 ], [ 120.942050191593523, 22.627995541812755 ], [ 120.941532339922162, 22.626487942299615 ], [ 120.940978085540479, 22.624860800568424 ], [ 120.940635335643151, 22.622938214511201 ], [ 120.940463962364177, 22.622005474996339 ], [ 120.939949935790125, 22.620806253237088 ], [ 120.939550145116797, 22.620006774933358 ], [ 120.938750536026077, 22.617931926421186 ], [ 120.938122274682243, 22.616351996873739 ], [ 120.938255446122483, 22.615038528530924 ], [ 120.9383528808861, 22.614581515123437 ], [ 120.938596463381913, 22.613363219615955 ], [ 120.938596441188935, 22.612982506095936 ], [ 120.938779131615746, 22.612129698630138 ], [ 120.93910643096352, 22.610241343125182 ], [ 120.939357597474057, 22.608505276856931 ], [ 120.939388003134454, 22.607629634234449 ], [ 120.939504662621687, 22.607154212367348 ], [ 120.939599806776144, 22.606587896228682 ], [ 120.939737782869742, 22.606059649290824 ], [ 120.939709208925919, 22.605702731802158 ], [ 120.939516932513442, 22.605384211148412 ], [ 120.939442677695368, 22.605098679738646 ], [ 120.939299904643022, 22.604973051448077 ], [ 120.939231354465477, 22.6045847271015 ], [ 120.939054314310113, 22.604401993503888 ], [ 120.938968640563402, 22.604156437586912 ], [ 120.939020016596388, 22.603819503542276 ], [ 120.93892863421712, 22.603608212128549 ], [ 120.938894349813381, 22.603254150277685 ], [ 120.938894326191374, 22.602848690381158 ], [ 120.938848618200893, 22.602454654184491 ], [ 120.938783511038366, 22.602351864803961 ], [ 120.938777779449836, 22.601992090816534 ], [ 120.938652133628665, 22.601786511826109 ], [ 120.938583596429524, 22.601620904887145 ], [ 120.938629244537395, 22.600987014586011 ], [ 120.938492177458073, 22.600781436168727 ], [ 120.93838937182629, 22.600535881111526 ], [ 120.938252313729109, 22.600484491668862 ], [ 120.938269414015323, 22.599941974045851 ], [ 120.938143764536193, 22.599673577324335 ], [ 120.938195522502653, 22.59935758250483 ], [ 120.9381574347872, 22.599068242143144 ], [ 120.938027973898741, 22.598725606476684 ], [ 120.938088872199103, 22.598466718226284 ], [ 120.938195449768983, 22.598108842167456 ], [ 120.938058378256898, 22.597827121046141 ], [ 120.938012683022521, 22.597651995121865 ], [ 120.937974604621417, 22.597522554437507 ], [ 120.938020265708829, 22.597111381544835 ], [ 120.938012636459106, 22.596852496735398 ], [ 120.937966942112155, 22.596692599352053 ], [ 120.937928849077935, 22.596311887746193 ], [ 120.937966906637001, 22.596083457724532 ], [ 120.93801258014237, 22.595885484401915 ], [ 120.937944043278719, 22.595725588165198 ], [ 120.937867892686157, 22.595573306581045 ], [ 120.937776515522387, 22.595451482842869 ], [ 120.937776495568855, 22.595108840677476 ], [ 120.937700349410619, 22.595032701796445 ], [ 120.937700326353777, 22.59463675973879 ], [ 120.937728867307143, 22.594427365870988 ], [ 120.937603233129479, 22.594421661475376 ], [ 120.937597858570072, 22.594161726377124 ], [ 120.937440600538579, 22.594214155307352 ], [ 120.937221310605352, 22.594135222579656 ], [ 120.936869820609516, 22.594561324259924 ], [ 120.936367309171985, 22.594972520088092 ], [ 120.936062764444543, 22.59535324889687 ], [ 120.935773461365173, 22.595962405053012 ], [ 120.935257845208312, 22.59688404319466 ], [ 120.934789644113081, 22.598094735698947 ], [ 120.934378569939554, 22.599659488913368 ], [ 120.934047388697223, 22.600264840043341 ], [ 120.933636241346377, 22.600573238642475 ], [ 120.932596948715755, 22.601292839390577 ], [ 120.931055302039084, 22.602402339814144 ], [ 120.929808528416942, 22.603211418669897 ], [ 120.929313620508665, 22.603439871640848 ], [ 120.929561129362071, 22.604267911130737 ], [ 120.929999019151879, 22.60555279729024 ], [ 120.930294135446417, 22.606704440885199 ], [ 120.93072250642058, 22.60797029184409 ], [ 120.930926002132367, 22.608906123059455 ], [ 120.931519980812425, 22.610162447858574 ], [ 120.932273862445328, 22.611510135868429 ], [ 120.932890667672837, 22.612492345777166 ], [ 120.933084845716024, 22.61277787116574 ], [ 120.932313929308933, 22.61309628158395 ], [ 120.931651508950424, 22.61331332157539 ], [ 120.930269560604728, 22.613724561618362 ], [ 120.928899014204774, 22.613804580320469 ], [ 120.928487858207347, 22.613964500660931 ], [ 120.926363508712882, 22.614044557238561 ], [ 120.924947264613394, 22.61390757152542 ], [ 120.923690898160245, 22.613427935598693 ], [ 120.922320319113538, 22.612948305407908 ], [ 120.921269541974823, 22.612582873207941 ], [ 120.921000639385497, 22.612538804180364 ], [ 120.92099697364209, 22.6126452923112 ], [ 120.92093607180071, 22.612843266409268 ], [ 120.920943694406773, 22.612987937169923 ], [ 120.921004613558949, 22.613086919628305 ], [ 120.921027468949404, 22.613307732330433 ], [ 120.921007819791683, 22.613664334996006 ], [ 120.92091403360277, 22.614014596160992 ], [ 120.92109679949408, 22.614456214679095 ], [ 120.9211272845953, 22.614943526472871 ], [ 120.921081616427969, 22.61523287105485 ], [ 120.921233915863596, 22.615506977147714 ], [ 120.921279622208829, 22.615872459845452 ], [ 120.92124918860317, 22.616268403451816 ], [ 120.921416706618075, 22.616374994824266 ], [ 120.921447180179186, 22.616664335580111 ], [ 120.921523337001219, 22.616923216957417 ], [ 120.921431979359795, 22.617136421128418 ], [ 120.921264487982924, 22.617486685998099 ], [ 120.921249284500846, 22.617913085922645 ], [ 120.921340664341287, 22.618080595286521 ], [ 120.921416822940216, 22.618369933746667 ], [ 120.921347482355586, 22.618708970566807 ], [ 120.921318945303369, 22.618984989314846 ], [ 120.921318968614571, 22.619384738526946 ], [ 120.92125235181895, 22.619508473774118 ], [ 120.921128627062714, 22.619603658376221 ], [ 120.921081052359526, 22.619841606727697 ], [ 120.921138174196344, 22.620108103332573 ], [ 120.92124288294761, 22.620346044030686 ], [ 120.921185794969773, 22.620660135567562 ], [ 120.921203373433357, 22.620793171734231 ], [ 120.921252448400296, 22.621164577654032 ], [ 120.92144286377976, 22.622211530309876 ], [ 120.921614220414654, 22.622858734710043 ], [ 120.922071164044851, 22.624457708596811 ], [ 120.922318641313112, 22.624743231309555 ], [ 120.922528066595504, 22.625352362440992 ], [ 120.922661349041746, 22.625942461722925 ], [ 120.923100182983816, 22.627095049894589 ], [ 120.923499990352099, 22.628180063374295 ], [ 120.923833158163561, 22.6289985807277 ], [ 120.924109197467914, 22.629436387416238 ], [ 120.924585118801176, 22.630045505146001 ], [ 120.924828769582476, 22.630329736451781 ], [ 120.92562111142152, 22.630676898182571 ], [ 120.926144599118132, 22.630905299982903 ], [ 120.926525313302406, 22.631000459224339 ], [ 120.927238117828125, 22.631391035470767 ], [ 120.927980536312532, 22.632019175472003 ], [ 120.928677253098058, 22.632361782619672 ], [ 120.929168369894185, 22.632407443548999 ], [ 120.929830824901131, 22.632784316635931 ], [ 120.930344794878096, 22.633012718911019 ], [ 120.930915851818554, 22.632909897542664 ], [ 120.931429817794921, 22.633069771381585 ], [ 120.932297843458372, 22.633241048822601 ], [ 120.933268655171531, 22.633321901631174 ], [ 120.934056728021034, 22.63342465465643 ], [ 120.934296583785269, 22.633584542277656 ], [ 120.935347335583586, 22.633515961005898 ] ] ] ] } },
{ "type": "Feature", "properties": { "番號": "90", "類型": null, "分區": "要", "郡\n支廳": "〃", "庄 (區)": null, "大字": null, "地名": "Karataran社蕃地", "土地\n類型": "山林", "面積\n(公頃)": "659", "區分理由": "第七條第三號 (口)", "地        況": "位於太麻里溪左岸支流 (Chiyokozoru溪) 左岸，為西向之陡坡或險峻地。基岩及土壤狀況等，與番號38相同。海拔高度介於440至1,400公尺。\n東側及北側以稜線與要存置林野91、94、96及87連接。西側以溪流與要存置林野88相鄰。南側以稜線與準要存置林野183連接。", "林        況": "與番號88相同。", "參  考  事  項": null }, "geometry": { "type": "MultiPolygon", "coordinates": [ [ [ [ 120.867004082992665, 22.635503548904463 ], [ 120.868648708954524, 22.634894324458124 ], [ 120.870292328961824, 22.634443984534524 ], [ 120.871525805536507, 22.63410889455086 ], [ 120.873261790900514, 22.633316923004315 ], [ 120.874540924067716, 22.632494517352146 ], [ 120.876809876686735, 22.631276119813492 ], [ 120.877160075347433, 22.630362389625947 ], [ 120.878050861669379, 22.629128832857727 ], [ 120.87919289883763, 22.627605921147904 ], [ 120.879908563619026, 22.626448515910432 ], [ 120.880776511873364, 22.625291103021485 ], [ 120.882086081301452, 22.624118439394721 ], [ 120.883334746226112, 22.623098064263967 ], [ 120.883532693416058, 22.622732569289131 ], [ 120.884400663883056, 22.62195586998368 ], [ 120.884471594185982, 22.62168981616859 ], [ 120.884522464010558, 22.62149900758185 ], [ 120.884811754636843, 22.620676651738467 ], [ 120.884808120104225, 22.620371446545821 ], [ 120.885131671405375, 22.619495789083153 ], [ 120.884960312539519, 22.618810513277694 ], [ 120.883741969310975, 22.617516148384009 ], [ 120.883342189686445, 22.616907026768907 ], [ 120.883456226925006, 22.613899383867736 ], [ 120.883684584432388, 22.612738196019141 ], [ 120.883288974393025, 22.611272900873193 ], [ 120.8832461671864, 22.611114347787041 ], [ 120.883200466167352, 22.610840236316239 ], [ 120.882667430531313, 22.610094064508207 ], [ 120.882240964921493, 22.60886057398114 ], [ 120.88218000715554, 22.608099149912626 ], [ 120.882408367570036, 22.606987454830808 ], [ 120.882393078875353, 22.605951914702437 ], [ 120.881997093047957, 22.6051143647503 ], [ 120.881479266249045, 22.604033164235247 ], [ 120.881326922441986, 22.602997630990206 ], [ 120.880698956479335, 22.601587118770226 ], [ 120.880596105251442, 22.600559197309543 ], [ 120.880356236829329, 22.600182302926317 ], [ 120.880230568368248, 22.59958839607544 ], [ 120.879842198281651, 22.598777495684413 ], [ 120.879852565482437, 22.598417367013795 ], [ 120.878760791826338, 22.598064527413804 ], [ 120.876926663164056, 22.597608981516881 ], [ 120.874444399113514, 22.596862907565811 ], [ 120.869982421512873, 22.595629619639119 ], [ 120.86640369955343, 22.594594258404214 ], [ 120.864591488946559, 22.593954750584391 ], [ 120.864424472396337, 22.593936864221433 ], [ 120.864382706572897, 22.593968002592717 ], [ 120.864390338040806, 22.594264958799471 ], [ 120.864542641471601, 22.594607593371357 ], [ 120.864717777668233, 22.594782712823307 ], [ 120.86493860112455, 22.594995901338667 ], [ 120.864953840115248, 22.595178643090303 ], [ 120.865037610661176, 22.59542990984453 ], [ 120.865159452963297, 22.595696403230221 ], [ 120.865311732890945, 22.595635481411954 ], [ 120.865496206728267, 22.595987061136789 ], [ 120.865648510160511, 22.596329695708068 ], [ 120.865899796965053, 22.596657096765586 ], [ 120.86625005649752, 22.596786521793863 ], [ 120.866364277086944, 22.596923572945627 ], [ 120.866554638083343, 22.597037777459608 ], [ 120.866805913800306, 22.597174821729332 ], [ 120.867011499596032, 22.597228111306485 ], [ 120.867255158921253, 22.597327084600966 ], [ 120.867559738289117, 22.597540268908578 ], [ 120.867788175032587, 22.59773822849656 ], [ 120.868069899460437, 22.59773821434975 ], [ 120.868199347510185, 22.597860036193367 ], [ 120.86830595348205, 22.597989473455424 ], [ 120.868455078577199, 22.59823312265442 ], [ 120.868516005272994, 22.59846154773949 ], [ 120.86873682429453, 22.598598593537488 ], [ 120.868851043996926, 22.598720416145316 ], [ 120.868843440911888, 22.598910773314312 ], [ 120.869132807013457, 22.599382843614649 ], [ 120.869323172001515, 22.59956557657037 ], [ 120.869361249966957, 22.599687403001653 ], [ 120.869475487412984, 22.600113796467404 ], [ 120.869688689155723, 22.600197542746713 ], [ 120.869886674527933, 22.600486875119859 ], [ 120.869985672980803, 22.600730526835036 ], [ 120.870000915523505, 22.60097418275668 ], [ 120.87007707500463, 22.60127874979068 ], [ 120.87014563140292, 22.601773673993335 ], [ 120.870153261990822, 22.60205540165466 ], [ 120.870336015911747, 22.602291434891502 ], [ 120.870305582286505, 22.602687378536743 ], [ 120.870509282024969, 22.603040797406738 ], [ 120.870395083173406, 22.603276845558216 ], [ 120.87032656049054, 22.603360605986015 ], [ 120.870296118436897, 22.603611878473881 ], [ 120.870212389590648, 22.604076353239702 ], [ 120.87000681710623, 22.604251491809293 ], [ 120.869983997213481, 22.604639820801342 ], [ 120.869945948973694, 22.605028150558493 ], [ 120.870006873899683, 22.605226118556971 ], [ 120.870197239334445, 22.605416465781961 ], [ 120.870334304222226, 22.605583972869823 ], [ 120.870303866163994, 22.605903773801135 ], [ 120.870498687806702, 22.606344757238393 ], [ 120.870757581692388, 22.606550329563504 ], [ 120.870818522594277, 22.607022411334288 ], [ 120.870643421894243, 22.60745643360503 ], [ 120.870689124243313, 22.60775338789735 ], [ 120.870689136669057, 22.607966587498385 ], [ 120.870491176141684, 22.608103654329991 ], [ 120.870483593033285, 22.608636653715802 ], [ 120.870498840464123, 22.608964066624122 ], [ 120.870460775809036, 22.609070668337321 ], [ 120.870476020133623, 22.609344781345481 ], [ 120.870658774947572, 22.609596043123524 ], [ 120.870658786486956, 22.609794014181748 ], [ 120.870811078836709, 22.609946291960483 ], [ 120.870811094370822, 22.610212791462285 ], [ 120.870849176335099, 22.610403146336264 ], [ 120.871009078420386, 22.61047928101771 ], [ 120.87113852603008, 22.610593488586485 ], [ 120.871175484220728, 22.610826546889626 ], [ 120.871183117923991, 22.611161574451813 ], [ 120.870939500320347, 22.6117783426835 ], [ 120.870947143346115, 22.612273269947167 ], [ 120.870840554680456, 22.612440789275972 ], [ 120.870802498460748, 22.612692062147815 ], [ 120.870924340775801, 22.612958555528454 ], [ 120.870901538650841, 22.613651455381532 ], [ 120.870772105245464, 22.613780904501098 ], [ 120.870962477787984, 22.614093080067153 ], [ 120.870893976417463, 22.614542325528543 ], [ 120.870703630067027, 22.614679391980758 ], [ 120.870642725556635, 22.614831680471621 ], [ 120.870612293279663, 22.615250466934476 ], [ 120.870566618892795, 22.615433211746417 ], [ 120.870488593443412, 22.61577331979553 ], [ 120.870039374956249, 22.61607791323134 ], [ 120.870069844526483, 22.61629872557463 ], [ 120.869643467228528, 22.616580475048849 ], [ 120.869293217903149, 22.61662617827977 ], [ 120.86902673869595, 22.616915533990532 ], [ 120.868935388592149, 22.617258180801432 ], [ 120.868706968265613, 22.617341949268106 ], [ 120.868341510573018, 22.617730295484581 ], [ 120.868250149369103, 22.617882585507527 ], [ 120.86818164711579, 22.618316602429839 ], [ 120.867922778975128, 22.618552657859041 ], [ 120.867641065648982, 22.618743028807184 ], [ 120.867488797716547, 22.61900953596561 ], [ 120.867344148842875, 22.619359799728823 ], [ 120.867184260964223, 22.61952732174003 ], [ 120.866879711778253, 22.619831907910946 ], [ 120.866605623284286, 22.620205020995733 ], [ 120.866537109487552, 22.620441066859268 ], [ 120.866499049277067, 22.620623811290862 ], [ 120.866133580484458, 22.62082180072262 ], [ 120.865956719686082, 22.620995192922386 ], [ 120.865537967887164, 22.621471105947336 ], [ 120.865442812921586, 22.62185182431185 ], [ 120.86527150789135, 22.622089778911185 ], [ 120.864957449872321, 22.622546650996441 ], [ 120.864890844173303, 22.62286074304977 ], [ 120.864928926701253, 22.623060615766228 ], [ 120.864719553578936, 22.623346161477759 ], [ 120.864443551994569, 22.623555567822624 ], [ 120.864348393144823, 22.623869661312217 ], [ 120.864091431437018, 22.624155209417076 ], [ 120.863786875035416, 22.624336063679603 ], [ 120.863644120937053, 22.624535945487299 ], [ 120.863548959867131, 22.624811967619539 ], [ 120.863272950509227, 22.624888124211921 ], [ 120.863092128318641, 22.625135597131987 ], [ 120.862759036534015, 22.625621023697825 ], [ 120.862559162805923, 22.62559248022734 ], [ 120.86217086293081, 22.625986538309288 ], [ 120.861211509015092, 22.626534814104463 ], [ 120.860252143547328, 22.626885118837492 ], [ 120.859505977611391, 22.627281098483245 ], [ 120.858881617131644, 22.62731158696193 ], [ 120.857145604144847, 22.627631473660156 ], [ 120.855829594219571, 22.627631539827508 ], [ 120.855819928769151, 22.627695599508829 ], [ 120.855850419119946, 22.628272379065482 ], [ 120.855865683901072, 22.628896748586584 ], [ 120.856581468680034, 22.629795196668997 ], [ 120.857205861155691, 22.63031293575472 ], [ 120.858439403539009, 22.631104757992123 ], [ 120.859892247352434, 22.632123169925723 ], [ 120.861719707733599, 22.633128161896025 ], [ 120.864308605042268, 22.634468143520092 ], [ 120.864902552374602, 22.635183855188522 ], [ 120.865435578316834, 22.635762513029022 ], [ 120.865839210052641, 22.635788256691583 ], [ 120.866151313314944, 22.635808162661192 ], [ 120.867004082992665, 22.635503548904463 ] ] ] ] } },
{ "type": "Feature", "properties": { "番號": "3", "類型": null, "分區": "要", "郡\n支廳": "〃", "庄 (區)": "〃", "大字": "鴨子蘭", "地名": "鴨子蘭", "土地\n類型": "山林", "面積\n(公頃)": "71", "區分理由": "第七條第三號 (八)", "地        況": "文里格溪上游右岸之東北向陡坡地。基岩為結晶片岩。土壤質地為黏質壤土，其中摻雜石礫，濕度偏乾，結合度較軟。地力尚可。海拔高度介於370至1,000公尺。\n東側及南側以小稜線與準要存置林野107及106相鄰。北側以溪流與要存置林野2相連。西側以稜線與要存置林野74〔4〕鄰接。", "林        況": "同上", "參  考  事  項": null }, "geometry": { "type": "MultiPolygon", "coordinates": [ [ [ [ 120.984631828922701, 22.638889626012297 ], [ 120.985042993072696, 22.63887056965968 ], [ 120.985240952642584, 22.638718274308211 ], [ 120.9856597338527, 22.638748710326325 ], [ 120.986131804040014, 22.638604015459666 ], [ 120.986360228739898, 22.638596389702169 ], [ 120.986573415318617, 22.638421250776247 ], [ 120.986721000437853, 22.63842124335412 ], [ 120.986398031749019, 22.638084058487021 ], [ 120.985606107248529, 22.637216071558139 ], [ 120.984646662976317, 22.636211036194414 ], [ 120.984326843775307, 22.635799881708127 ], [ 120.98401465518829, 22.635670454820197 ], [ 120.983002055810459, 22.63441637204896 ], [ 120.982347191733382, 22.633639749455888 ], [ 120.98170757199604, 22.633137239808359 ], [ 120.980976592863072, 22.632817477228883 ], [ 120.980288909283459, 22.632527599359214 ], [ 120.979758294305839, 22.632284539594487 ], [ 120.978905495533255, 22.632086611455421 ], [ 120.978064117460747, 22.631879164903943 ], [ 120.976960057017905, 22.631784042039733 ], [ 120.976099265894888, 22.631735491804008 ], [ 120.975465292808735, 22.63234150554517 ], [ 120.974985637315271, 22.63298112833543 ], [ 120.974802917856039, 22.633335201074377 ], [ 120.974448893530919, 22.633929131930216 ], [ 120.973978296713014, 22.634857382689102 ], [ 120.973715658449166, 22.635725422670845 ], [ 120.973555807505889, 22.636524929055341 ], [ 120.973236065625258, 22.637438657531167 ], [ 120.972984830625421, 22.637998319009075 ], [ 120.972783447164119, 22.638480284527645 ], [ 120.973434395726557, 22.638334823338347 ], [ 120.975912811280679, 22.638380384315209 ], [ 120.976232607157655, 22.638391789637133 ], [ 120.977363309648595, 22.638357468558194 ], [ 120.978368395638853, 22.638620110322684 ], [ 120.980207218082796, 22.638620017845497 ], [ 120.980892502859561, 22.638779883048613 ], [ 120.981726255980064, 22.638802683927366 ], [ 120.982233364889723, 22.638889746635225 ], [ 120.982621695639452, 22.63902678396224 ], [ 120.984197829813482, 22.639038126100115 ], [ 120.984631828922701, 22.638889626012297 ] ] ] ] } },
{ "type": "Feature", "properties": { "番號": "87", "類型": null, "分區": "要", "郡\n支廳": "〃", "庄 (區)": null, "大字": null, "地名": "Chiyogozoru社蕃地", "土地\n類型": "山林", "面積\n(公頃)": "406", "區分理由": "第七條第一號", "地        況": "鄰近太麻里溪上游左岸之支流 (斗里斗里溪) 源頭，並位於該支流左岸，為西向地。整體多為陡坡地或險峻地，崩塌地甚多。基岩及土壤狀況等，與番號38相同。海拔高度介於636至1,693公尺。\n東側及北側以稜線與要存置林野96、97及86相鄰。西側以溪流與要存置林野84鄰接。南側以稜線與要存置林野88及90接壤。", "林        況": "同上", "參  考  事  項": "依據治水調查之結果，選定編入為水源涵養保安林預定地。(詳情參見〈保安林編入調書〉)\r" }, "geometry": { "type": "MultiPolygon", "coordinates": [ [ [ [ 120.842922659270286, 22.649339361446039 ], [ 120.844772890907734, 22.649122261578416 ], [ 120.845461955477035, 22.648810898352298 ], [ 120.845989887808202, 22.648523939238071 ], [ 120.846162437253483, 22.64843014949836 ], [ 120.846756285008382, 22.647440264248829 ], [ 120.848126774962537, 22.646389425746392 ], [ 120.849786610644983, 22.645460401043536 ], [ 120.851385553388567, 22.644881635921625 ], [ 120.853426096871573, 22.643937363533016 ], [ 120.854537742255474, 22.643526136920112 ], [ 120.855314377324291, 22.643343355320621 ], [ 120.856943825660352, 22.643602158583352 ], [ 120.857993581285953, 22.643856422447399 ], [ 120.858396314340368, 22.64385640218482 ], [ 120.858709313629717, 22.643856386437001 ], [ 120.860216851572332, 22.642683712730882 ], [ 120.861724399295852, 22.641678553011584 ], [ 120.862440089838842, 22.640962775461201 ], [ 120.863192817621922, 22.639931765199854 ], [ 120.863466918096947, 22.639764237433326 ], [ 120.863786660936071, 22.638865737284657 ], [ 120.864213026215666, 22.638378402447536 ], [ 120.864974407139371, 22.637753993869474 ], [ 120.865796705897822, 22.637205724946735 ], [ 120.865827145701218, 22.636916381091542 ], [ 120.865839210052641, 22.635788256691583 ], [ 120.865435578316834, 22.635762513029022 ], [ 120.864902552374602, 22.635183855188522 ], [ 120.864308605042268, 22.634468143520092 ], [ 120.861719707733599, 22.633128161896025 ], [ 120.859892247352434, 22.632123169925723 ], [ 120.858439403539009, 22.631104757992123 ], [ 120.857205861155691, 22.63031293575472 ], [ 120.856581468680034, 22.629795196668997 ], [ 120.855865683901072, 22.628896748586584 ], [ 120.855850419119946, 22.628272379065482 ], [ 120.855819928769151, 22.627695599508829 ], [ 120.855829594219571, 22.627631539827508 ], [ 120.855896041074956, 22.627191150174575 ], [ 120.855991171046199, 22.62638212901242 ], [ 120.855810298320534, 22.625763478522053 ], [ 120.855667522008886, 22.625582646744675 ], [ 120.85541053808555, 22.625487481266774 ], [ 120.854744291757228, 22.625382818524503 ], [ 120.853459399901055, 22.625382883121468 ], [ 120.852250644228036, 22.625287765492654 ], [ 120.851603433884776, 22.625192619632315 ], [ 120.851118018075326, 22.624983251559581 ], [ 120.850009632872201, 22.624177741110689 ], [ 120.848661853439111, 22.622967139633133 ], [ 120.847770960427539, 22.622373271208264 ], [ 120.847188462785127, 22.622144872331788 ], [ 120.846594552541617, 22.622064952331218 ], [ 120.846103440310159, 22.622099241242083 ], [ 120.845749389874712, 22.622247737342555 ], [ 120.845733405128058, 22.622265332776379 ], [ 120.845567803481046, 22.622447621109227 ], [ 120.845473688500221, 22.622681855941259 ], [ 120.845480738495027, 22.622748291280438 ], [ 120.845556889674867, 22.622910090731281 ], [ 120.845633040299774, 22.623062372342279 ], [ 120.845671121719434, 22.623243209386914 ], [ 120.845652109603876, 22.623642959620305 ], [ 120.845518869885382, 22.623785733917586 ], [ 120.845528400929041, 22.624014161597195 ], [ 120.845604551554288, 22.624166443208118 ], [ 120.84565215013707, 22.62433776193431 ], [ 120.845614087040175, 22.624471013607124 ], [ 120.845537966399263, 22.624832695352143 ], [ 120.8457378429122, 22.624908828023223 ], [ 120.845833033970706, 22.625146769236348 ], [ 120.84589967298696, 22.625403747564672 ], [ 120.845852111330927, 22.625865365193626 ], [ 120.845871170644742, 22.626274631353287 ], [ 120.84613768784105, 22.626636295871769 ], [ 120.846099630298397, 22.626864725944035 ], [ 120.846099645292654, 22.627121707622148 ], [ 120.845956886192241, 22.627235928879376 ], [ 120.846156783253917, 22.62766422162667 ], [ 120.846061618295622, 22.627873618890568 ], [ 120.846099696385849, 22.627997348895601 ], [ 120.846042596744695, 22.628111565846073 ], [ 120.846014064696263, 22.628473245199249 ], [ 120.845833237502816, 22.628635057570833 ], [ 120.845814223728141, 22.629006254285802 ], [ 120.845833285267872, 22.629453591805834 ], [ 120.845947518985781, 22.629815263980653 ], [ 120.845928506878849, 22.630215014215516 ], [ 120.846137921106717, 22.630633788643841 ], [ 120.846166490923338, 22.630919322406321 ], [ 120.846023742378534, 22.631214382624023 ], [ 120.846109413502205, 22.631414252955302 ], [ 120.845995210333797, 22.63157606197802 ], [ 120.845871494447408, 22.631823532038979 ], [ 120.845863550617736, 22.632290580778069 ], [ 120.845795028828164, 22.632389569759791 ], [ 120.845680828660008, 22.632602775118784 ], [ 120.845673231373723, 22.632892117836533 ], [ 120.845810300729354, 22.633135767646873 ], [ 120.845825549966023, 22.633493637663747 ], [ 120.845680898880019, 22.63380583009047 ], [ 120.845559096983223, 22.634232235448319 ], [ 120.845376382138937, 22.634666258142062 ], [ 120.845003320942354, 22.635237347306017 ], [ 120.845071853398778, 22.635321100851129 ], [ 120.845155619537394, 22.635496224894474 ], [ 120.845079488908581, 22.635686585523921 ], [ 120.845079506243962, 22.63598354213164 ], [ 120.845117582448395, 22.636074911480598 ], [ 120.845186123350658, 22.636303336193844 ], [ 120.8451556995484, 22.636866793853411 ], [ 120.845075766945413, 22.637144718802656 ], [ 120.845060547932263, 22.63730461928068 ], [ 120.845136695896954, 22.637411215258712 ], [ 120.845098637918156, 22.637632031061688 ], [ 120.844778860386654, 22.637936618027894 ], [ 120.844733200681532, 22.638370633830473 ], [ 120.844413418260288, 22.638591463805348 ], [ 120.84433729608007, 22.63892649560422 ], [ 120.844116503257922, 22.639238691864769 ], [ 120.843865248848829, 22.639467132665448 ], [ 120.843743445626018, 22.639870695211489 ], [ 120.843583548413477, 22.639878317527248 ], [ 120.8433142225539, 22.640315913773506 ], [ 120.843051570226407, 22.640944104432311 ], [ 120.842846027541455, 22.641629399259415 ], [ 120.842731858282718, 22.642371796530977 ], [ 120.842480626553481, 22.642988565209702 ], [ 120.842229396159468, 22.643628176705406 ], [ 120.841898206932086, 22.64409647110288 ], [ 120.84161270008191, 22.644519077570035 ], [ 120.84133860915658, 22.644850312198024 ], [ 120.841018830518124, 22.645135863492349 ], [ 120.84096173755357, 22.645364294528925 ], [ 120.840659474962635, 22.645708855551565 ], [ 120.839603071669899, 22.64679394248892 ], [ 120.839403216831784, 22.647089005591571 ], [ 120.838660864867833, 22.647603006318775 ], [ 120.838168054381512, 22.647978346781635 ], [ 120.839599026865685, 22.64856287294975 ], [ 120.840775446139006, 22.649065355708796 ], [ 120.841300842173851, 22.649373707289531 ], [ 120.842922659270286, 22.649339361446039 ] ] ] ] } },
{ "type": "Feature", "properties": { "番號": "99", "類型": null, "分區": "要", "郡\n支廳": "〃", "庄 (區)": null, "大字": null, "地名": "Tokorowai社蕃地", "土地\n類型": "山林", "面積\n(公頃)": "124.63", "區分理由": "第七條第三號 (八)", "地        況": "位於知本溪中游右岸，為北向地。整體多為陡坡地，溪畔可見斷崖。基岩及土壤狀況等，與番號38相同。海拔高度介於318至1,173公尺。東側以溪流與要存置林野102相鄰。北側以知本溪與前次調查完畢之臺東支廳為界。西側以稜線與準要存置林野189鄰接。", "林        況": "與番號86相同。", "參  考  事  項": null }, "geometry": { "type": "MultiPolygon", "coordinates": [ [ [ [ 120.912601121536255, 22.652906656684781 ], [ 120.913160719865658, 22.652164237099509 ], [ 120.913560446590196, 22.651867260414502 ], [ 120.914622627702215, 22.651935735399103 ], [ 120.915513489256497, 22.651992797598787 ], [ 120.916998237601248, 22.651730030531663 ], [ 120.91784341678283, 22.651832780656104 ], [ 120.919488097444358, 22.652163918672581 ], [ 120.919649647127414, 22.652299398933085 ], [ 120.919721290716794, 22.652227746628455 ], [ 120.919759351015088, 22.652046905779311 ], [ 120.920130531925835, 22.651875566004875 ], [ 120.920273266525328, 22.651342559860176 ], [ 120.920435062135056, 22.651247373332147 ], [ 120.92056829625632, 22.651009420662675 ], [ 120.920615869823166, 22.650752436626657 ], [ 120.920758627777147, 22.650619179702613 ], [ 120.920929943882655, 22.650571581888851 ], [ 120.921025111589117, 22.65040977384394 ], [ 120.921015586089098, 22.650276524583131 ], [ 120.921196417130403, 22.650181337097802 ], [ 120.921253517865736, 22.650086155838725 ], [ 120.921415314031265, 22.650000487150013 ], [ 120.921405790755387, 22.649905309243536 ], [ 120.92160566112041, 22.649876745670259 ], [ 120.921862613873188, 22.649438912166705 ], [ 120.922138623740693, 22.649372273408378 ], [ 120.922243301379922, 22.649077215145994 ], [ 120.922462204396368, 22.649001061422791 ], [ 120.922690615121283, 22.648753586127604 ], [ 120.922785773377356, 22.648429974829327 ], [ 120.922928530219508, 22.648277682229754 ], [ 120.923147423785053, 22.64803972525273 ], [ 120.923442451294093, 22.647668514705845 ], [ 120.923594731411484, 22.647611400012746 ], [ 120.923623270661139, 22.647373452614055 ], [ 120.923756506452463, 22.647164053463158 ], [ 120.924003959836639, 22.64704030911231 ], [ 120.924165543770314, 22.646715861662464 ], [ 120.924384431221654, 22.646373208463782 ], [ 120.924622361886975, 22.646163804046214 ], [ 120.924698498054724, 22.646068621830821 ], [ 120.924669934345843, 22.645887784336811 ], [ 120.924964956298041, 22.645421395408629 ], [ 120.925145790118563, 22.645373797118403 ], [ 120.925155283377336, 22.64495501174812 ], [ 120.925431270455036, 22.644498141617216 ], [ 120.925716776360716, 22.644060306684963 ], [ 120.925907097328121, 22.643489226803609 ], [ 120.925888007430913, 22.64255647959644 ], [ 120.926059272963172, 22.641642758491248 ], [ 120.926287650905422, 22.640833730737175 ], [ 120.926394370395471, 22.639511221720717 ], [ 120.926382850455866, 22.637820854198498 ], [ 120.926439857412163, 22.636119061825216 ], [ 120.926394101045815, 22.634896973676419 ], [ 120.926071949268675, 22.633658623923537 ], [ 120.92571783558455, 22.632722086432167 ], [ 120.925477953821087, 22.632116763972181 ], [ 120.925215230207343, 22.631522864066589 ], [ 120.924838298670224, 22.631008919745391 ], [ 120.924769218824494, 22.630945852863995 ], [ 120.924461487216902, 22.631737307139044 ], [ 120.924099854007096, 22.632422609689002 ], [ 120.923624003765241, 22.633031775276113 ], [ 120.923490776851452, 22.633393459836036 ], [ 120.922874063913014, 22.633994003001941 ], [ 120.922173602689455, 22.634725008220503 ], [ 120.921640648821537, 22.635379862309708 ], [ 120.921107702065669, 22.636156544733005 ], [ 120.921046862465232, 22.637420516746563 ], [ 120.921244882516518, 22.63830376220103 ], [ 120.92138202830742, 22.639857066548508 ], [ 120.921366867534715, 22.641014436475228 ], [ 120.921184140727149, 22.641242873791342 ], [ 120.921031882169743, 22.641669280616501 ], [ 120.92072733571294, 22.64201955239421 ], [ 120.919950728332438, 22.642674418753256 ], [ 120.919418391520026, 22.643030031981549 ], [ 120.9180021865143, 22.643563102186953 ], [ 120.916814391570043, 22.64383727569383 ], [ 120.915291577465993, 22.644187608766064 ], [ 120.9139514981687, 22.64444656139592 ], [ 120.913905848705312, 22.645055705368804 ], [ 120.913845032266934, 22.646715619497808 ], [ 120.913616654223432, 22.64752274371109 ], [ 120.913389801951922, 22.648380122037175 ], [ 120.91297871667885, 22.649750711499582 ], [ 120.91268179507405, 22.650283725410297 ], [ 120.91252954898161, 22.650923331835756 ], [ 120.912346831074686, 22.651304054580901 ], [ 120.912019467461008, 22.652088340969378 ], [ 120.911940164516935, 22.652924601660249 ], [ 120.912110017396998, 22.653078002498386 ], [ 120.912292758880156, 22.653100836114575 ], [ 120.912601121536255, 22.652906656684781 ] ] ] ] } },
{ "type": "Feature", "properties": { "番號": "4", "類型": null, "分區": "要", "郡\n支廳": "大武", "庄 (區)": "太麻里", "大字": "太麻里", "地名": null, "土地\n類型": "山林", "面積\n(公頃)": "(1,747.75)\n{昭和10年3月1日，\n依據總殖第120號之\n1，因刪除121.25公頃\n而訂正面積。}", "區分理由": "第七條第三號 (イ)", "地        況": "太麻里溪下游左岸之南向地，險峻地及崩塌地甚多，其餘大致為陡坡地。地質方面，Bururuwan溪左岸基岩以結晶片岩為主，右岸一帶則以下部黏板岩為主。土壤質地為黏質壤土，摻雜石礫，濕度或乾或潤，結合度較軟；雖有土壤貧瘠之處，但地力大致尚可。海拔高度介於60至1,367公尺。\n東側以稜線與準要存置林野108、107及要存置林野3與2連接。北側及西側以稜線與準要存置林野102、101鄰接。南側局部以太麻里溪溪畔為界，另有局部以區分標樁7、8、9號，與準要存置林野108毗鄰。", "林        況": "太麻里溪溪畔處有少許的蕃人現耕地及同開墾舊跡，其餘則為栲櫧植物、櫟屬植物類為主的闊葉林。", "參  考  事  項": null }, "geometry": { "type": "MultiPolygon", "coordinates": [ [ [ [ 120.967250632191067, 22.653390735432428 ], [ 120.967227777664817, 22.653185151288767 ], [ 120.967616061059843, 22.652511268842634 ], [ 120.968084292592962, 22.651825960969756 ], [ 120.968312708406344, 22.651666049803573 ], [ 120.968723826980593, 22.650866530755135 ], [ 120.968792341183374, 22.650638099204542 ], [ 120.969077837266539, 22.650032750366396 ], [ 120.969421389979161, 22.649402890176347 ], [ 120.96964978956008, 22.648965058154701 ], [ 120.969706879171127, 22.648679520154346 ], [ 120.969849627658874, 22.648384460006813 ], [ 120.97010657649426, 22.647880001686811 ], [ 120.970591924357777, 22.646928193510696 ], [ 120.971010647665182, 22.645966870851375 ], [ 120.971476933982501, 22.644567725274417 ], [ 120.971752839337469, 22.642711733076652 ], [ 120.971968576732507, 22.642075811705531 ], [ 120.972116995068234, 22.641082142003878 ], [ 120.972151226834981, 22.640533912841761 ], [ 120.972402443828386, 22.639665873426605 ], [ 120.97266508008147, 22.638763569223482 ], [ 120.972783447164119, 22.638480284527645 ], [ 120.972984830625421, 22.637998319009075 ], [ 120.973236065625258, 22.637438657531167 ], [ 120.973555807505889, 22.636524929055341 ], [ 120.973715658449166, 22.635725422670845 ], [ 120.973978296713014, 22.634857382689102 ], [ 120.974448893530919, 22.633929131930216 ], [ 120.974802917856039, 22.633335201074377 ], [ 120.974985637315271, 22.63298112833543 ], [ 120.975465292808735, 22.63234150554517 ], [ 120.976099265894888, 22.631735491804008 ], [ 120.976104802590598, 22.630959483403782 ], [ 120.976196112674785, 22.629931552376821 ], [ 120.976470141560213, 22.628538127210636 ], [ 120.976458207614257, 22.627907285550709 ], [ 120.976500080971846, 22.627320569693033 ], [ 120.976549503051331, 22.626628083621579 ], [ 120.976610392439866, 22.626216909987665 ], [ 120.976457997084509, 22.624298121640223 ], [ 120.976229441374045, 22.622059537786892 ], [ 120.97622934812685, 22.620460541121123 ], [ 120.976731777787606, 22.61864831964925 ], [ 120.976939857103019, 22.617938659244675 ], [ 120.977396647915199, 22.616918324135266 ], [ 120.97812753648094, 22.615684775701979 ], [ 120.978904118957686, 22.614603510373648 ], [ 120.978355871080211, 22.614131453190986 ], [ 120.977472549940359, 22.612806614622777 ], [ 120.976893761944169, 22.610903076247372 ], [ 120.97674141460891, 22.609806629048435 ], [ 120.976817462255767, 22.608192400031349 ], [ 120.976634700837835, 22.60782692426087 ], [ 120.976399040935874, 22.605626919744502 ], [ 120.976113388611935, 22.603552045572652 ], [ 120.975903964512511, 22.602961950180948 ], [ 120.975504108501113, 22.601039367138586 ], [ 120.97523756703059, 22.600258917869095 ], [ 120.974913914839021, 22.599402328768733 ], [ 120.974780620268689, 22.598602837133587 ], [ 120.974228505237122, 22.597099046570037 ], [ 120.97375258181232, 22.596451857531058 ], [ 120.973324905456934, 22.596216471160581 ], [ 120.973029846879029, 22.596054682740171 ], [ 120.972668170949063, 22.596007111710925 ], [ 120.97233504317461, 22.595873878713029 ], [ 120.971897228851532, 22.595883418529539 ], [ 120.971240535356543, 22.596378379036391 ], [ 120.970707553861828, 22.596559244702831 ], [ 120.970288791040815, 22.596844800845791 ], [ 120.969908116262005, 22.59742540803424 ], [ 120.969403691236536, 22.597663379292666 ], [ 120.968899271753713, 22.597996528924838 ], [ 120.968518594204141, 22.598529546929555 ], [ 120.967290884940141, 22.599833552292864 ], [ 120.966786473773169, 22.600309469490021 ], [ 120.96635722733302, 22.60035240062707 ], [ 120.966212573146763, 22.600611293068152 ], [ 120.965710026270699, 22.600413347284004 ], [ 120.964948599323336, 22.600245871578323 ], [ 120.964309001786276, 22.600124075374506 ], [ 120.96344859370565, 22.60000990452777 ], [ 120.962458737160503, 22.599766297590548 ], [ 120.961080563164472, 22.599614081390463 ], [ 120.959732601174693, 22.59961859073087 ], [ 120.95911391366468, 22.598999962355318 ], [ 120.958742710028375, 22.598781070729629 ], [ 120.958047882460903, 22.598190999687468 ], [ 120.957457758628323, 22.597753208788191 ], [ 120.956421844768883, 22.596868450336732 ], [ 120.956017519349871, 22.597007897789137 ], [ 120.954410925934368, 22.596954678559541 ], [ 120.953025148825787, 22.596992819484822 ], [ 120.952400784493321, 22.596954779481234 ], [ 120.951311960092369, 22.596992905497945 ], [ 120.950817024711199, 22.596749273701668 ], [ 120.950032755664381, 22.596589413403212 ], [ 120.948936316197916, 22.596612311261342 ], [ 120.947534046159788, 22.5967270716088 ], [ 120.946658423003399, 22.596841329624066 ], [ 120.946268203881132, 22.596965081106887 ], [ 120.945411616152938, 22.597079338167283 ], [ 120.944897664512865, 22.59716502451187 ], [ 120.944145758347375, 22.597050848209093 ], [ 120.942841780897652, 22.596184790432819 ], [ 120.941766229724749, 22.595337756860367 ], [ 120.941271237024793, 22.594109980624108 ], [ 120.940743185189177, 22.593138473830681 ], [ 120.940410047968285, 22.592843437579386 ], [ 120.939800894781712, 22.592510343831471 ], [ 120.939325010115724, 22.592529403395819 ], [ 120.938658783331221, 22.592757864949352 ], [ 120.93784033683157, 22.5940808855086 ], [ 120.937597858570072, 22.594161726377124 ], [ 120.937603233129479, 22.594421661475376 ], [ 120.937728867307143, 22.594427365870988 ], [ 120.937700326353777, 22.59463675973879 ], [ 120.937700349410619, 22.595032701796445 ], [ 120.937776495568855, 22.595108840677476 ], [ 120.937776515522387, 22.595451482842869 ], [ 120.937867892686157, 22.595573306581045 ], [ 120.937944043278719, 22.595725588165198 ], [ 120.93801258014237, 22.595885484401915 ], [ 120.937966906637001, 22.596083457724532 ], [ 120.937928849077935, 22.596311887746193 ], [ 120.937966942112155, 22.596692599352053 ], [ 120.938012636459106, 22.596852496735398 ], [ 120.938020265708829, 22.597111381544835 ], [ 120.937974604621417, 22.597522554437507 ], [ 120.938012683022521, 22.597651995121865 ], [ 120.938058378256898, 22.597827121046141 ], [ 120.938195449768983, 22.598108842167456 ], [ 120.938088872199103, 22.598466718226284 ], [ 120.938027973898741, 22.598725606476684 ], [ 120.9381574347872, 22.599068242143144 ], [ 120.938195522502653, 22.59935758250483 ], [ 120.938143764536193, 22.599673577324335 ], [ 120.938269414015323, 22.599941974045851 ], [ 120.938252313729109, 22.600484491668862 ], [ 120.93838937182629, 22.600535881111526 ], [ 120.938492177458073, 22.600781436168727 ], [ 120.938629244537395, 22.600987014586011 ], [ 120.938583596429524, 22.601620904887145 ], [ 120.938652133628665, 22.601786511826109 ], [ 120.938777779449836, 22.601992090816534 ], [ 120.938783511038366, 22.602351864803961 ], [ 120.938848618200893, 22.602454654184491 ], [ 120.938894326191374, 22.602848690381158 ], [ 120.938894349813381, 22.603254150277685 ], [ 120.93892863421712, 22.603608212128549 ], [ 120.939020016596388, 22.603819503542276 ], [ 120.938968640563402, 22.604156437586912 ], [ 120.939054314310113, 22.604401993503888 ], [ 120.939231354465477, 22.6045847271015 ], [ 120.939299904643022, 22.604973051448077 ], [ 120.939442677695368, 22.605098679738646 ], [ 120.939516932513442, 22.605384211148412 ], [ 120.939709208925919, 22.605702731802158 ], [ 120.939737782869742, 22.606059649290824 ], [ 120.939599806776144, 22.606587896228682 ], [ 120.939504662621687, 22.607154212367348 ], [ 120.939388003134454, 22.607629634234449 ], [ 120.939357597474057, 22.608505276856931 ], [ 120.93910643096352, 22.610241343125182 ], [ 120.938779131615746, 22.612129698630138 ], [ 120.938596441188935, 22.612982506095936 ], [ 120.938596463381913, 22.613363219615955 ], [ 120.9383528808861, 22.614581515123437 ], [ 120.938255446122483, 22.615038528530924 ], [ 120.938122274682243, 22.616351996873739 ], [ 120.938750536026077, 22.617931926421186 ], [ 120.939550145116797, 22.620006774933358 ], [ 120.939949935790125, 22.620806253237088 ], [ 120.940463962364177, 22.622005474996339 ], [ 120.940635335643151, 22.622938214511201 ], [ 120.940978085540479, 22.624860800568424 ], [ 120.941532339922162, 22.626487942299615 ], [ 120.942050191593523, 22.627995541812755 ], [ 120.94249190599129, 22.6295792878561 ], [ 120.942674692331579, 22.630371162791263 ], [ 120.942994570208796, 22.631787401008783 ], [ 120.943068891729951, 22.631878864522989 ], [ 120.94319255290695, 22.6320310477081 ], [ 120.943801738233176, 22.632914272447056 ], [ 120.944334790725563, 22.633949786420825 ], [ 120.945065833475454, 22.635358389687067 ], [ 120.945583641630336, 22.636119790688724 ], [ 120.946284213920435, 22.637292353099539 ], [ 120.947213213158193, 22.638495361100745 ], [ 120.948248810808963, 22.639698363736606 ], [ 120.948416322597041, 22.639698355311364 ], [ 120.948659998333184, 22.640079056574283 ], [ 120.949771751933596, 22.641525712025228 ], [ 120.950685530837688, 22.642865777644658 ], [ 120.95109675659981, 22.643901297726938 ], [ 120.95185817381244, 22.643901259423874 ], [ 120.952299790459719, 22.643809865964293 ], [ 120.951919135209536, 22.644723597554357 ], [ 120.951910054015926, 22.645679341225247 ], [ 120.952062397044998, 22.646699645787955 ], [ 120.952336550821656, 22.647445830489385 ], [ 120.953143737562471, 22.648892501242575 ], [ 120.953783393841917, 22.650019381067974 ], [ 120.954042312164475, 22.650643738207279 ], [ 120.954240297540295, 22.6509330705175 ], [ 120.955138816103371, 22.651724909418025 ], [ 120.956495937236639, 22.652099209416374 ], [ 120.95734301609788, 22.652137238141361 ], [ 120.95799023072702, 22.652308526653574 ], [ 120.958599370602656, 22.652413192216713 ], [ 120.959198994986934, 22.652555929609651 ], [ 120.959551147660378, 22.652508322699415 ], [ 120.960360160103761, 22.652622496041722 ], [ 120.961226279391099, 22.652746184347617 ], [ 120.962558769486932, 22.652917438372945 ], [ 120.963919808830738, 22.653022066096675 ], [ 120.965185671577572, 22.653136216447223 ], [ 120.966042269247481, 22.653193280366711 ], [ 120.966375398162683, 22.653345549005614 ], [ 120.966565755238946, 22.653393128614489 ], [ 120.967022616114164, 22.653573944539566 ], [ 120.967216646721965, 22.653719453233617 ], [ 120.967250632191067, 22.653390735432428 ] ] ] ] } },
{ "type": "Feature", "properties": { "番號": "86", "類型": null, "分區": "要", "郡\n支廳": "大武", "庄 (區)": null, "大字": null, "地名": "Chiyogozoru社蕃地", "土地\n類型": "山林", "面積\n(公頃)": "154", "區分理由": "第七條第一號", "地        況": "位於知本溪上游右岸，為北向之陡坡地及險峻地。基岩及土壤狀況等，與番號38相同。海拔高度介於757至1,450公尺。\n東側以稜線與要存置林野97相鄰。北側以溪流與前次調查完畢之臺東支廳為界。西側及南側以稜線與要存置林野85、84及87鄰接。", "林        況": "以栲櫧植物、櫟屬植物類為主要樹種的闊葉林。", "參  考  事  項": "同番號85。\r" }, "geometry": { "type": "MultiPolygon", "coordinates": [ [ [ [ 120.855569016686758, 22.657407279473983 ], [ 120.855127347427469, 22.656600188882088 ], [ 120.854502954015103, 22.656067221277297 ], [ 120.853680585850427, 22.655427663829379 ], [ 120.853117115618815, 22.655062207138354 ], [ 120.852152614722485, 22.654397275934979 ], [ 120.851345480688508, 22.653856703251016 ], [ 120.850888603107322, 22.653392255655699 ], [ 120.850127149667443, 22.652775537949513 ], [ 120.849429470317645, 22.652250941791689 ], [ 120.849162960323326, 22.652013009204886 ], [ 120.849001153563691, 22.651917838948279 ], [ 120.848620413163232, 22.651375341229322 ], [ 120.84824920938793, 22.651156449590793 ], [ 120.847868481221752, 22.65082334435095 ], [ 120.847640044322134, 22.650623481206893 ], [ 120.8472307713444, 22.650433145003394 ], [ 120.846669194866138, 22.649900174222726 ], [ 120.846202781663365, 22.649129252649903 ], [ 120.845989887808202, 22.648523939238071 ], [ 120.845461955477035, 22.648810898352298 ], [ 120.844772890907734, 22.649122261578416 ], [ 120.842922659270286, 22.649339361446039 ], [ 120.841300842173851, 22.649373707289531 ], [ 120.840775446139006, 22.649065355708796 ], [ 120.839599026865685, 22.64856287294975 ], [ 120.838168054381512, 22.647978346781635 ], [ 120.837725895300395, 22.647797732858805 ], [ 120.836492371714485, 22.647329517192606 ], [ 120.835667605392473, 22.647180191226191 ], [ 120.834967933970319, 22.646638083151029 ], [ 120.834682169642193, 22.646379375319448 ], [ 120.834455543840576, 22.646709056502598 ], [ 120.83378552941447, 22.647272546364146 ], [ 120.833069829052818, 22.647820809982122 ], [ 120.832628252312091, 22.648597487974776 ], [ 120.832354166946004, 22.649023901015454 ], [ 120.831866893595389, 22.649602610231383 ], [ 120.831729879384241, 22.650303130177555 ], [ 120.831729937218938, 22.651292985572599 ], [ 120.831867020830927, 22.651780292099819 ], [ 120.832658980389041, 22.653242192518078 ], [ 120.833220153624026, 22.653956340823029 ], [ 120.834834295387324, 22.654340578637175 ], [ 120.835348267170176, 22.654597534453902 ], [ 120.836081133669836, 22.654635568924718 ], [ 120.836595097664173, 22.654759274977145 ], [ 120.837546865553122, 22.65469260218569 ], [ 120.838136973512761, 22.654854375765872 ], [ 120.838965012179429, 22.654806744883249 ], [ 120.839688382647665, 22.655215975600726 ], [ 120.840316549238395, 22.655168354778866 ], [ 120.840763900327985, 22.655482420986935 ], [ 120.841401582409731, 22.655396728325282 ], [ 120.84206445887196, 22.655517849131229 ], [ 120.842683124984632, 22.655765281832988 ], [ 120.844044186424981, 22.656241105325936 ], [ 120.844520083433082, 22.656431438172184 ], [ 120.845386206307225, 22.656612233533597 ], [ 120.846547371749949, 22.656678799960826 ], [ 120.847660947489032, 22.656726333103126 ], [ 120.848431895962563, 22.656954722454717 ], [ 120.849745364903455, 22.657363923455204 ], [ 120.85032594845346, 22.657411483427719 ], [ 120.851411572840973, 22.657577990975675 ], [ 120.853638723733042, 22.657663539416102 ], [ 120.85564358186744, 22.657732572277332 ], [ 120.855569016686758, 22.657407279473983 ] ] ] ] } },
{ "type": "Feature", "properties": { "番號": "2", "類型": null, "分區": "要", "郡\n支廳": "〃", "庄 (區)": "〃", "大字": "文里格", "地名": "文里格", "土地\n類型": "山林", "面積\n(公頃)": "356.11", "區分理由": "第七條第三號 (口)", "地        況": "位於羅打結、文里格兩溪源頭之東向地。地勢、基岩、土壤及其他狀況，與前述番號1相同，海拔高度介於250至1,157公尺。\n東側以小稜線與準要存置林野105鄰接。東北側以溪流與要存置林野1相鄰。北側以稜線與要存置林野102接壤。西側同樣以稜線與要存置林野4毗鄰。南側以溪流與要存置林野3及準要存置林野106相連。", "林        況": "本地約1成左右為蕃人現耕地及同開墾舊跡，其餘則為栲櫧植物、櫟屬植物類為主的闊葉林。", "參  考  事  項": null }, "geometry": { "type": "MultiPolygon", "coordinates": [ [ [ [ 120.977381859516996, 22.660810821174682 ], [ 120.977678805090179, 22.660688977906936 ], [ 120.977886282032657, 22.660530971360494 ], [ 120.978247944059049, 22.660340596405518 ], [ 120.978704782674143, 22.660140698822552 ], [ 120.979114026597543, 22.659836107423526 ], [ 120.979999146789027, 22.659369688835149 ], [ 120.980779579351065, 22.659027007404546 ], [ 120.981217388653775, 22.658931806993543 ], [ 120.981569540194613, 22.658865164406382 ], [ 120.981988306836911, 22.658646233067973 ], [ 120.982959094240584, 22.658313059896496 ], [ 120.983672906969076, 22.658041765603553 ], [ 120.984491408714916, 22.657670528750231 ], [ 120.985157620355892, 22.657185085515078 ], [ 120.985290855565282, 22.656966168550664 ], [ 120.98543361905611, 22.656928090016152 ], [ 120.985609692878413, 22.656861456293061 ], [ 120.985790515547251, 22.656623501259535 ], [ 120.985871398044694, 22.656314167476065 ], [ 120.986018915665369, 22.656195187085448 ], [ 120.986252090768758, 22.656042889953341 ], [ 120.986437683695527, 22.656000050344922 ], [ 120.986560998178021, 22.655670885598948 ], [ 120.986927405988851, 22.655256841236884 ], [ 120.987141527590452, 22.654795215352657 ], [ 120.987189098367494, 22.654490642165694 ], [ 120.987407988280523, 22.654190819276248 ], [ 120.987574533545327, 22.653938588207321 ], [ 120.987902878563162, 22.653662554403528 ], [ 120.987864793526782, 22.653419851469881 ], [ 120.987895238035392, 22.65321140930191 ], [ 120.987998020342076, 22.653057215166296 ], [ 120.988249275655633, 22.652845906535873 ], [ 120.988386328405952, 22.652805924722788 ], [ 120.988540489689598, 22.652366192884813 ], [ 120.988717518507997, 22.652354762571964 ], [ 120.988911667536158, 22.652143456816031 ], [ 120.988900235937351, 22.651966425618749 ], [ 120.988963046847047, 22.651863629816059 ], [ 120.989134349691525, 22.651589507484243 ], [ 120.989265695482757, 22.651612343684604 ], [ 120.989431288032222, 22.651343932342716 ], [ 120.989469876434171, 22.651294692617064 ], [ 120.98907701573826, 22.650710032767318 ], [ 120.988654405874527, 22.650310304867762 ], [ 120.987774934383609, 22.649716436074609 ], [ 120.987203854180265, 22.649419508285739 ], [ 120.987009690806673, 22.649385253840613 ], [ 120.985707616120038, 22.648505871187936 ], [ 120.984908086756178, 22.647797784319224 ], [ 120.984332804865176, 22.647263005983913 ], [ 120.98415196662431, 22.647234461569919 ], [ 120.983790261238497, 22.646682445203179 ], [ 120.98512271401701, 22.646216004143419 ], [ 120.987187976884101, 22.644826296010514 ], [ 120.98763529111686, 22.644512184880753 ], [ 120.988739297625628, 22.64368407750981 ], [ 120.989434037418917, 22.642770330194615 ], [ 120.989790750021342, 22.64176118356702 ], [ 120.990095266201621, 22.640893141502435 ], [ 120.990719561581116, 22.639750969647089 ], [ 120.991526607744717, 22.638791531077381 ], [ 120.9920290977213, 22.638014850299655 ], [ 120.992415054771271, 22.637231088109484 ], [ 120.992254405490399, 22.637221209986453 ], [ 120.992063178693115, 22.637492033794096 ], [ 120.991591104956328, 22.637575814500302 ], [ 120.991202790660111, 22.637720505152014 ], [ 120.990852537887179, 22.637705294226276 ], [ 120.990563205596033, 22.637811908552337 ], [ 120.989885546118728, 22.637842399709932 ], [ 120.989596221382499, 22.638078456620988 ], [ 120.988834804240128, 22.63807849491231 ], [ 120.988652069903409, 22.638177489608385 ], [ 120.98802009545156, 22.638207978469183 ], [ 120.987837362892478, 22.638337430244555 ], [ 120.987357674979876, 22.638421211335469 ], [ 120.986721000437853, 22.63842124335412 ], [ 120.986573415318617, 22.638421250776247 ], [ 120.986360228739898, 22.638596389702169 ], [ 120.986131804040014, 22.638604015459666 ], [ 120.9856597338527, 22.638748710326325 ], [ 120.985240952642584, 22.638718274308211 ], [ 120.985042993072696, 22.63887056965968 ], [ 120.984631828922701, 22.638889626012297 ], [ 120.984197829813482, 22.639038126100115 ], [ 120.982621695639452, 22.63902678396224 ], [ 120.982233364889723, 22.638889746635225 ], [ 120.981726255980064, 22.638802683927366 ], [ 120.980892502859561, 22.638779883048613 ], [ 120.980207218082796, 22.638620017845497 ], [ 120.978368395638853, 22.638620110322684 ], [ 120.977363309648595, 22.638357468558194 ], [ 120.976232607157655, 22.638391789637133 ], [ 120.975912811280679, 22.638380384315209 ], [ 120.973434395726557, 22.638334823338347 ], [ 120.972783447164119, 22.638480284527645 ], [ 120.97266508008147, 22.638763569223482 ], [ 120.972402443828386, 22.639665873426605 ], [ 120.972151226834981, 22.640533912841761 ], [ 120.972116995068234, 22.641082142003878 ], [ 120.971968576732507, 22.642075811705531 ], [ 120.971752839337469, 22.642711733076652 ], [ 120.971476933982501, 22.644567725274417 ], [ 120.971010647665182, 22.645966870851375 ], [ 120.970591924357777, 22.646928193510696 ], [ 120.97010657649426, 22.647880001686811 ], [ 120.969849627658874, 22.648384460006813 ], [ 120.969706879171127, 22.648679520154346 ], [ 120.96964978956008, 22.648965058154701 ], [ 120.969421389979161, 22.649402890176347 ], [ 120.969077837266539, 22.650032750366396 ], [ 120.968792341183374, 22.650638099204542 ], [ 120.968723826980593, 22.650866530755135 ], [ 120.968312708406344, 22.651666049803573 ], [ 120.968084292592962, 22.651825960969756 ], [ 120.967616061059843, 22.652511268842634 ], [ 120.967227777664817, 22.653185151288767 ], [ 120.967250632191067, 22.653390735432428 ], [ 120.967216646721965, 22.653719453233617 ], [ 120.96732719633286, 22.653802357316049 ], [ 120.967523421645083, 22.6541039677168 ], [ 120.967866076059195, 22.654389485602625 ], [ 120.968242982902254, 22.654480837876143 ], [ 120.968459995473808, 22.654629305222119 ], [ 120.968768386781946, 22.654926246236617 ], [ 120.96915672355712, 22.655166076201542 ], [ 120.969914353447109, 22.655504873091889 ], [ 120.970866151611915, 22.65596168139545 ], [ 120.971056520365366, 22.656209135592309 ], [ 120.972103525708036, 22.657179902331919 ], [ 120.973302806698229, 22.658017411677122 ], [ 120.973588341474354, 22.658074504330802 ], [ 120.974673413224423, 22.658969126445925 ], [ 120.975282576995184, 22.659483059011148 ], [ 120.976120195953911, 22.660510943302299 ], [ 120.976685860679424, 22.66119288780132 ], [ 120.977381859516996, 22.660810821174682 ] ] ] ] } },
{ "type": "Feature", "properties": { "番號": "84", "類型": null, "分區": "要", "郡\n支廳": "大武", "庄 (區)": null, "大字": null, "地名": "斗里斗里社蕃地", "土地\n類型": "山林", "面積\n(公頃)": "1,375.00", "區分理由": "第七條第一號", "地        況": "位於太麻里溪源頭之地。溪畔等處斷崖及崩塌地甚多，惟整體多為陡坡地。基岩及土壤狀況等，與番號38相同。海拔高度介於660至2,367公尺。\n東側以溪流與要存置林野87相鄰。北側以稜線與要存置林野86及85鄰接。西側以中央山脈與高雄州接壤。南側以溪流與要存置林野81毗鄰；另以稜線與要存置林野82及準要存置林野181相連。", "林        況": "天然林，1,900公尺以上為紅檜、臺灣扁柏相交的針闊葉混合林，以下為以栲櫧植物、櫟屬植物為主要樹種的闊葉林。", "參  考  事  項": "依據治水調查之結果，選定編入為水源涵養保安林預定地。(詳情參見〈保安林編入調書〉)\r" }, "geometry": { "type": "MultiPolygon", "coordinates": [ [ [ [ 120.786929044225914, 22.661324887846995 ], [ 120.788014015220881, 22.66048726317943 ], [ 120.789098979538764, 22.659535424421385 ], [ 120.790431393977045, 22.658402734225888 ], [ 120.790897739948818, 22.658021997097123 ], [ 120.791906578093446, 22.657336661738093 ], [ 120.793638760088285, 22.656603700759909 ], [ 120.794723770576923, 22.656441842835957 ], [ 120.796327393156005, 22.655864782643839 ], [ 120.797435220908127, 22.65527081358935 ], [ 120.79902272499443, 22.654391285159864 ], [ 120.800199072974564, 22.653671677162365 ], [ 120.801067066891861, 22.653294726965946 ], [ 120.80273454917355, 22.652917736527865 ], [ 120.804196504124704, 22.653488733394273 ], [ 120.806138146746775, 22.653968334838115 ], [ 120.806983330165139, 22.654139613428935 ], [ 120.807862767356141, 22.654139569159423 ], [ 120.808799292834806, 22.6538311439731 ], [ 120.809815752462782, 22.653271443766808 ], [ 120.810468175210062, 22.652983020349843 ], [ 120.811233367736648, 22.652434754204165 ], [ 120.812306933671877, 22.651875051130002 ], [ 120.813460433090526, 22.651052651631176 ], [ 120.814328420977432, 22.650572908772205 ], [ 120.81551621420941, 22.650264470951956 ], [ 120.816875325700181, 22.649944603102213 ], [ 120.818108810646109, 22.649750377073378 ], [ 120.818919658852423, 22.648699566661165 ], [ 120.819536345608952, 22.647648766024133 ], [ 120.820404270774048, 22.646095410765493 ], [ 120.820811597053677, 22.645546528129863 ], [ 120.820963858307323, 22.645165806846133 ], [ 120.821177028510547, 22.644708939773555 ], [ 120.822517104553128, 22.644389072903042 ], [ 120.824100820834431, 22.643840765603837 ], [ 120.824907910879816, 22.643627525368402 ], [ 120.826019567013347, 22.64339904126474 ], [ 120.827283501296989, 22.643079178232952 ], [ 120.828654012674562, 22.642393824769947 ], [ 120.829400172419739, 22.641891245257764 ], [ 120.830648942377692, 22.642667838203057 ], [ 120.831456086662755, 22.643383539186456 ], [ 120.833009453832787, 22.64467788731195 ], [ 120.833277497874732, 22.645107699492975 ], [ 120.834682169642193, 22.646379375319448 ], [ 120.834967933970319, 22.646638083151029 ], [ 120.835667605392473, 22.647180191226191 ], [ 120.836492371714485, 22.647329517192606 ], [ 120.837725895300395, 22.647797732858805 ], [ 120.838168054381512, 22.647978346781635 ], [ 120.838660864867833, 22.647603006318775 ], [ 120.839403216831784, 22.647089005591571 ], [ 120.839603071669899, 22.64679394248892 ], [ 120.840659474962635, 22.645708855551565 ], [ 120.84096173755357, 22.645364294528925 ], [ 120.841018830518124, 22.645135863492349 ], [ 120.84133860915658, 22.644850312198024 ], [ 120.84161270008191, 22.644519077570035 ], [ 120.841898206932086, 22.64409647110288 ], [ 120.842229396159468, 22.643628176705406 ], [ 120.842480626553481, 22.642988565209702 ], [ 120.842731858282718, 22.642371796530977 ], [ 120.842846027541455, 22.641629399259415 ], [ 120.843051570226407, 22.640944104432311 ], [ 120.8433142225539, 22.640315913773506 ], [ 120.843583548413477, 22.639878317527248 ], [ 120.843743445626018, 22.639870695211489 ], [ 120.843865248848829, 22.639467132665448 ], [ 120.844116503257922, 22.639238691864769 ], [ 120.84433729608007, 22.63892649560422 ], [ 120.844413418260288, 22.638591463805348 ], [ 120.844733200681532, 22.638370633830473 ], [ 120.844778860386654, 22.637936618027894 ], [ 120.845098637918156, 22.637632031061688 ], [ 120.845136695896954, 22.637411215258712 ], [ 120.845060547932263, 22.63730461928068 ], [ 120.845075766945413, 22.637144718802656 ], [ 120.8451556995484, 22.636866793853411 ], [ 120.845186123350658, 22.636303336193844 ], [ 120.845117582448395, 22.636074911480598 ], [ 120.845079506243962, 22.63598354213164 ], [ 120.845079488908581, 22.635686585523921 ], [ 120.845155619537394, 22.635496224894474 ], [ 120.845071853398778, 22.635321100851129 ], [ 120.845003320942354, 22.635237347306017 ], [ 120.845376382138937, 22.634666258142062 ], [ 120.845559096983223, 22.634232235448319 ], [ 120.845680898880019, 22.63380583009047 ], [ 120.845825549966023, 22.633493637663747 ], [ 120.845810300729354, 22.633135767646873 ], [ 120.845673231373723, 22.632892117836533 ], [ 120.845680828660008, 22.632602775118784 ], [ 120.845795028828164, 22.632389569759791 ], [ 120.845863550617736, 22.632290580778069 ], [ 120.845871494447408, 22.631823532038979 ], [ 120.845995210333797, 22.63157606197802 ], [ 120.846109413502205, 22.631414252955302 ], [ 120.846023742378534, 22.631214382624023 ], [ 120.846166490923338, 22.630919322406321 ], [ 120.846137921106717, 22.630633788643841 ], [ 120.845928506878849, 22.630215014215516 ], [ 120.845947518985781, 22.629815263980653 ], [ 120.845833285267872, 22.629453591805834 ], [ 120.845814223728141, 22.629006254285802 ], [ 120.845833237502816, 22.628635057570833 ], [ 120.846014064696263, 22.628473245199249 ], [ 120.846042596744695, 22.628111565846073 ], [ 120.846099696385849, 22.627997348895601 ], [ 120.846061618295622, 22.627873618890568 ], [ 120.846156783253917, 22.62766422162667 ], [ 120.845956886192241, 22.627235928879376 ], [ 120.846099645292654, 22.627121707622148 ], [ 120.846099630298397, 22.626864725944035 ], [ 120.84613768784105, 22.626636295871769 ], [ 120.845871170644742, 22.626274631353287 ], [ 120.845852111330927, 22.625865365193626 ], [ 120.84589967298696, 22.625403747564672 ], [ 120.845833033970706, 22.625146769236348 ], [ 120.8457378429122, 22.624908828023223 ], [ 120.845537966399263, 22.624832695352143 ], [ 120.845614087040175, 22.624471013607124 ], [ 120.84565215013707, 22.62433776193431 ], [ 120.845604551554288, 22.624166443208118 ], [ 120.845528400929041, 22.624014161597195 ], [ 120.845518869885382, 22.623785733917586 ], [ 120.845652109603876, 22.623642959620305 ], [ 120.845671121719434, 22.623243209386914 ], [ 120.845633040299774, 22.623062372342279 ], [ 120.845556889674867, 22.622910090731281 ], [ 120.845480738495027, 22.622748291280438 ], [ 120.845473688500221, 22.622681855941259 ], [ 120.845457980614242, 22.622533833316787 ], [ 120.845271330878873, 22.622521399272262 ], [ 120.844814461831504, 22.622202574600063 ], [ 120.844045245585164, 22.62175638520343 ], [ 120.84351985424405, 22.621527983454101 ], [ 120.843321880386128, 22.621436622141793 ], [ 120.84231677519665, 22.620850373721293 ], [ 120.841738074863954, 22.620454460665883 ], [ 120.841296447430963, 22.620363111600057 ], [ 120.841060404477602, 22.620302209288639 ], [ 120.840321802043945, 22.619830161548538 ], [ 120.839772449144078, 22.619453758587557 ], [ 120.839178526233937, 22.619156831830168 ], [ 120.838618885092529, 22.619168281367145 ], [ 120.837499611467152, 22.619339658746156 ], [ 120.835455220323723, 22.619591032482862 ], [ 120.834404464266726, 22.619591085297721 ], [ 120.833148160139686, 22.620185061671197 ], [ 120.831971826825708, 22.621155940500589 ], [ 120.831263725929176, 22.62145293270969 ], [ 120.829619156865959, 22.623040591133901 ], [ 120.828636981001949, 22.623942931768209 ], [ 120.827277196096503, 22.624955381077488 ], [ 120.826264561535865, 22.62582345902759 ], [ 120.825876251964871, 22.62605190671907 ], [ 120.825092031976226, 22.626737230654946 ], [ 120.824779863705757, 22.626958060247386 ], [ 120.82408700581405, 22.627506322691072 ], [ 120.823789986808549, 22.626371811049815 ], [ 120.823850770928843, 22.624156054751062 ], [ 120.824018212139904, 22.622945377037208 ], [ 120.824332223320155, 22.621685056419302 ], [ 120.825154445799143, 22.619827132652869 ], [ 120.825321930103982, 22.61935503935382 ], [ 120.824667073792369, 22.618715473398709 ], [ 120.824194962110226, 22.61815204097983 ], [ 120.823783791356846, 22.618060690378464 ], [ 120.823113700479439, 22.617314525373473 ], [ 120.822870015811006, 22.616781538560581 ], [ 120.822687248979932, 22.616324691408607 ], [ 120.821651627109958, 22.614710517727893 ], [ 120.820935827215436, 22.613553184308884 ], [ 120.820478920802714, 22.612593808957751 ], [ 120.820052488847367, 22.61193900296669 ], [ 120.819648878842315, 22.610931274305891 ], [ 120.819340464155019, 22.610234583885262 ], [ 120.819305116848767, 22.610107949308833 ], [ 120.81900393232398, 22.610135660074416 ], [ 120.818670819951478, 22.610268926577469 ], [ 120.818290127310092, 22.610544963077707 ], [ 120.817654350873525, 22.610667584807878 ], [ 120.816655000103367, 22.610833245445612 ], [ 120.815415807488847, 22.611078867995548 ], [ 120.814239430147708, 22.611295933869084 ], [ 120.813405674352992, 22.611233158016208 ], [ 120.812828916930087, 22.611513011508865 ], [ 120.81212616832407, 22.611652527046889 ], [ 120.812181908919058, 22.611941278345846 ], [ 120.812273300324634, 22.612306758830606 ], [ 120.812235257418848, 22.612786459906129 ], [ 120.812083008107933, 22.613372766535477 ], [ 120.811862222789742, 22.613814405432748 ], [ 120.811649058750646, 22.614377872306957 ], [ 120.811595783502653, 22.614789045697236 ], [ 120.811702422797694, 22.615489553404519 ], [ 120.811698639983035, 22.61590580048949 ], [ 120.811755777930813, 22.616448314530974 ], [ 120.811812908663669, 22.616867096645379 ], [ 120.812088970789802, 22.617695134901112 ], [ 120.812174646353228, 22.617971147971929 ], [ 120.812155637561048, 22.618428005275472 ], [ 120.812024312919561, 22.618768750569359 ], [ 120.811830166118284, 22.619020031319586 ], [ 120.811778785760296, 22.619282726302782 ], [ 120.811658876164131, 22.61951687120883 ], [ 120.81149328218595, 22.619762439820043 ], [ 120.811476180270972, 22.62027640407258 ], [ 120.811419087617423, 22.620510545821507 ], [ 120.811419122593819, 22.621110169778373 ], [ 120.811470528600097, 22.62128719902968 ], [ 120.811433265214959, 22.622076991317471 ], [ 120.811395205445564, 22.622267350043018 ], [ 120.811265783574413, 22.622594770266868 ], [ 120.811189660482924, 22.622914573538715 ], [ 120.811045017814564, 22.623371437160706 ], [ 120.810892756974226, 22.623759772713552 ], [ 120.810869928220725, 22.623995816309169 ], [ 120.810717656719333, 22.624201409322445 ], [ 120.810649153135074, 22.62461258348247 ], [ 120.810527337444725, 22.624802946419933 ], [ 120.8105197659185, 22.625533916962961 ], [ 120.810504580978034, 22.626277895604556 ], [ 120.810447499325235, 22.626700490599951 ], [ 120.810379006407672, 22.627294407301427 ], [ 120.810344767946916, 22.627728422557627 ], [ 120.81009354283475, 22.628459405354118 ], [ 120.809830891796068, 22.629110438864306 ], [ 120.809659597525282, 22.629533039604659 ], [ 120.80966534755008, 22.630208044577827 ], [ 120.809644503469784, 22.63033576291226 ], [ 120.809646625510325, 22.630338685669919 ], [ 120.809661881856414, 22.630818384074129 ], [ 120.809555293630609, 22.630993517703235 ], [ 120.809547700787419, 22.631359003168296 ], [ 120.809707616234519, 22.63166356602861 ], [ 120.809608648405913, 22.631945299090695 ], [ 120.809722884137912, 22.632341235518901 ], [ 120.809936100587294, 22.632676252788642 ], [ 120.809981814969575, 22.633178792478667 ], [ 120.810263565659682, 22.633628020389374 ], [ 120.810278823789034, 22.63413817588367 ], [ 120.810274922964766, 22.634706327717915 ], [ 120.810646157046264, 22.635443941700434 ], [ 120.810608112843326, 22.63590079996801 ], [ 120.810470133986627, 22.636381457864292 ], [ 120.810346420039025, 22.636662240388283 ], [ 120.810355955817158, 22.636971569731912 ], [ 120.810308382506506, 22.637233312744886 ], [ 120.810180142378016, 22.63742391395634 ], [ 120.810123055072225, 22.637749426980776 ], [ 120.810180174387, 22.637972141580502 ], [ 120.810191620323224, 22.638394733133008 ], [ 120.810111681491421, 22.638566058287559 ], [ 120.810140258988568, 22.638982938274019 ], [ 120.810106014875785, 22.639319871558804 ], [ 120.809959450681205, 22.639468357247647 ], [ 120.809890933778988, 22.639651103236819 ], [ 120.809700589191138, 22.639818626809657 ], [ 120.809647308641971, 22.640138428939387 ], [ 120.809662551219901, 22.640382084895833 ], [ 120.809525506300517, 22.640557220060327 ], [ 120.809373229919146, 22.640679056082856 ], [ 120.809236177440823, 22.640724748613657 ], [ 120.809068666929306, 22.6407475998591 ], [ 120.808687979087949, 22.641105489824596 ], [ 120.808490022993553, 22.641318699417535 ], [ 120.807972264442569, 22.641410096738205 ], [ 120.807759101787468, 22.641996406455721 ], [ 120.807401240462482, 22.642080181459942 ], [ 120.807226118888195, 22.642156332997306 ], [ 120.806997712320253, 22.642476143940669 ], [ 120.806761680460298, 22.642605598451418 ], [ 120.80654849067983, 22.64272743754054 ], [ 120.806350525691585, 22.642788361682491 ], [ 120.806177948623613, 22.642974920045891 ], [ 120.805589776963672, 22.643374698955423 ], [ 120.805132943148919, 22.643660257167223 ], [ 120.804556192417152, 22.644054324799523 ], [ 120.804367747592934, 22.644157126962938 ], [ 120.804304938321934, 22.64428847632761 ], [ 120.804002277205285, 22.644328466488542 ], [ 120.803631109194868, 22.644722523778007 ], [ 120.803374136462836, 22.644819618685879 ], [ 120.802780237491817, 22.644933862661397 ], [ 120.802306277119186, 22.645310793011287 ], [ 120.802068723367839, 22.645456427931297 ], [ 120.801326341979447, 22.64546788669756 ], [ 120.801057941979266, 22.645462189499124 ], [ 120.800932318100195, 22.645633516957734 ], [ 120.800578262301073, 22.645690641819996 ], [ 120.800418368963648, 22.645764889025678 ], [ 120.800167102190912, 22.645782033783473 ], [ 120.799887288933675, 22.645913394069517 ], [ 120.799538949102498, 22.646061889917842 ], [ 120.799419034519957, 22.646210374271654 ], [ 120.79900787040593, 22.646233237780969 ], [ 120.798419700741789, 22.646667280929012 ], [ 120.798145596580554, 22.646772371687632 ], [ 120.797612614894817, 22.646953237488873 ], [ 120.797431798811218, 22.647305406706387 ], [ 120.796794124442457, 22.647524349141445 ], [ 120.796651369225629, 22.64770519530552 ], [ 120.796518140624201, 22.648038326447317 ], [ 120.796137441881811, 22.64820966674549 ], [ 120.795937570343341, 22.648219194645606 ], [ 120.795547367783243, 22.648628481449634 ], [ 120.795166662367336, 22.648685607656073 ], [ 120.79502392883785, 22.649237649622719 ], [ 120.794490954935014, 22.649551765203132 ], [ 120.794167360836397, 22.649694549106332 ], [ 120.793853280007582, 22.649761189801815 ], [ 120.793758109492472, 22.649875408685386 ], [ 120.79328223022344, 22.649989646730088 ], [ 120.792987183719291, 22.650037250785775 ], [ 120.793058817407129, 22.6502572282836 ], [ 120.792061381824837, 22.65062276358638 ], [ 120.790431998625039, 22.651483258440795 ], [ 120.788543741475053, 22.652480823246346 ], [ 120.787317883743867, 22.652899669967379 ], [ 120.78565484674705, 22.653340746993919 ], [ 120.784192949798467, 22.65376341273894 ], [ 120.783107944508927, 22.654014738369327 ], [ 120.782665895014972, 22.654380428874578 ], [ 120.783098376718613, 22.655002874277198 ], [ 120.783688524255211, 22.655840414606597 ], [ 120.784078791904463, 22.656544715218526 ], [ 120.784435043496543, 22.657145082714617 ], [ 120.784732027041613, 22.657670452604371 ], [ 120.785105179491197, 22.658660289315652 ], [ 120.785097581340054, 22.658934403528821 ], [ 120.785310804063897, 22.659376020630898 ], [ 120.785485967485627, 22.660015610748946 ], [ 120.786087528727151, 22.66072370785345 ], [ 120.786422579146375, 22.661180547365838 ], [ 120.786574863985891, 22.661203382516614 ], [ 120.786703171722422, 22.661421705392236 ], [ 120.786929044225914, 22.661324887846995 ] ] ] ] } },
{ "type": "Feature", "properties": { "番號": "97", "類型": null, "分區": "要", "郡\n支廳": "〃", "庄 (區)": null, "大字": null, "地名": "(Kaarowan社) Kakarowan蕃地", "土地\n類型": "山林", "面積\n(公頃)": "204", "區分理由": "第七條第一號", "地        況": "位於知本溪上游右岸，為北向地。地勢與番號96相同，基岩及土壤狀況等，與番號38相同。海拔高度介於637至1,533公尺。\n東側、南側及西側以稜線與要存置林野96、87及86相鄰。北側以知本溪與前次調查完畢之臺東支廳為界。", "林        況": "與番號86相同。", "參  考  事  項": "依據昭和5年末的治水調查結果，編入為水源涵養保安林，目前正進行編入手續中。(詳情參見〈保安林編入調書〉)\r" }, "geometry": { "type": "MultiPolygon", "coordinates": [ [ [ [ 120.862774365988344, 22.662174299591214 ], [ 120.862705809935491, 22.661686989645116 ], [ 120.862705765423158, 22.660925562463241 ], [ 120.86267528380202, 22.66049916477488 ], [ 120.862591508751137, 22.660171755303519 ], [ 120.862736103279616, 22.658892550355812 ], [ 120.862926383746199, 22.657628571653337 ], [ 120.863166146335061, 22.656193269346208 ], [ 120.863147076414108, 22.655603164240727 ], [ 120.862766284294963, 22.654175507443625 ], [ 120.862556845573252, 22.653337948086218 ], [ 120.862204642346555, 22.652521811053386 ], [ 120.861757201196411, 22.650665854818186 ], [ 120.861077400276145, 22.649343107589964 ], [ 120.860449162546402, 22.64817244491239 ], [ 120.860144559454213, 22.647553800654578 ], [ 120.859811394871727, 22.646792390236691 ], [ 120.859373515943162, 22.645697860694522 ], [ 120.859097463227513, 22.645031625799199 ], [ 120.858811896131101, 22.644422498420816 ], [ 120.858396314340368, 22.64385640218482 ], [ 120.857993581285953, 22.643856422447399 ], [ 120.856943825660352, 22.643602158583352 ], [ 120.855314377324291, 22.643343355320621 ], [ 120.854537742255474, 22.643526136920112 ], [ 120.853426096871573, 22.643937363533016 ], [ 120.851385553388567, 22.644881635921625 ], [ 120.849786610644983, 22.645460401043536 ], [ 120.848126774962537, 22.646389425746392 ], [ 120.846756285008382, 22.647440264248829 ], [ 120.846162437253483, 22.64843014949836 ], [ 120.845989887808202, 22.648523939238071 ], [ 120.846202781663365, 22.649129252649903 ], [ 120.846669194866138, 22.649900174222726 ], [ 120.8472307713444, 22.650433145003394 ], [ 120.847640044322134, 22.650623481206893 ], [ 120.847868481221752, 22.65082334435095 ], [ 120.84824920938793, 22.651156449590793 ], [ 120.848620413163232, 22.651375341229322 ], [ 120.849001153563691, 22.651917838948279 ], [ 120.849162960323326, 22.652013009204886 ], [ 120.849429470317645, 22.652250941791689 ], [ 120.850127149667443, 22.652775537949513 ], [ 120.850888603107322, 22.653392255655699 ], [ 120.851345480688508, 22.653856703251016 ], [ 120.852152614722485, 22.654397275934979 ], [ 120.853117115618815, 22.655062207138354 ], [ 120.853680585850427, 22.655427663829379 ], [ 120.854502954015103, 22.656067221277297 ], [ 120.855127347427469, 22.656600188882088 ], [ 120.855569016686758, 22.657407279473983 ], [ 120.85564358186744, 22.657732572277332 ], [ 120.855846838622156, 22.657739570974698 ], [ 120.856741526307147, 22.658120239530444 ], [ 120.858369134414929, 22.659462173014592 ], [ 120.858940213031829, 22.659728643779726 ], [ 120.859520824943644, 22.660261613580385 ], [ 120.859968552889086, 22.660510054247851 ], [ 120.860276939614479, 22.660727045469905 ], [ 120.860585313654155, 22.660727029943924 ], [ 120.861419097066658, 22.661263794130846 ], [ 120.861738917070682, 22.661686370116232 ], [ 120.861841719767824, 22.661880528872413 ], [ 120.862287166962616, 22.662188884453961 ], [ 120.862492763009101, 22.662417302257527 ], [ 120.862634630454608, 22.662420076861608 ], [ 120.862774365988344, 22.662174299591214 ] ] ] ] } },
{ "type": "Feature", "properties": { "番號": "96", "類型": null, "分區": "要", "郡\n支廳": "〃", "庄 (區)": null, "大字": null, "地名": "(Kaarowan社) Kakarowan蕃地", "土地\n類型": "山林", "面積\n(公頃)": "955", "區分理由": "第七條第三號 (口)", "地        況": "位於知本溪右岸，為陡坡地及險峻地。溪畔可見不少斷崖。基岩及土壤狀況等，與番號38相同。海拔高度介於365至1,543公尺。\n東側以稜線與要存置林野94、95及準要存置林野190相鄰。北側以知本溪與前次調查完畢之臺東支廳為界。西側及南側以稜線與要存置林野97、87及90鄰接。", "林        況": "與番號86相同。", "參  考  事  項": null }, "geometry": { "type": "MultiPolygon", "coordinates": [ [ [ [ 120.863669138166188, 22.662165972055281 ], [ 120.864434349941575, 22.66194892677974 ], [ 120.864845513987959, 22.661926063262026 ], [ 120.86557645329934, 22.661560541413067 ], [ 120.865919083104458, 22.661423467269561 ], [ 120.866216021190141, 22.661172181350221 ], [ 120.866444441727666, 22.661092219996018 ], [ 120.867095450908351, 22.661046501588274 ], [ 120.867483760413052, 22.660818053884739 ], [ 120.868283246646186, 22.660783749409877 ], [ 120.868870801678298, 22.660691872675073 ], [ 120.869403772135655, 22.660320650094775 ], [ 120.870003373288313, 22.660063638236483 ], [ 120.8705648930016, 22.659625789343053 ], [ 120.870907497991027, 22.659064219556793 ], [ 120.871231053639448, 22.65826470474002 ], [ 120.871878198874072, 22.657246263324446 ], [ 120.872325502462132, 22.656748140535807 ], [ 120.873003136322097, 22.65627602158192 ], [ 120.87338383877136, 22.656169402615308 ], [ 120.873764523866214, 22.65576582705571 ], [ 120.874099508791019, 22.655103368561683 ], [ 120.874312669609722, 22.654486601830296 ], [ 120.87482277296489, 22.65369469190674 ], [ 120.875360170453959, 22.653074101722694 ], [ 120.875740844873803, 22.652487783650223 ], [ 120.876235740794883, 22.652053745262108 ], [ 120.876677352626857, 22.65187859479007 ], [ 120.877552967010203, 22.651612051217509 ], [ 120.87810117860495, 22.651459738196401 ], [ 120.878672220263283, 22.651094224423556 ], [ 120.879060517309355, 22.650652577133048 ], [ 120.879540168868644, 22.649944425742639 ], [ 120.880240660372039, 22.649731190889046 ], [ 120.880819321985513, 22.649464662266364 ], [ 120.882014724974297, 22.649083888536591 ], [ 120.88257055652015, 22.649030560665857 ], [ 120.883864997134395, 22.649563494529389 ], [ 120.884512204095955, 22.649601533317522 ], [ 120.88565685948447, 22.649452997422756 ], [ 120.886661921469951, 22.649300661417762 ], [ 120.887826902887909, 22.649521416664395 ], [ 120.888611194320347, 22.650061990464984 ], [ 120.889365037510885, 22.650747236952515 ], [ 120.889859971229583, 22.650960411643275 ], [ 120.890530020701306, 22.650998449279896 ], [ 120.891314275653173, 22.650914652827495 ], [ 120.892128987296559, 22.65083085484293 ], [ 120.893111217866519, 22.650868876769266 ], [ 120.893948633915528, 22.651136285906016 ], [ 120.894224654366468, 22.651250486084681 ], [ 120.895224047960994, 22.651821506136109 ], [ 120.895776095534572, 22.652164120560908 ], [ 120.896508967485843, 22.652297333424837 ], [ 120.8974416975786, 22.652192590253403 ], [ 120.898355366100958, 22.651640509607169 ], [ 120.899012074073838, 22.651393012743274 ], [ 120.899668795947491, 22.651383461854625 ], [ 120.900611068216207, 22.651697503121639 ], [ 120.901201170521389, 22.651764098297182 ], [ 120.901538306236048, 22.651736745520626 ], [ 120.901236863805536, 22.651397655874639 ], [ 120.901008411256129, 22.650929389693541 ], [ 120.900917009818897, 22.65039258817453 ], [ 120.90106540746325, 22.649044854708002 ], [ 120.901156719496996, 22.648051187724985 ], [ 120.901133812266963, 22.646943312422348 ], [ 120.900863913080897, 22.645711812819513 ], [ 120.900646894473155, 22.6454605527897 ], [ 120.90024710035911, 22.64460396739738 ], [ 120.899413279705257, 22.64342760444999 ], [ 120.89856805713535, 22.642582462869502 ], [ 120.898054075773018, 22.642159896674634 ], [ 120.897871321612584, 22.641920056325521 ], [ 120.897585782784034, 22.641794435214816 ], [ 120.897003272529389, 22.641349029652215 ], [ 120.896192347749647, 22.641086378087916 ], [ 120.895221503991934, 22.640458249548089 ], [ 120.893999371845709, 22.639476070032945 ], [ 120.893829927985308, 22.638987813412079 ], [ 120.893586224655095, 22.638135027289906 ], [ 120.893388230369709, 22.637693409515929 ], [ 120.89332723608652, 22.636307615216214 ], [ 120.893220591437426, 22.635515736370085 ], [ 120.893113976123047, 22.635226399424724 ], [ 120.892870279025033, 22.634480213098232 ], [ 120.892687486426169, 22.633581738283681 ], [ 120.892382865280581, 22.632652812510162 ], [ 120.891956409367296, 22.631586835979856 ], [ 120.891514741106462, 22.630794973978279 ], [ 120.890722800438397, 22.629652873109595 ], [ 120.890283129193691, 22.629157967583954 ], [ 120.889483555030338, 22.627684646294046 ], [ 120.888912438056238, 22.626759541047218 ], [ 120.888501230273576, 22.626032398812765 ], [ 120.888556394614767, 22.625912691291198 ], [ 120.888135705977206, 22.625278604331463 ], [ 120.887572205180547, 22.624387762918186 ], [ 120.886841190351092, 22.623458858567538 ], [ 120.886830276554676, 22.62344819883165 ], [ 120.886211716155273, 22.622844037801514 ], [ 120.885594943462706, 22.622421476746588 ], [ 120.884606965494356, 22.62175337409872 ], [ 120.884471594185982, 22.62168981616859 ], [ 120.884400663883056, 22.62195586998368 ], [ 120.883532693416058, 22.622732569289131 ], [ 120.883334746226112, 22.623098064263967 ], [ 120.882086081301452, 22.624118439394721 ], [ 120.880776511873364, 22.625291103021485 ], [ 120.879908563619026, 22.626448515910432 ], [ 120.87919289883763, 22.627605921147904 ], [ 120.878050861669379, 22.629128832857727 ], [ 120.877160075347433, 22.630362389625947 ], [ 120.876809876686735, 22.631276119813492 ], [ 120.874540924067716, 22.632494517352146 ], [ 120.873261790900514, 22.633316923004315 ], [ 120.871525805536507, 22.63410889455086 ], [ 120.870292328961824, 22.634443984534524 ], [ 120.868648708954524, 22.634894324458124 ], [ 120.867004082992665, 22.635503548904463 ], [ 120.866151313314944, 22.635808162661192 ], [ 120.865839210052641, 22.635788256691583 ], [ 120.865827145701218, 22.636916381091542 ], [ 120.865796705897822, 22.637205724946735 ], [ 120.864974407139371, 22.637753993869474 ], [ 120.864213026215666, 22.638378402447536 ], [ 120.863786660936071, 22.638865737284657 ], [ 120.863466918096947, 22.639764237433326 ], [ 120.863192817621922, 22.639931765199854 ], [ 120.862440089838842, 22.640962775461201 ], [ 120.861724399295852, 22.641678553011584 ], [ 120.860216851572332, 22.642683712730882 ], [ 120.858709313629717, 22.643856386437001 ], [ 120.858396314340368, 22.64385640218482 ], [ 120.858811896131101, 22.644422498420816 ], [ 120.859097463227513, 22.645031625799199 ], [ 120.859373515943162, 22.645697860694522 ], [ 120.859811394871727, 22.646792390236691 ], [ 120.860144559454213, 22.647553800654578 ], [ 120.860449162546402, 22.64817244491239 ], [ 120.861077400276145, 22.649343107589964 ], [ 120.861757201196411, 22.650665854818186 ], [ 120.862204642346555, 22.652521811053386 ], [ 120.862556845573252, 22.653337948086218 ], [ 120.862766284294963, 22.654175507443625 ], [ 120.863147076414108, 22.655603164240727 ], [ 120.863166146335061, 22.656193269346208 ], [ 120.862926383746199, 22.657628571653337 ], [ 120.862736103279616, 22.658892550355812 ], [ 120.862591508751137, 22.660171755303519 ], [ 120.86267528380202, 22.66049916477488 ], [ 120.862705765423158, 22.660925562463241 ], [ 120.862705809935491, 22.661686989645116 ], [ 120.862774365988344, 22.662174299591214 ], [ 120.862634630454608, 22.662420076861608 ], [ 120.863075247970542, 22.662428694336587 ], [ 120.863669138166188, 22.662165972055281 ] ] ] ] } },
{ "type": "Feature", "properties": { "番號": "1", "類型": null, "分區": "要", "郡\n支廳": "大武", "庄 (區)": "太麻里", "大字": "羅打結", "地名": "羅打結", "土地\n類型": "山林", "面積\n(公頃)": "120.63", "區分理由": "第七條第三號 (八)", "地        況": "位於羅打結溪源頭之南向陡坡地。基岩方面，稜線附近為閃綠岩 (火成岩類)，以下為結晶片岩所構成。土壤質地為黏質壤土，摻雜石礫，濕度偏乾，結合度較軟，地力尚可。海拔高度介於333至970公尺。\n東側以稜線與要存置林野104鄰接。北側以稜線與要存置林野102相鄰。西南側以溪流與要存置林野2相連。", "林        況": "南方有少許的蕃人的現耕地及同開墾舊跡。其餘則為樹種以栲櫧植物、櫟屬植物為主的闊葉林。", "參  考  事  項": null }, "geometry": { "type": "MultiPolygon", "coordinates": [ [ [ [ 120.987809809273301, 22.666278418100536 ], [ 120.988471764648452, 22.666250108863512 ], [ 120.988842958843478, 22.666307197198226 ], [ 120.988897884890832, 22.666326374813607 ], [ 120.988897867765175, 22.666033442517858 ], [ 120.989019663793044, 22.665508051766569 ], [ 120.989385090605609, 22.664594320988428 ], [ 120.989537349998045, 22.664183142752233 ], [ 120.989613401805343, 22.662645056419237 ], [ 120.989739451789674, 22.661623151612449 ], [ 120.989910735043964, 22.661014001405526 ], [ 120.989872654730135, 22.660852200089082 ], [ 120.990062947270687, 22.659795710575104 ], [ 120.990738624329822, 22.658415590166211 ], [ 120.991005060817216, 22.657397168173109 ], [ 120.99137621830242, 22.656826079260409 ], [ 120.991528472810785, 22.656331144062992 ], [ 120.991785429405525, 22.655959935480233 ], [ 120.991566493061114, 22.655465018964296 ], [ 120.991372945963548, 22.65511857943071 ], [ 120.991372921940723, 22.654707408864976 ], [ 120.991144479449957, 22.654410463840552 ], [ 120.991018823602218, 22.654033563810735 ], [ 120.990881747832148, 22.653679507164881 ], [ 120.990596198389483, 22.653371143608744 ], [ 120.99035631462587, 22.652731557019859 ], [ 120.98993368341047, 22.651966344174678 ], [ 120.98956817249254, 22.651440977952305 ], [ 120.989469876434171, 22.651294692617064 ], [ 120.989431288032222, 22.651343932342716 ], [ 120.989265695482757, 22.651612343684604 ], [ 120.989134349691525, 22.651589507484243 ], [ 120.988963046847047, 22.651863629816059 ], [ 120.988900235937351, 22.651966425618749 ], [ 120.988911667536158, 22.652143456816031 ], [ 120.988717518507997, 22.652354762571964 ], [ 120.988540489689598, 22.652366192884813 ], [ 120.988386328405952, 22.652805924722788 ], [ 120.988249275655633, 22.652845906535873 ], [ 120.987998020342076, 22.653057215166296 ], [ 120.987895238035392, 22.65321140930191 ], [ 120.987864793526782, 22.653419851469881 ], [ 120.987902878563162, 22.653662554403528 ], [ 120.987574533545327, 22.653938588207321 ], [ 120.987407988280523, 22.654190819276248 ], [ 120.987189098367494, 22.654490642165694 ], [ 120.987141527590452, 22.654795215352657 ], [ 120.986927405988851, 22.655256841236884 ], [ 120.986560998178021, 22.655670885598948 ], [ 120.986437683695527, 22.656000050344922 ], [ 120.986252090768758, 22.656042889953341 ], [ 120.986018915665369, 22.656195187085448 ], [ 120.985871398044694, 22.656314167476065 ], [ 120.985790515547251, 22.656623501259535 ], [ 120.985609692878413, 22.656861456293061 ], [ 120.98543361905611, 22.656928090016152 ], [ 120.985290855565282, 22.656966168550664 ], [ 120.985157620355892, 22.657185085515078 ], [ 120.984491408714916, 22.657670528750231 ], [ 120.983672906969076, 22.658041765603553 ], [ 120.982959094240584, 22.658313059896496 ], [ 120.981988306836911, 22.658646233067973 ], [ 120.981569540194613, 22.658865164406382 ], [ 120.981217388653775, 22.658931806993543 ], [ 120.980779579351065, 22.659027007404546 ], [ 120.979999146789027, 22.659369688835149 ], [ 120.979114026597543, 22.659836107423526 ], [ 120.978704782674143, 22.660140698822552 ], [ 120.978247944059049, 22.660340596405518 ], [ 120.977886282032657, 22.660530971360494 ], [ 120.977678805090179, 22.660688977906936 ], [ 120.977381859516996, 22.660810821174682 ], [ 120.976685860679424, 22.66119288780132 ], [ 120.977317228085226, 22.661954041022291 ], [ 120.978185297057948, 22.662867709723262 ], [ 120.979175179423933, 22.663552944188904 ], [ 120.979738645035269, 22.663842258081324 ], [ 120.981185376803055, 22.664512241003003 ], [ 120.982160014797316, 22.664923362511271 ], [ 120.983028042815178, 22.665136518367259 ], [ 120.983941763872835, 22.665486728780717 ], [ 120.984855484038462, 22.665821710653169 ], [ 120.985982400113073, 22.666141453250567 ], [ 120.986957025633558, 22.666339375196358 ], [ 120.987809809273301, 22.666278418100536 ] ] ] ] } },
{ "type": "Feature", "properties": { "番號": "103", "類型": null, "分區": "要", "郡\n支廳": "大武", "庄 (區)": null, "大字": null, "地名": "Mariburu社蕃地", "土地\n類型": "山林", "面積\n(公頃)": "41.63", "區分理由": "第七條第一號", "地        況": "位於知本溪中游右岸，為北向地。幾乎為斷崖及絕險地。基岩等與番號3相同。海拔高度介於240至873公尺。\n東側、南側及西側以稜線及斷崖上緣為界，為要存置林野102環繞。北側以知本溪與前次調查完畢之臺東支廳為界。", "林        況": "幾乎全為斷崖及地勢絕險地，樹種為栲櫧植物、櫟屬植物類的闊葉林。", "參  考  事  項": "依據昭和4年末的治水調查結果，編入為水源涵養保安林，目前正進行編入手續中。(詳情參見〈保安林編入調書〉)\r" }, "geometry": { "type": "MultiPolygon", "coordinates": [ [ [ [ 120.95409608396487, 22.667631670056899 ], [ 120.953837159375027, 22.666900713135725 ], [ 120.953167056139293, 22.665941348804854 ], [ 120.952923350994027, 22.665058105707196 ], [ 120.952649167796537, 22.663809379163741 ], [ 120.952268411120144, 22.662987057128372 ], [ 120.952253131145653, 22.662103802529366 ], [ 120.952024699751533, 22.661997214243328 ], [ 120.950928271429476, 22.66221046901304 ], [ 120.950578031973947, 22.662423686217604 ], [ 120.948933378802238, 22.662560825884498 ], [ 120.947974011802856, 22.662880673543501 ], [ 120.946755752264295, 22.663017791746121 ], [ 120.94637505433667, 22.663200553404831 ], [ 120.945628882373683, 22.663489933251409 ], [ 120.944842224577968, 22.663610999784257 ], [ 120.945090001103893, 22.663871792023315 ], [ 120.945385057511061, 22.663995509064208 ], [ 120.94565156856207, 22.664252477276211 ], [ 120.946184565068563, 22.664328593146056 ], [ 120.946593847412544, 22.664680732550572 ], [ 120.9471173595892, 22.665327919185508 ], [ 120.947764588709049, 22.665746671474807 ], [ 120.94853553755317, 22.665984578609404 ], [ 120.949249365080163, 22.665965506990943 ], [ 120.950077429672845, 22.66636521449616 ], [ 120.950448624301941, 22.666429123951481 ], [ 120.950585756865749, 22.66775400010679 ], [ 120.951126384011914, 22.668111843594822 ], [ 120.95237512604605, 22.668416351531 ], [ 120.953014727632137, 22.66860667608373 ], [ 120.953646707921507, 22.668675172693082 ], [ 120.95420398851482, 22.668989391915318 ], [ 120.954215784945674, 22.669006631007967 ], [ 120.95409608396487, 22.667631670056899 ] ] ] ] } },
{ "type": "Feature", "properties": { "番號": "85", "類型": null, "分區": "要", "郡\n支廳": "〃", "庄 (區)": null, "大字": null, "地名": "斗里斗里社蕃地", "土地\n類型": "山林", "面積\n(公頃)": "677", "區分理由": "第七條第一號", "地        況": "知本溪源頭右岸之地。地勢與番號84相同，基岩及土壤狀況等，與番號38相同。海拔高度介於1,000至2,363公尺。\n東側以溪流與要存置林野86相鄰。北側以溪流與前次調查完畢之臺東支廳接壤。西側以中央山脈與高雄州為界。南側以稜線與要存置林野84鄰接。", "林        況": "同上", "參  考  事  項": "依據昭和4年末的治水調查結果，編入為水源涵養保安林預定地，目前正進行編入手續中。(詳情參見〈保安林編入調書〉)\r" }, "geometry": { "type": "MultiPolygon", "coordinates": [ [ [ [ 120.788131403532788, 22.671387265638621 ], [ 120.78920497450153, 22.670913223058474 ], [ 120.791192233454225, 22.670216416968639 ], [ 120.792174449682093, 22.670005071415062 ], [ 120.793830499690472, 22.669439628226371 ], [ 120.795426606269459, 22.669185421468377 ], [ 120.798201979738025, 22.669299495763894 ], [ 120.798521763730108, 22.669105315697013 ], [ 120.801791325954767, 22.668084933625043 ], [ 120.802111107272921, 22.66784506792369 ], [ 120.802442301837218, 22.667468144737217 ], [ 120.803001928996366, 22.667216845547578 ], [ 120.804566601855313, 22.666531482189509 ], [ 120.806028494036426, 22.666028866559149 ], [ 120.806656656780191, 22.665914620831373 ], [ 120.807250555736729, 22.665800376829676 ], [ 120.807981488465657, 22.665320640835446 ], [ 120.808860921646186, 22.665252068091181 ], [ 120.809534761420167, 22.665000763156254 ], [ 120.810996681637008, 22.664977846714464 ], [ 120.813178106629053, 22.664360980771697 ], [ 120.814183154313625, 22.663961180845117 ], [ 120.814640000119425, 22.66388120797663 ], [ 120.815111343916385, 22.663518554507384 ], [ 120.816282011025933, 22.663309103059284 ], [ 120.816691267347608, 22.663213904043083 ], [ 120.817909531948345, 22.663156735651068 ], [ 120.818556725659676, 22.662966346246833 ], [ 120.818975501367007, 22.662899700274256 ], [ 120.819917728760217, 22.662442796475755 ], [ 120.8207267331385, 22.662414202216631 ], [ 120.822858656936162, 22.661643149775621 ], [ 120.823087069373187, 22.661424227940824 ], [ 120.823562901306516, 22.660500973445167 ], [ 120.824095849009566, 22.65973951936569 ], [ 120.824209236770173, 22.659196996744914 ], [ 120.824704113046948, 22.658426026744753 ], [ 120.824942019837493, 22.657807355132153 ], [ 120.825132336369862, 22.657160132394562 ], [ 120.825246532297982, 22.656874591429709 ], [ 120.826559970717867, 22.656760311221753 ], [ 120.82692163844132, 22.656665114609631 ], [ 120.827426056359286, 22.656303411277875 ], [ 120.828120841432153, 22.656160608694559 ], [ 120.828748995802442, 22.655903595380394 ], [ 120.82957701501887, 22.655522840080391 ], [ 120.829662663912046, 22.65534199680059 ], [ 120.830309863729056, 22.655256303657275 ], [ 120.831166421635189, 22.654628083073035 ], [ 120.831617305063872, 22.654312187048934 ], [ 120.832578576777181, 22.654007567769902 ], [ 120.833035421675376, 22.653912366370566 ], [ 120.833220153624026, 22.653956340823029 ], [ 120.832658980389041, 22.653242192518078 ], [ 120.831867020830927, 22.651780292099819 ], [ 120.831729937218938, 22.651292985572599 ], [ 120.831729879384241, 22.650303130177555 ], [ 120.831866893595389, 22.649602610231383 ], [ 120.832354166946004, 22.649023901015454 ], [ 120.832628252312091, 22.648597487974776 ], [ 120.833069829052818, 22.647820809982122 ], [ 120.83378552941447, 22.647272546364146 ], [ 120.834455543840576, 22.646709056502598 ], [ 120.834682169642193, 22.646379375319448 ], [ 120.833277497874732, 22.645107699492975 ], [ 120.833009453832787, 22.64467788731195 ], [ 120.831456086662755, 22.643383539186456 ], [ 120.830648942377692, 22.642667838203057 ], [ 120.829400172419739, 22.641891245257764 ], [ 120.828654012674562, 22.642393824769947 ], [ 120.827283501296989, 22.643079178232952 ], [ 120.826019567013347, 22.64339904126474 ], [ 120.824907910879816, 22.643627525368402 ], [ 120.824100820834431, 22.643840765603837 ], [ 120.822517104553128, 22.644389072903042 ], [ 120.821177028510547, 22.644708939773555 ], [ 120.820963858307323, 22.645165806846133 ], [ 120.820811597053677, 22.645546528129863 ], [ 120.820404270774048, 22.646095410765493 ], [ 120.819536345608952, 22.647648766024133 ], [ 120.818919658852423, 22.648699566661165 ], [ 120.818108810646109, 22.649750377073378 ], [ 120.816875325700181, 22.649944603102213 ], [ 120.81551621420941, 22.650264470951956 ], [ 120.814328420977432, 22.650572908772205 ], [ 120.813460433090526, 22.651052651631176 ], [ 120.812306933671877, 22.651875051130002 ], [ 120.811233367736648, 22.652434754204165 ], [ 120.810468175210062, 22.652983020349843 ], [ 120.809815752462782, 22.653271443766808 ], [ 120.808799292834806, 22.6538311439731 ], [ 120.807862767356141, 22.654139569159423 ], [ 120.806983330165139, 22.654139613428935 ], [ 120.806138146746775, 22.653968334838115 ], [ 120.804196504124704, 22.653488733394273 ], [ 120.80273454917355, 22.652917736527865 ], [ 120.801067066891861, 22.653294726965946 ], [ 120.800199072974564, 22.653671677162365 ], [ 120.79902272499443, 22.654391285159864 ], [ 120.797435220908127, 22.65527081358935 ], [ 120.796327393156005, 22.655864782643839 ], [ 120.794723770576923, 22.656441842835957 ], [ 120.793638760088285, 22.656603700759909 ], [ 120.791906578093446, 22.657336661738093 ], [ 120.790897739948818, 22.658021997097123 ], [ 120.790431393977045, 22.658402734225888 ], [ 120.789098979538764, 22.659535424421385 ], [ 120.788014015220881, 22.66048726317943 ], [ 120.786929044225914, 22.661324887846995 ], [ 120.786703171722422, 22.661421705392236 ], [ 120.787063171551225, 22.662034265474645 ], [ 120.787596203882686, 22.662719523207009 ], [ 120.787839869954311, 22.662932710581792 ], [ 120.788068325484844, 22.663450469643895 ], [ 120.78829682286991, 22.664683970369484 ], [ 120.788098881922153, 22.665156065267134 ], [ 120.787961922953016, 22.66680075514455 ], [ 120.787946769418369, 22.668079953782044 ], [ 120.78739458510303, 22.668874592640094 ], [ 120.787862892283599, 22.669479903759949 ], [ 120.788102775212053, 22.670102358499879 ], [ 120.78812565715603, 22.670776220513904 ], [ 120.788028601477791, 22.67120452826363 ], [ 120.787800190587845, 22.671450100076825 ], [ 120.788131403532788, 22.671387265638621 ] ] ] ] } },
{ "type": "Feature", "properties": { "番號": "102", "類型": null, "分區": "要", "郡\n支廳": "〃", "庄 (區)": null, "大字": null, "地名": "Mariburu社蕃地", "土地\n類型": "山林", "面積\n(公頃)": "599.5", "區分理由": "第七條第三號 (イ)", "地        況": "位於知本溪中游右岸，為北向地。溪畔形成斷崖及絕險地，惟整體多為陡坡地，少部分為緩坡地。基岩部分為閃綠岩、部分為結晶片岩，另有部分為下部黏板岩。土壤質地為黏質壤土，摻雜石礫，濕度或潤或乾，結合度較軟。地力雖有瘠惡之處，惟大多屬於尚可。海拔高度約在121至1,367公尺。\n東側以行政區域，北側以知本溪與前次調查完畢之臺東支廳為界；另有部分以小稜線或斷崖上緣，環繞要存置林野103。西側以溪流與要存置林野99相鄰。南側以稜線與要存置林野101、4、2、1及準要存置林野104、不要存置林野一接壤。", "林        況": "與番號86相同。", "參  考  事  項": null }, "geometry": { "type": "MultiPolygon", "coordinates": [ [ [ [ 120.991736252988105, 22.692100636637097 ], [ 120.991955107476585, 22.691196431055072 ], [ 120.992430944150257, 22.690358837384579 ], [ 120.992859217327961, 22.689949548793795 ], [ 120.993277964991137, 22.689407010961258 ], [ 120.994172573847109, 22.688445664306418 ], [ 120.995181388588293, 22.687370097853147 ], [ 120.99547640485676, 22.686808530586831 ], [ 120.99576188948555, 22.686009017869662 ], [ 120.995990274516274, 22.685323722078202 ], [ 120.996199636931649, 22.684857337503171 ], [ 120.996437549704723, 22.684343362303764 ], [ 120.996742090376003, 22.683896008608755 ], [ 120.997170340722604, 22.683096488703821 ], [ 120.997370179300503, 22.682525408401769 ], [ 120.997703236916223, 22.681459393853814 ], [ 120.997969686129707, 22.680659882105029 ], [ 120.99847407541165, 22.679812769185052 ], [ 120.999206873683889, 22.678689627483354 ], [ 120.999454319213797, 22.678432633415319 ], [ 120.999911132179832, 22.677794915315182 ], [ 121.000577308686431, 22.676709848325583 ], [ 121.001548033114162, 22.675301159539039 ], [ 121.002537786850837, 22.673787773593197 ], [ 121.002673810857971, 22.673531880602066 ], [ 121.002222981151178, 22.673156225334008 ], [ 121.001366355723661, 22.672623269598194 ], [ 121.000490695980304, 22.672109350493542 ], [ 120.999824429283322, 22.671652527865049 ], [ 120.998522736109294, 22.670787231664402 ], [ 120.997647070797044, 22.670178134182738 ], [ 120.996771412162644, 22.6696832507448 ], [ 120.995096296708127, 22.669721406444513 ], [ 120.995039154805085, 22.669112267741038 ], [ 120.994734540093077, 22.668293749080146 ], [ 120.994582234407304, 22.667913043261169 ], [ 120.994446638108201, 22.667876203377226 ], [ 120.993925501697689, 22.667734616880992 ], [ 120.993440085477062, 22.667515731066153 ], [ 120.992992743451566, 22.667353950357366 ], [ 120.992573958463325, 22.667258793071081 ], [ 120.992145647969863, 22.66703038654283 ], [ 120.991660229521756, 22.666773429377667 ], [ 120.991346139388597, 22.666678266819535 ], [ 120.9907465172722, 22.666573600800092 ], [ 120.989947029277019, 22.666573641053706 ], [ 120.989442587083445, 22.666516559428217 ], [ 120.988897884890832, 22.666326374813607 ], [ 120.988842958843478, 22.666307197198226 ], [ 120.988471764648452, 22.666250108863512 ], [ 120.987809809273301, 22.666278418100536 ], [ 120.986957025633558, 22.666339375196358 ], [ 120.985982400113073, 22.666141453250567 ], [ 120.984855484038462, 22.665821710653169 ], [ 120.983941763872835, 22.665486728780717 ], [ 120.983028042815178, 22.665136518367259 ], [ 120.982160014797316, 22.664923362511271 ], [ 120.981185376803055, 22.664512241003003 ], [ 120.979738645035269, 22.663842258081324 ], [ 120.979175179423933, 22.663552944188904 ], [ 120.978185297057948, 22.662867709723262 ], [ 120.977317228085226, 22.661954041022291 ], [ 120.976685860679424, 22.66119288780132 ], [ 120.976120195953911, 22.660510943302299 ], [ 120.975282576995184, 22.659483059011148 ], [ 120.974673413224423, 22.658969126445925 ], [ 120.973588341474354, 22.658074504330802 ], [ 120.973302806698229, 22.658017411677122 ], [ 120.972103525708036, 22.657179902331919 ], [ 120.971056520365366, 22.656209135592309 ], [ 120.970866151611915, 22.65596168139545 ], [ 120.969914353447109, 22.655504873091889 ], [ 120.96915672355712, 22.655166076201542 ], [ 120.968768386781946, 22.654926246236617 ], [ 120.968459995473808, 22.654629305222119 ], [ 120.968242982902254, 22.654480837876143 ], [ 120.967866076059195, 22.654389485602625 ], [ 120.967523421645083, 22.6541039677168 ], [ 120.96732719633286, 22.653802357316049 ], [ 120.967216646721965, 22.653719453233617 ], [ 120.967022616114164, 22.653573944539566 ], [ 120.966565755238946, 22.653393128614489 ], [ 120.966375398162683, 22.653345549005614 ], [ 120.966042269247481, 22.653193280366711 ], [ 120.965185671577572, 22.653136216447223 ], [ 120.963919808830738, 22.653022066096675 ], [ 120.962558769486932, 22.652917438372945 ], [ 120.961226279391099, 22.652746184347617 ], [ 120.960360160103761, 22.652622496041722 ], [ 120.959551147660378, 22.652508322699415 ], [ 120.959198994986934, 22.652555929609651 ], [ 120.958599370602656, 22.652413192216713 ], [ 120.95799023072702, 22.652308526653574 ], [ 120.95734301609788, 22.652137238141361 ], [ 120.956495937236639, 22.652099209416374 ], [ 120.955138816103371, 22.651724909418025 ], [ 120.954240297540295, 22.6509330705175 ], [ 120.954042312164475, 22.650643738207279 ], [ 120.953783393841917, 22.650019381067974 ], [ 120.953143737562471, 22.648892501242575 ], [ 120.952336550821656, 22.647445830489385 ], [ 120.952062397044998, 22.646699645787955 ], [ 120.951910054015926, 22.645679341225247 ], [ 120.951919135209536, 22.644723597554357 ], [ 120.952299790459719, 22.643809865964293 ], [ 120.95185817381244, 22.643901259423874 ], [ 120.95109675659981, 22.643901297726938 ], [ 120.950685530837688, 22.642865777644658 ], [ 120.949771751933596, 22.641525712025228 ], [ 120.948659998333184, 22.640079056574283 ], [ 120.948416322597041, 22.639698355311364 ], [ 120.948248810808963, 22.639698363736606 ], [ 120.947213213158193, 22.638495361100745 ], [ 120.946284213920435, 22.637292353099539 ], [ 120.945583641630336, 22.636119790688724 ], [ 120.945065833475454, 22.635358389687067 ], [ 120.944334790725563, 22.633949786420825 ], [ 120.943801738233176, 22.632914272447056 ], [ 120.94319255290695, 22.6320310477081 ], [ 120.943068891729951, 22.631878864522989 ], [ 120.942519811971138, 22.632247824314145 ], [ 120.94170891195121, 22.632407764766668 ], [ 120.940840906970251, 22.632590550902933 ], [ 120.940212745083855, 22.632716217951156 ], [ 120.939493215127811, 22.632876153811331 ], [ 120.938568105182767, 22.633081785632196 ], [ 120.93809984091331, 22.633207444641815 ], [ 120.937505938799632, 22.633264581534366 ], [ 120.937026251937198, 22.633367398306966 ], [ 120.936375243528687, 22.633424538071392 ], [ 120.935347335583586, 22.633515961005898 ], [ 120.934296583785269, 22.633584542277656 ], [ 120.934056728021034, 22.63342465465643 ], [ 120.933268655171531, 22.633321901631174 ], [ 120.932297843458372, 22.633241048822601 ], [ 120.931429817794921, 22.633069771381585 ], [ 120.930915851818554, 22.632909897542664 ], [ 120.930344794878096, 22.633012718911019 ], [ 120.929830824901131, 22.632784316635931 ], [ 120.929168369894185, 22.632407443548999 ], [ 120.928677253098058, 22.632361782619672 ], [ 120.927980536312532, 22.632019175472003 ], [ 120.927238117828125, 22.631391035470767 ], [ 120.926525313302406, 22.631000459224339 ], [ 120.926144599118132, 22.630905299982903 ], [ 120.92562111142152, 22.630676898182571 ], [ 120.924828769582476, 22.630329736451781 ], [ 120.924870669713059, 22.630378615132841 ], [ 120.924861171296854, 22.630709360494784 ], [ 120.924769218824494, 22.630945852863995 ], [ 120.924838298670224, 22.631008919745391 ], [ 120.925215230207343, 22.631522864066589 ], [ 120.925477953821087, 22.632116763972181 ], [ 120.92571783558455, 22.632722086432167 ], [ 120.926071949268675, 22.633658623923537 ], [ 120.926394101045815, 22.634896973676419 ], [ 120.926439857412163, 22.636119061825216 ], [ 120.926382850455866, 22.637820854198498 ], [ 120.926394370395471, 22.639511221720717 ], [ 120.926287650905422, 22.640833730737175 ], [ 120.926059272963172, 22.641642758491248 ], [ 120.925888007430913, 22.64255647959644 ], [ 120.925907097328121, 22.643489226803609 ], [ 120.925716776360716, 22.644060306684963 ], [ 120.925431270455036, 22.644498141617216 ], [ 120.925155283377336, 22.64495501174812 ], [ 120.925145790118563, 22.645373797118403 ], [ 120.924964956298041, 22.645421395408629 ], [ 120.924669934345843, 22.645887784336811 ], [ 120.924698498054724, 22.646068621830821 ], [ 120.924622361886975, 22.646163804046214 ], [ 120.924384431221654, 22.646373208463782 ], [ 120.924165543770314, 22.646715861662464 ], [ 120.924003959836639, 22.64704030911231 ], [ 120.923756506452463, 22.647164053463158 ], [ 120.923623270661139, 22.647373452614055 ], [ 120.923594731411484, 22.647611400012746 ], [ 120.923442451294093, 22.647668514705845 ], [ 120.923147423785053, 22.64803972525273 ], [ 120.922928530219508, 22.648277682229754 ], [ 120.922785773377356, 22.648429974829327 ], [ 120.922690615121283, 22.648753586127604 ], [ 120.922462204396368, 22.649001061422791 ], [ 120.922243301379922, 22.649077215145994 ], [ 120.922138623740693, 22.649372273408378 ], [ 120.921862613873188, 22.649438912166705 ], [ 120.92160566112041, 22.649876745670259 ], [ 120.921405790755387, 22.649905309243536 ], [ 120.921415314031265, 22.650000487150013 ], [ 120.921253517865736, 22.650086155838725 ], [ 120.921196417130403, 22.650181337097802 ], [ 120.921015586089098, 22.650276524583131 ], [ 120.921025111589117, 22.65040977384394 ], [ 120.920929943882655, 22.650571581888851 ], [ 120.920758627777147, 22.650619179702613 ], [ 120.920615869823166, 22.650752436626657 ], [ 120.92056829625632, 22.651009420662675 ], [ 120.920435062135056, 22.651247373332147 ], [ 120.920273266525328, 22.651342559860176 ], [ 120.920130531925835, 22.651875566004875 ], [ 120.919759351015088, 22.652046905779311 ], [ 120.919721290716794, 22.652227746628455 ], [ 120.919649647127414, 22.652299398933085 ], [ 120.919842173824989, 22.652460857418383 ], [ 120.919956420447946, 22.653043343391921 ], [ 120.92043620942539, 22.65468800175729 ], [ 120.920653236038149, 22.655076318649613 ], [ 120.92131424544236, 22.655145384888577 ], [ 120.922536316151763, 22.655076794942815 ], [ 120.924546456394239, 22.655053850958307 ], [ 120.9250261566105, 22.655179462283158 ], [ 120.926568070609761, 22.655933197486291 ], [ 120.92804141366959, 22.655944544735707 ], [ 120.929411952046593, 22.655727469037295 ], [ 120.930257114518326, 22.655544684001029 ], [ 120.931227919510562, 22.655510370921174 ], [ 120.93174189150389, 22.655773037392169 ], [ 120.932404380572734, 22.656732402156955 ], [ 120.933009738653965, 22.657269177771429 ], [ 120.933512305406893, 22.657805958558853 ], [ 120.934012032286404, 22.65806408890727 ], [ 120.935335018108361, 22.658463771523387 ], [ 120.936191641986071, 22.658968173834499 ], [ 120.936943583230445, 22.659681973856483 ], [ 120.937429010640244, 22.660091216467446 ], [ 120.938000082468946, 22.660243473132134 ], [ 120.938894752171365, 22.660319570800542 ], [ 120.939741819387436, 22.660157724908306 ], [ 120.9400463901748, 22.660224334444081 ], [ 120.940703152591752, 22.660909585735805 ], [ 120.941569310310811, 22.661690004866522 ], [ 120.942254616972903, 22.662222969306139 ], [ 120.943024591783086, 22.662758308941232 ], [ 120.943747940929882, 22.662805861715132 ], [ 120.944366610229466, 22.663110401389797 ], [ 120.944842224577968, 22.663610999784257 ], [ 120.945628882373683, 22.663489933251409 ], [ 120.94637505433667, 22.663200553404831 ], [ 120.946755752264295, 22.663017791746121 ], [ 120.947974011802856, 22.662880673543501 ], [ 120.948933378802238, 22.662560825884498 ], [ 120.950578031973947, 22.662423686217604 ], [ 120.950928271429476, 22.66221046901304 ], [ 120.952024699751533, 22.661997214243328 ], [ 120.952253131145653, 22.662103802529366 ], [ 120.952268411120144, 22.662987057128372 ], [ 120.952649167796537, 22.663809379163741 ], [ 120.952923350994027, 22.665058105707196 ], [ 120.953167056139293, 22.665941348804854 ], [ 120.953837159375027, 22.666900713135725 ], [ 120.95409608396487, 22.667631670056899 ], [ 120.954215784945674, 22.669006631007967 ], [ 120.954327729385525, 22.669170224606152 ], [ 120.95524522889724, 22.669211507634877 ], [ 120.955868728443534, 22.669863285242982 ], [ 120.956767249722148, 22.670700809735543 ], [ 120.958252076048453, 22.671774347078955 ], [ 120.95973685962106, 22.672116914466166 ], [ 120.96156428938616, 22.672604135730101 ], [ 120.962980557424558, 22.673152291861559 ], [ 120.963810508839856, 22.673266464114931 ], [ 120.965295235389434, 22.672634404905246 ], [ 120.96591197662849, 22.672520159790047 ], [ 120.966376437992963, 22.672466836506327 ], [ 120.967503340765646, 22.672558150994078 ], [ 120.968249552759204, 22.672954055462522 ], [ 120.970221697176612, 22.67421792498552 ], [ 120.972018715640061, 22.675481803320441 ], [ 120.972544117539925, 22.675892947444122 ], [ 120.974127940083264, 22.677172065047543 ], [ 120.974858910363452, 22.67733954216898 ], [ 120.975787849105203, 22.677507009317729 ], [ 120.976602581952108, 22.677788696270145 ], [ 120.977699046720261, 22.678199811620921 ], [ 120.978658471097773, 22.678862204785617 ], [ 120.979663590304838, 22.67969210958676 ], [ 120.980112843801933, 22.679989043486067 ], [ 120.981772732308542, 22.679973731324004 ], [ 120.9829529231029, 22.679874686358414 ], [ 120.984194025483845, 22.67974518124478 ], [ 120.98564071583634, 22.679707037014616 ], [ 120.985922467801231, 22.680179107557617 ], [ 120.986600203016835, 22.681443042225272 ], [ 120.986866744908355, 22.6822272986008 ], [ 120.987034293216098, 22.682851660294645 ], [ 120.987293203116224, 22.683331346256079 ], [ 120.987940464277742, 22.684298325925702 ], [ 120.988321218301209, 22.685074962274001 ], [ 120.98850397802272, 22.685409980942012 ], [ 120.988823789264359, 22.685684078544543 ], [ 120.989387254436195, 22.685965778138776 ], [ 120.989798440190796, 22.686316013835249 ], [ 120.990042106599063, 22.686536815384173 ], [ 120.990110650185386, 22.686810925646917 ], [ 120.990247764099905, 22.687816002366052 ], [ 120.990293516876136, 22.688973369087609 ], [ 120.99036206893328, 22.68939215047839 ], [ 120.990483934900524, 22.690062200089471 ], [ 120.990765706937054, 22.690876912769689 ], [ 120.99126828949916, 22.691684000050099 ], [ 120.991708323660674, 22.692431368505805 ], [ 120.991736252988105, 22.692100636637097 ] ] ] ] } },
{ "type": "Feature", "properties": { "番號": "30", "類型": null, "分區": "要", "郡\n支廳": "大武", "庄 (區)": null, "大字": null, "地名": "Chiyachiyagatoan社蕃地", "土地\n類型": "山林", "面積\n(公頃)": "3,345.00", "區分理由": "第七條第一號", "地        況": "位於大武溪支流Chiyachiyagatoan溪源頭，及Kuwarun溪右岸之地。溪畔及其他區域，崩塌及斷崖地甚多，整體多為陡坡與險峻地。基岩及土壤狀況等，與番號28大致相同，惟濕度偏潤，且地力貧瘠處較多。介於海拔高度273至1,896公尺。\n東側以稜線與要存置林野27、29及準要存置林野131、132為界；另以小溪流與準要存置林野134為界。北側以Kuwarun溪與要存置林野38為界。其餘以中央山脈與高雄州為界。", "林        況": "溪畔有少許的蕃人現耕地及其開墾舊跡。其餘區域為栲櫧植物、櫟屬植物、紅楠類為主要樹種的闊葉原生林，隨處能看見油杉於呈現零星分布生長。", "參  考  事  項": "(1) 依據治水調查之結果，選定編入為水源涵養保安林預定地之一部分。(詳情參見〈保安林編入調查書〉)\n(2) 浸水營越道路通過本區域。\n(3) 設有浸水營警察官吏駐在所。" }, "geometry": { "type": "MultiPolygon", "coordinates": [ [ [ [ 120.788458006534967, 22.414616427972945 ], [ 120.788526466947076, 22.413451440946197 ], [ 120.788536873433046, 22.41235855445132 ], [ 120.78854822556373, 22.411159306048372 ], [ 120.788902185306384, 22.409434655809186 ], [ 120.78909632439499, 22.409046318266025 ], [ 120.78937038928521, 22.408258227463143 ], [ 120.789667281563823, 22.407207443142084 ], [ 120.790204008520831, 22.405951061532615 ], [ 120.790555404447645, 22.405155352610546 ], [ 120.791114959459946, 22.40364769889694 ], [ 120.791366159463038, 22.402471281375025 ], [ 120.791331877248751, 22.402151483662799 ], [ 120.791400366002705, 22.401477617188718 ], [ 120.791651606151234, 22.400997905545701 ], [ 120.79184574985527, 22.400689517864357 ], [ 120.791822870482889, 22.40004992016577 ], [ 120.791902796294906, 22.399650166911474 ], [ 120.791999833770774, 22.398899204514692 ], [ 120.792570853495079, 22.398145363161468 ], [ 120.793107610089763, 22.397402944924412 ], [ 120.793495910661136, 22.397014597723096 ], [ 120.794032696201938, 22.396774721428809 ], [ 120.794615149032509, 22.396226464852063 ], [ 120.794854992263382, 22.396169345869801 ], [ 120.795174783018567, 22.396089380091034 ], [ 120.795551670878382, 22.395849511761217 ], [ 120.795905703056562, 22.395381216415995 ], [ 120.796522412440083, 22.394707322653453 ], [ 120.797100426701661, 22.394211731683786 ], [ 120.797509664501376, 22.393792926359403 ], [ 120.797814226575881, 22.393707250637338 ], [ 120.798023604883326, 22.393507365578255 ], [ 120.798261534155444, 22.393269407739272 ], [ 120.798375730888736, 22.392993384702507 ], [ 120.798508954838965, 22.39257459312325 ], [ 120.799089511032648, 22.39214626143265 ], [ 120.799651040557094, 22.39187021612479 ], [ 120.800098363482093, 22.391698872739841 ], [ 120.800450509765781, 22.391537051933593 ], [ 120.800869288849739, 22.391527513244021 ], [ 120.801050118932764, 22.391413290165499 ], [ 120.801659227733168, 22.39097543921774 ], [ 120.801959973621081, 22.390731767551113 ], [ 120.80225692645017, 22.390731752767174 ], [ 120.802702351747769, 22.390663202146527 ], [ 120.802942189714329, 22.390514711908605 ], [ 120.803102086076024, 22.390491861133231 ], [ 120.803547507426998, 22.39035478206829 ], [ 120.803890151881291, 22.390468979084403 ], [ 120.804369839649681, 22.390377583943682 ], [ 120.804940894888006, 22.390240498624689 ], [ 120.80534063118705, 22.390103421834809 ], [ 120.805763220532072, 22.390149086426408 ], [ 120.806071601196763, 22.390263285148205 ], [ 120.806379972655009, 22.390217584166454 ], [ 120.806676914302074, 22.390023405457711 ], [ 120.806951027232827, 22.390069077440991 ], [ 120.807510671726305, 22.390114735209227 ], [ 120.807921837176224, 22.390114714739877 ], [ 120.808291293225267, 22.389858116133382 ], [ 120.808023628113702, 22.389171548574407 ], [ 120.807840816244578, 22.387926624272115 ], [ 120.807306773110284, 22.386204873695668 ], [ 120.806552847509082, 22.384080529450895 ], [ 120.806096795026576, 22.382898288298467 ], [ 120.805964156910562, 22.382554445766804 ], [ 120.805805692545803, 22.38255662442721 ], [ 120.805120425993735, 22.382716558235135 ], [ 120.804537950146667, 22.382865065520242 ], [ 120.803601404640787, 22.382830847908739 ], [ 120.802516398494092, 22.383070751464832 ], [ 120.801883655607256, 22.383352260343795 ], [ 120.801843260152765, 22.383013100200046 ], [ 120.802064046691711, 22.382586689999602 ], [ 120.80240652464127, 22.379807463808909 ], [ 120.802768078575482, 22.377732556801416 ], [ 120.802681843890099, 22.376006025004617 ], [ 120.802339085119726, 22.373904503094508 ], [ 120.802340881171787, 22.372035675219351 ], [ 120.803264026551403, 22.370760238807133 ], [ 120.803755476498495, 22.370052392100959 ], [ 120.803906064348809, 22.369835496943804 ], [ 120.804151638944191, 22.369481790185617 ], [ 120.804814011094507, 22.368419566358551 ], [ 120.805327896326204, 22.367174607403616 ], [ 120.805558144056505, 22.365764686675337 ], [ 120.805634195519502, 22.364194239393399 ], [ 120.805729257807656, 22.362195488396022 ], [ 120.805653069006325, 22.361376957998207 ], [ 120.805513231192293, 22.361222668988692 ], [ 120.805449390353488, 22.3612726524076 ], [ 120.805141011995929, 22.361198428594047 ], [ 120.804587044652621, 22.360570278739125 ], [ 120.804187280044459, 22.36021509284981 ], [ 120.802165618089006, 22.358501982271388 ], [ 120.80066936703588, 22.35735991592701 ], [ 120.799161688155152, 22.356103636070664 ], [ 120.798339319168946, 22.355441235324399 ], [ 120.797681983098926, 22.35470344508354 ], [ 120.795980110594485, 22.352887525901949 ], [ 120.794632303804718, 22.351185803185828 ], [ 120.793341588900816, 22.349232806660172 ], [ 120.792836245413639, 22.34853399915605 ], [ 120.792804746898696, 22.348490441854505 ], [ 120.792427838004343, 22.34836482510363 ], [ 120.791936695487252, 22.347873728989644 ], [ 120.790772548232866, 22.346987834607511 ], [ 120.790033943486151, 22.346470100837159 ], [ 120.789348636217127, 22.345921907330361 ], [ 120.787574458138451, 22.344612340757322 ], [ 120.785701290092732, 22.343203793561639 ], [ 120.785288081346181, 22.342980462121297 ], [ 120.784559041070537, 22.342221117207977 ], [ 120.783648967069155, 22.343023159545041 ], [ 120.783353939630842, 22.343403887792942 ], [ 120.782402204313101, 22.344041630345245 ], [ 120.782164271166877, 22.344212963283468 ], [ 120.781003158046403, 22.345060108718624 ], [ 120.779661198963041, 22.345745459868549 ], [ 120.779014003879539, 22.345916813146246 ], [ 120.778652340926001, 22.346097670075167 ], [ 120.777833835090362, 22.346411799464839 ], [ 120.776225366733485, 22.346868735710888 ], [ 120.77549251435606, 22.347078164608039 ], [ 120.774245706214757, 22.347306654727561 ], [ 120.772437344959513, 22.347401922996383 ], [ 120.771219073567309, 22.347344876500621 ], [ 120.769829478297325, 22.347202177958891 ], [ 120.768830113903803, 22.347135602743496 ], [ 120.768040145355059, 22.347173713362427 ], [ 120.767745094403736, 22.347145174505368 ], [ 120.766602930862177, 22.346498018141602 ], [ 120.766222214418875, 22.34636478730026 ], [ 120.76589860921392, 22.346317214181507 ], [ 120.765165728938399, 22.346041233238829 ], [ 120.764461513888293, 22.347716408095856 ], [ 120.763881043419588, 22.34963904065313 ], [ 120.763624101071528, 22.350267230874 ], [ 120.763357631709056, 22.350733618286373 ], [ 120.762643871073649, 22.351923383786197 ], [ 120.762091883242206, 22.352618213558291 ], [ 120.761920578503222, 22.3528656859189 ], [ 120.761539909630528, 22.353560507177171 ], [ 120.761349592968926, 22.354217247613093 ], [ 120.761273463788896, 22.354436161722941 ], [ 120.76098798852621, 22.355416513458646 ], [ 120.760616860351348, 22.356511083537445 ], [ 120.760340879840911, 22.357091685513915 ], [ 120.759769866425017, 22.357957837368289 ], [ 120.759341601851375, 22.358528929078684 ], [ 120.758646866285503, 22.359537854693855 ], [ 120.757771275441684, 22.360223182734391 ], [ 120.756752924269321, 22.361003696280459 ], [ 120.755896369411943, 22.361698541220981 ], [ 120.755058839051429, 22.362203028410381 ], [ 120.754021431644944, 22.362621864978291 ], [ 120.753639257384648, 22.363277771730367 ], [ 120.753096762116414, 22.363534780401242 ], [ 120.751811933932515, 22.364648431633128 ], [ 120.751665384684372, 22.365059609630102 ], [ 120.750477643266962, 22.366277952287238 ], [ 120.749807646560612, 22.367161241211754 ], [ 120.749320381324836, 22.367892235601264 ], [ 120.748026055459704, 22.369354240294019 ], [ 120.747325610812638, 22.370389816193367 ], [ 120.74718859505704, 22.371075107532175 ], [ 120.747523665231256, 22.371882203744821 ], [ 120.747965340881009, 22.372811123012447 ], [ 120.748102431091311, 22.373420257989483 ], [ 120.7483613814113, 22.374608071610858 ], [ 120.748529673342219, 22.374932050530933 ], [ 120.748666751291083, 22.37532798587868 ], [ 120.748940902809068, 22.376043713849484 ], [ 120.74915413215821, 22.376607159401907 ], [ 120.749458759659987, 22.377657913843677 ], [ 120.749687242775579, 22.378662986439217 ], [ 120.749915726770737, 22.379683287579216 ], [ 120.750311725271843, 22.380749266016725 ], [ 120.750570625662576, 22.381069052574947 ], [ 120.75082955409907, 22.381876152569141 ], [ 120.751210279554698, 22.382165475973341 ], [ 120.751532154478355, 22.383018258467946 ], [ 120.751623552639202, 22.383505567355861 ], [ 120.752217494308553, 22.384129908133659 ], [ 120.752522121833564, 22.385180662568246 ], [ 120.752628741336764, 22.385546142338423 ], [ 120.752689732766669, 22.386901479798539 ], [ 120.75291819048536, 22.387464924586954 ], [ 120.752918266762165, 22.388789807990168 ], [ 120.752674633295527, 22.389140076652868 ], [ 120.752674659599734, 22.389596932999417 ], [ 120.752248331505612, 22.390739095096034 ], [ 120.751928574695185, 22.391409166995061 ], [ 120.75170018536781, 22.392033548711034 ], [ 120.751212932472626, 22.392977742762525 ], [ 120.750847480085838, 22.393465074400378 ], [ 120.751289148876381, 22.394273840432909 ], [ 120.751498566126003, 22.394749722036053 ], [ 120.751669917977878, 22.395320783940889 ], [ 120.751746091533704, 22.395872814903953 ], [ 120.752031670282079, 22.396691334976161 ], [ 120.752374383862588, 22.398004779914984 ], [ 120.752621912571428, 22.399184979824778 ], [ 120.752640995167241, 22.400003513168894 ], [ 120.75260299337971, 22.401202762982226 ], [ 120.752564988306546, 22.402344905752798 ], [ 120.751994008466284, 22.403791645976735 ], [ 120.751403972349195, 22.404876709208342 ], [ 120.750937262498567, 22.405555925571754 ], [ 120.750434769005366, 22.406286920773042 ], [ 120.750145451379012, 22.406652420271136 ], [ 120.749627734801734, 22.407474787504764 ], [ 120.750297772640877, 22.407307240123394 ], [ 120.751607372302701, 22.406637118888497 ], [ 120.752719009529301, 22.406073607335955 ], [ 120.753480403434281, 22.405662398685941 ], [ 120.753926317473557, 22.404826946456229 ], [ 120.755953042235831, 22.405428840266282 ], [ 120.758451464282402, 22.405785634815288 ], [ 120.76128298593845, 22.405785493747285 ], [ 120.761711305270737, 22.406166186027708 ], [ 120.765256688795517, 22.406737079817923 ], [ 120.767421997454434, 22.407212863956698 ], [ 120.76862599886536, 22.407384125096254 ], [ 120.769539698853265, 22.407365043892121 ], [ 120.770757988905743, 22.407745696805524 ], [ 120.771995330851382, 22.4084118839769 ], [ 120.773803740354992, 22.409154185413058 ], [ 120.77433673703689, 22.409230301577672 ], [ 120.775041093266594, 22.410010729381561 ], [ 120.775935787426988, 22.410505612492027 ], [ 120.777018461483209, 22.411086146795888 ], [ 120.778151107953988, 22.411742821328541 ], [ 120.778922066819675, 22.412152050037765 ], [ 120.779274239995544, 22.412456603373499 ], [ 120.780235563124492, 22.413037143717006 ], [ 120.781368202456349, 22.413570086320235 ], [ 120.782700716086765, 22.414141090320676 ], [ 120.783795279048988, 22.414578856415851 ], [ 120.784908869764209, 22.414883371799686 ], [ 120.78557511779475, 22.415016588356263 ], [ 120.786555469217092, 22.415473395819447 ], [ 120.787145581528122, 22.415711312409762 ], [ 120.78793556045342, 22.415854040637914 ], [ 120.788360693334241, 22.415921454559513 ], [ 120.788458006534967, 22.414616427972945 ] ] ] ] } },
{ "type": "Feature", "properties": { "番號": "55", "類型": null, "分區": "要", "郡\n支廳": "〃", "庄 (區)": null, "大字": null, "地名": "Taririku社蕃地", "土地\n類型": "山林", "面積\n(公頃)": "4,018.00", "區分理由": "第七條第一號", "地        況": "位於大竹高溪源頭一帶之地。地勢、基岩及土壤狀況等，與前述番號38相同，惟中央山脈附近等處絕險地甚多，且另有一大崩塌地等。整體多為陡坡地，地力上貧瘠之處甚多，惟溪畔亦有地力尚可之地。海拔高度介於420至1,900公尺。\n東側以小溪或稜線，與準要存置林野149、150及要存置林野54相鄰。北側以稜線與要存置林野60、57及56相連。西側及西南側以中央山脈與高雄州為界。南側以溪流與要存置林野39連接。", "林        況": "與番號52相同。", "參  考  事  項": "依據治水調查之結果，選定編入為水源涵養保安林預定地之一部分。(詳情參見〈保安林編入調書〉)\r" }, "geometry": { "type": "MultiPolygon", "coordinates": [ [ [ [ 120.767822485424148, 22.509836288438912 ], [ 120.7685762669648, 22.509459344221394 ], [ 120.770357967509909, 22.509173719843773 ], [ 120.770597804772777, 22.509013808116759 ], [ 120.771648555708751, 22.508922384268725 ], [ 120.772665028948992, 22.508591112548231 ], [ 120.774389615878704, 22.508179855536493 ], [ 120.775486032659828, 22.507757208548618 ], [ 120.777027874733321, 22.507266010824218 ], [ 120.779449120306509, 22.506192277257476 ], [ 120.780538870283067, 22.505693868601714 ], [ 120.781543924669307, 22.505404475965545 ], [ 120.782085201498347, 22.505250947992494 ], [ 120.782564207403937, 22.505115082568889 ], [ 120.78326959947475, 22.504567728741605 ], [ 120.783447412034576, 22.504429753863519 ], [ 120.784163113631678, 22.50389671898909 ], [ 120.784741772426557, 22.50357689059987 ], [ 120.785487926312257, 22.502967711481023 ], [ 120.786523391506137, 22.501886433004262 ], [ 120.786782245231294, 22.501399106623566 ], [ 120.786827917930424, 22.501185904712319 ], [ 120.787071553011302, 22.500866093085911 ], [ 120.787208589638226, 22.500546286791906 ], [ 120.787939498412243, 22.499647766094771 ], [ 120.78877700652383, 22.498764468614461 ], [ 120.789491793627008, 22.498217728112159 ], [ 120.790420666550006, 22.497243054801 ], [ 120.791334326118928, 22.496527267512942 ], [ 120.792720031033028, 22.495232771930063 ], [ 120.793633700304014, 22.494684498639348 ], [ 120.794547404853461, 22.494745367127614 ], [ 120.796131166515892, 22.494973716098396 ], [ 120.797303696566672, 22.494059944803261 ], [ 120.798354395405838, 22.493070036883367 ], [ 120.799389869423038, 22.492141043906862 ], [ 120.801521816393929, 22.491760223706482 ], [ 120.801974812639585, 22.491662718395382 ], [ 120.802524834947576, 22.490879982138562 ], [ 120.804306421401961, 22.488626068537709 ], [ 120.805676875918138, 22.486950860181533 ], [ 120.806468673418081, 22.485625937272221 ], [ 120.80674270702599, 22.484301040247104 ], [ 120.806773109076445, 22.483356869000431 ], [ 120.806704631911899, 22.482035225162502 ], [ 120.806693140584358, 22.48082455649136 ], [ 120.806795885018602, 22.480013631391103 ], [ 120.807355450872407, 22.478700141514274 ], [ 120.807960695833231, 22.47728385668756 ], [ 120.808611644351572, 22.476187369003231 ], [ 120.809222159004804, 22.475374990863646 ], [ 120.810044446725527, 22.474628751133299 ], [ 120.810668771185362, 22.473973892558838 ], [ 120.811125589964604, 22.473425642160795 ], [ 120.811445372095761, 22.473197198028732 ], [ 120.812556971155672, 22.471978858999037 ], [ 120.813166065506309, 22.471293544105876 ], [ 120.813957866584772, 22.470029535429845 ], [ 120.814292877946627, 22.469816319084703 ], [ 120.815086606572152, 22.468941075793079 ], [ 120.815202163210387, 22.468069559715445 ], [ 120.815670309476999, 22.465899468875623 ], [ 120.816207018989445, 22.464346130631437 ], [ 120.816732288759567, 22.462472993549863 ], [ 120.816945422269498, 22.461376527776896 ], [ 120.817128113168238, 22.460523720220639 ], [ 120.817265129583234, 22.459853657467423 ], [ 120.81741736026639, 22.458939937260162 ], [ 120.817630475306203, 22.457523672081514 ], [ 120.817995864167301, 22.45593988532606 ], [ 120.817950121918457, 22.454950032289204 ], [ 120.817935319770882, 22.454072311794395 ], [ 120.817928695195306, 22.453679495379305 ], [ 120.818144277218224, 22.453360284665344 ], [ 120.818635391489963, 22.453360260150966 ], [ 120.81911507460002, 22.453188915094881 ], [ 120.81927496171096, 22.453006164593937 ], [ 120.819617604193496, 22.45308609734349 ], [ 120.820028766988969, 22.453040391190296 ], [ 120.820439922525409, 22.452869049555428 ], [ 120.820873939062736, 22.453017506188495 ], [ 120.821650584882207, 22.45301746742231 ], [ 120.822415803499226, 22.452914636559914 ], [ 120.822530010180074, 22.452811838192552 ], [ 120.823311816458883, 22.451988635771627 ], [ 120.823887056460691, 22.451887463646298 ], [ 120.824277276862333, 22.451782747934327 ], [ 120.8247055840841, 22.451954047667787 ], [ 120.825171944032135, 22.451811256798496 ], [ 120.825286149503086, 22.451687519185636 ], [ 120.825257563356004, 22.451116450244928 ], [ 120.824705288402797, 22.449687876849552 ], [ 120.824295974284297, 22.448783702528832 ], [ 120.824096087355542, 22.448526730839006 ], [ 120.822516157657773, 22.448726684315048 ], [ 120.821345485446273, 22.448850474652186 ], [ 120.82004013939094, 22.449006727543857 ], [ 120.819057916787813, 22.449109569230561 ], [ 120.817687379846348, 22.449360908594972 ], [ 120.816819373158509, 22.449520851620534 ], [ 120.815140469387899, 22.449897841861027 ], [ 120.813290234799979, 22.450069255318528 ], [ 120.811691265995648, 22.450206392013936 ], [ 120.810651935081836, 22.450274972332831 ], [ 120.810012337791463, 22.450160790178284 ], [ 120.810080801365515, 22.44905291021491 ], [ 120.810150930736853, 22.447948361413189 ], [ 120.810250848914876, 22.447639026635507 ], [ 120.810655336838366, 22.44737726585749 ], [ 120.811064589942973, 22.447224959998746 ], [ 120.811578553894989, 22.447348666266201 ], [ 120.81170228423683, 22.447348660091592 ], [ 120.812035400539699, 22.447282018590077 ], [ 120.812615987420969, 22.447386685853306 ], [ 120.812853943579668, 22.447615102130342 ], [ 120.813053810722153, 22.447529431599353 ], [ 120.81362487988342, 22.447634099336923 ], [ 120.813872348262464, 22.44776733674227 ], [ 120.81397705141319, 22.447910099112104 ], [ 120.814433904652319, 22.447957665511336 ], [ 120.815100142750524, 22.447919560904339 ], [ 120.815395182183764, 22.447749176850955 ], [ 120.815500611107709, 22.447658798316219 ], [ 120.815050120219837, 22.446975869600891 ], [ 120.814031652871833, 22.445738601270655 ], [ 120.813155971642857, 22.444853485878848 ], [ 120.812356440957444, 22.444120652119359 ], [ 120.81140462512559, 22.443359272436947 ], [ 120.811242813465967, 22.443178441556576 ], [ 120.811661572749017, 22.442826260594313 ], [ 120.811889978209649, 22.442483606969965 ], [ 120.812462763267192, 22.442085732694188 ], [ 120.813513477190739, 22.441354710187245 ], [ 120.814244424786494, 22.441126245568729 ], [ 120.815630182622996, 22.440745462849097 ], [ 120.817594590482301, 22.439892566422525 ], [ 120.818625520165838, 22.439449767844028 ], [ 120.818415606799505, 22.439135069051741 ], [ 120.818235214123334, 22.438582329520017 ], [ 120.818140004850008, 22.438026492441445 ], [ 120.817922979769676, 22.437661018229292 ], [ 120.817637408655656, 22.436975748028903 ], [ 120.817408957699058, 22.436530324535259 ], [ 120.817043455553019, 22.43615343632008 ], [ 120.81688353480736, 22.435753695036617 ], [ 120.816689358846133, 22.435502433757762 ], [ 120.816460922395038, 22.435308281224625 ], [ 120.815992612407967, 22.434645862951424 ], [ 120.815619971520761, 22.43426112287311 ], [ 120.815243053386453, 22.433975606484847 ], [ 120.814717652910417, 22.433587304835974 ], [ 120.814089480849233, 22.4335416505347 ], [ 120.813838193303283, 22.433199020842803 ], [ 120.812981579515409, 22.432867842747243 ], [ 120.812090699302544, 22.432490980729607 ], [ 120.811805157197554, 22.432308252449733 ], [ 120.811005670151289, 22.432331135136792 ], [ 120.810651588607143, 22.431942824938339 ], [ 120.809989148138513, 22.431817222491947 ], [ 120.809269603993343, 22.431737308523736 ], [ 120.808622877659104, 22.431783264352987 ], [ 120.807511218660849, 22.431966062314821 ], [ 120.805927479052258, 22.432118426734757 ], [ 120.8042675897766, 22.432133738060518 ], [ 120.802820888608068, 22.43199675331747 ], [ 120.801739663444025, 22.43178360762958 ], [ 120.800536607960225, 22.431509553840684 ], [ 120.799577206955746, 22.431250716442989 ], [ 120.798602573205102, 22.430915737084458 ], [ 120.797582245613711, 22.430428474566508 ], [ 120.795838165585039, 22.429506568389534 ], [ 120.794478997745173, 22.428855615914433 ], [ 120.793268308296419, 22.42823892025805 ], [ 120.792434533041373, 22.427839212553494 ], [ 120.791418020214053, 22.427485199593431 ], [ 120.790824108611176, 22.427382436535833 ], [ 120.789396481715201, 22.427919313901036 ], [ 120.788048798383969, 22.428364816018139 ], [ 120.787006154365685, 22.428748199019775 ], [ 120.785103975037288, 22.429429694287091 ], [ 120.785395128239941, 22.429702624596342 ], [ 120.785480812428688, 22.430130923129386 ], [ 120.786032904956514, 22.431254000731887 ], [ 120.784167510535582, 22.432615144907544 ], [ 120.783567920040255, 22.433062513300904 ], [ 120.783234808105618, 22.43320529751826 ], [ 120.782578111843463, 22.433662186601879 ], [ 120.782521017064298, 22.433862064094232 ], [ 120.781455073704493, 22.434575955278934 ], [ 120.780998233065802, 22.434747299190381 ], [ 120.780236851229731, 22.435365996785208 ], [ 120.779599194800198, 22.435899027648059 ], [ 120.779256558551353, 22.435927598260335 ], [ 120.778714095249342, 22.436736641745689 ], [ 120.777686265075317, 22.438183404748223 ], [ 120.776582314033604, 22.439991849489886 ], [ 120.775830463659503, 22.44084849263508 ], [ 120.775031028536432, 22.441771763040411 ], [ 120.774536140101404, 22.442342858157971 ], [ 120.774203038057678, 22.442656963512498 ], [ 120.773479756786301, 22.443789622614904 ], [ 120.773156186754676, 22.444351191347646 ], [ 120.773089612742027, 22.445217318151801 ], [ 120.77293737815657, 22.446064413550307 ], [ 120.772908857434075, 22.446625967561395 ], [ 120.772747141969944, 22.448110758746811 ], [ 120.772747231593939, 22.449662166742016 ], [ 120.772756787254878, 22.45031889725928 ], [ 120.772785351961161, 22.450518770483892 ], [ 120.772737784809351, 22.450889968637505 ], [ 120.770434549473464, 22.451803796294886 ], [ 120.769214042371274, 22.452372659773999 ], [ 120.767583127684375, 22.452535835670286 ], [ 120.765953697600295, 22.452596831188735 ], [ 120.764248114312522, 22.452459859423264 ], [ 120.763486698495115, 22.452490354522126 ], [ 120.761750681372334, 22.452749326449364 ], [ 120.76013650865562, 22.453312863200711 ], [ 120.758842126920214, 22.453800241265473 ], [ 120.756784420417588, 22.454224839690884 ], [ 120.75505222289685, 22.454700818210558 ], [ 120.754176605864217, 22.454929290106094 ], [ 120.753314949446931, 22.454631186757183 ], [ 120.75211570880937, 22.454494189718552 ], [ 120.751259108069121, 22.454391439800901 ], [ 120.75035682887102, 22.454402906254966 ], [ 120.749774345724958, 22.454425778153084 ], [ 120.749157619907194, 22.454814136854587 ], [ 120.748735040397023, 22.454939793452819 ], [ 120.74843810535252, 22.45524818632602 ], [ 120.748575213328735, 22.456161892217491 ], [ 120.748678044972635, 22.456858593045308 ], [ 120.749294881694155, 22.458389031080717 ], [ 120.74959188671599, 22.459291307577917 ], [ 120.75005356674744, 22.460512740786079 ], [ 120.750267753964422, 22.461178978960451 ], [ 120.750481963193522, 22.462225930773364 ], [ 120.750791327614309, 22.462892164193665 ], [ 120.750838965742176, 22.463748767504871 ], [ 120.751219721321021, 22.464557764973602 ], [ 120.751457737244721, 22.465818867018449 ], [ 120.751529154544528, 22.466413728514024 ], [ 120.751886096564846, 22.466889602735009 ], [ 120.752028895390225, 22.467460666062227 ], [ 120.752195500902062, 22.468245879622536 ], [ 120.752266930592313, 22.469054892539578 ], [ 120.752385933745344, 22.469602162452581 ], [ 120.752409799613417, 22.470839480591192 ], [ 120.752362255058102, 22.471600910247517 ], [ 120.751824641898054, 22.472670590152603 ], [ 120.751185090758923, 22.473355906660988 ], [ 120.750671153040685, 22.473687153207916 ], [ 120.751253658649361, 22.474052609199834 ], [ 120.752144532437597, 22.474315257100155 ], [ 120.752647094483322, 22.474772088358737 ], [ 120.753161069202591, 22.475080440726281 ], [ 120.753688620334373, 22.4755203903153 ], [ 120.754592853840947, 22.476386468663215 ], [ 120.754973592376274, 22.476900413051396 ], [ 120.755440005261278, 22.47767133486412 ], [ 120.755592291533361, 22.477718916458919 ], [ 120.756096762631515, 22.478270926025935 ], [ 120.756829685444742, 22.479279780541571 ], [ 120.757467425553017, 22.480193461401932 ], [ 120.757686366159788, 22.480764520917244 ], [ 120.757810098170154, 22.480793068256276 ], [ 120.758000472397541, 22.481135701015919 ], [ 120.759038006322271, 22.482905967574947 ], [ 120.759590099631481, 22.484038563050756 ], [ 120.759885184206098, 22.484647690120553 ], [ 120.760199304772144, 22.485266334079075 ], [ 120.760599089225266, 22.485961116482187 ], [ 120.761056009754114, 22.48716985943793 ], [ 120.761541547924921, 22.489492188349285 ], [ 120.761836644633945, 22.490310707914787 ], [ 120.762255549418882, 22.492471236859192 ], [ 120.762522096834573, 22.493356382736945 ], [ 120.762921902251435, 22.494412843086987 ], [ 120.763188435890001, 22.495060042941081 ], [ 120.763607259109207, 22.495811931428992 ], [ 120.764064146041164, 22.496440086080192 ], [ 120.764321159758026, 22.497049215044829 ], [ 120.764568660167242, 22.497734487212039 ], [ 120.76495894567158, 22.498752876669055 ], [ 120.764959001916267, 22.49972369643864 ], [ 120.764816270862539, 22.500323327555456 ], [ 120.76419770456333, 22.501798623839768 ], [ 120.764150156776921, 22.502502946447713 ], [ 120.764041028239831, 22.503127409367394 ], [ 120.764101982239808, 22.503827919411783 ], [ 120.76419337088133, 22.504147714295829 ], [ 120.764513225392065, 22.505168010843601 ], [ 120.76458940333535, 22.505792377398762 ], [ 120.764482850771188, 22.506584267096926 ], [ 120.764239243046248, 22.507376163653241 ], [ 120.763879893643633, 22.508060958564606 ], [ 120.763849455477626, 22.508380759544501 ], [ 120.763590611460629, 22.50903559995561 ], [ 120.763387010225543, 22.509341042446987 ], [ 120.764932903764873, 22.50980216880243 ], [ 120.766771747720583, 22.510156140471487 ], [ 120.767822485424148, 22.509836288438912 ] ] ] ] } },
{ "type": "Feature", "properties": { "番號": "56", "類型": null, "分區": "要", "郡\n支廳": "大武", "庄 (區)": null, "大字": null, "地名": "Tobirou社蕃地", "土地\n類型": "山林", "面積\n(公頃)": "3,209.00", "區分理由": "第七條第一號", "地        況": "位於虷子崙溪源頭右岸、中央山脈附近及溪畔，絕峻地及斷崖崩塌地甚多，惟整體多為陡坡地或險峻地。基岩、土壤狀況等，與番號38相同。海拔高度介於300至2,831公尺。\n東側以稜線及斷崖上緣，與準要存置林野165為界。北側以虷子崙溪與要存置林野74及79為界。西北側以稜線與要存置林野80連接。西側以中央山脈與高雄州為界。南側以稜線與要存置林野55、57及準要存置林野164相鄰。", "林        況": "天然林的海拔高度位於1,900公尺以下，為紅楠、栲櫧植物、櫟屬植物為主要樹種的闊葉林。1,900至2,500公尺之間為紅檜、臺灣鐵杉的針闊葉混合林。2,500公尺以上為臺灣鐵杉的針葉林，但是分布面積並不大。", "參  考  事  項": "依據治水調查之結果，選定編入為水源涵養保安林預定地之一部分。(詳情參見〈保安林編入調書〉)\r" }, "geometry": { "type": "MultiPolygon", "coordinates": [ [ [ [ 120.752991095881882, 22.570233957755075 ], [ 120.753918489617305, 22.569837362099772 ], [ 120.754527608628209, 22.569578446254482 ], [ 120.755151939160399, 22.569030187266041 ], [ 120.756461535774761, 22.568314379895011 ], [ 120.757664548096869, 22.567842234615114 ], [ 120.758395489488208, 22.567507169932814 ], [ 120.758834953329227, 22.567411012722125 ], [ 120.759146677572559, 22.567056248383469 ], [ 120.759489306847243, 22.566907752871831 ], [ 120.759968964052092, 22.566290972692538 ], [ 120.760825499710734, 22.565274424275788 ], [ 120.761750578892432, 22.56453198625525 ], [ 120.762070336417096, 22.563880949872946 ], [ 120.762656579393465, 22.563045888528841 ], [ 120.763503598887695, 22.562055990558495 ], [ 120.764807450663938, 22.560751980922724 ], [ 120.766111320148013, 22.559752542212856 ], [ 120.766415883300994, 22.559685902052681 ], [ 120.767091619257286, 22.559305154521716 ], [ 120.767634105479615, 22.5588958601498 ], [ 120.767919632086148, 22.55881018526264 ], [ 120.768642952212588, 22.558353292619369 ], [ 120.769128350374714, 22.558258089869945 ], [ 120.769413868128325, 22.558020129525925 ], [ 120.769899252458643, 22.557686980749772 ], [ 120.770384644533934, 22.557487081749631 ], [ 120.770983922838369, 22.557129815400447 ], [ 120.772445795419543, 22.556284557819492 ], [ 120.774082787396935, 22.555325077372849 ], [ 120.774691905506302, 22.555050933014559 ], [ 120.775179184416743, 22.554563595126897 ], [ 120.775704538629938, 22.554152398059497 ], [ 120.776146135585265, 22.553718362373491 ], [ 120.776694338962102, 22.553421378254164 ], [ 120.776995706895718, 22.552965141304011 ], [ 120.777216500727675, 22.552668173598523 ], [ 120.777528678381557, 22.552607243767682 ], [ 120.777818011738844, 22.552515857991203 ], [ 120.778000744427686, 22.552386406194646 ], [ 120.778191086867395, 22.552180811289531 ], [ 120.77839665146368, 22.551868615803194 ], [ 120.778792584604048, 22.551800067502167 ], [ 120.779119984855953, 22.551640151363795 ], [ 120.779439762526252, 22.551335564426246 ], [ 120.779569179617312, 22.550924387212948 ], [ 120.779683371897519, 22.550574124944671 ], [ 120.779987926526402, 22.550360910043857 ], [ 120.780239185466726, 22.550208611996158 ], [ 120.780345772862304, 22.550018249836434 ], [ 120.78047327981227, 22.549493493152792 ], [ 120.780577940440082, 22.548903381774021 ], [ 120.781053807048565, 22.548570233494093 ], [ 120.781301264430866, 22.548513114046756 ], [ 120.781558221838083, 22.548151423216719 ], [ 120.781662894632504, 22.547770704337562 ], [ 120.781843721897914, 22.547608891981117 ], [ 120.782262499331424, 22.547570799630066 ], [ 120.782548027589911, 22.547513678275461 ], [ 120.782843069697236, 22.547389931558616 ], [ 120.783052446249684, 22.547161492886111 ], [ 120.783385547069571, 22.546828351764962 ], [ 120.78376624754317, 22.546685565074551 ], [ 120.783842377133197, 22.546476168762219 ], [ 120.784013690549372, 22.546380981769239 ], [ 120.784051743734238, 22.54607640895755 ], [ 120.784308705565635, 22.545790860857323 ], [ 120.784584697306997, 22.545410133396317 ], [ 120.784832153582272, 22.545333978269746 ], [ 120.784917781543029, 22.54479145705626 ], [ 120.78523183421143, 22.544239406556009 ], [ 120.785374596681493, 22.544182292357842 ], [ 120.785645110995631, 22.543719949689109 ], [ 120.785782150230787, 22.543445829009414 ], [ 120.785850662551823, 22.543183133172679 ], [ 120.785816366260562, 22.542623485856861 ], [ 120.786090448049293, 22.542132351543096 ], [ 120.786273177643764, 22.541949599845946 ], [ 120.786273149123076, 22.541458479267028 ], [ 120.786216016941637, 22.541013047184613 ], [ 120.786284535897096, 22.540864565436827 ], [ 120.786280704711842, 22.540449587774276 ], [ 120.78660047310332, 22.539985101127968 ], [ 120.787042063436289, 22.539436851380945 ], [ 120.787125796374113, 22.53904090501408 ], [ 120.787232348849201, 22.538249015332418 ], [ 120.787475992731942, 22.538081489130931 ], [ 120.787643489998956, 22.537830209746662 ], [ 120.787848031985192, 22.537390602166319 ], [ 120.787962207480774, 22.536750997555558 ], [ 120.788099256004784, 22.536636776602435 ], [ 120.788327667559045, 22.536400722712948 ], [ 120.788754030872425, 22.535875316552751 ], [ 120.78886060899238, 22.535525054679216 ], [ 120.789187999521104, 22.535197624562979 ], [ 120.789279367855869, 22.535167162896201 ], [ 120.789568688392563, 22.534854963232522 ], [ 120.789774242393634, 22.534360025225379 ], [ 120.789850362046408, 22.533979307788993 ], [ 120.790025464651862, 22.533575742577707 ], [ 120.790342707456162, 22.533325978551211 ], [ 120.790510201632443, 22.533021399263696 ], [ 120.790464501554553, 22.532762516289033 ], [ 120.790647232036832, 22.532594993143054 ], [ 120.790631992195671, 22.53239702282249 ], [ 120.79089086177855, 22.532183810228517 ], [ 120.791286787399073, 22.531985819315736 ], [ 120.791987289749656, 22.531955327142466 ], [ 120.792322304619191, 22.531803024915366 ], [ 120.79261165476639, 22.532000981506862 ], [ 120.793114192979672, 22.532046641972659 ], [ 120.793631940981385, 22.531772502235562 ], [ 120.793921277869629, 22.53174203065527 ], [ 120.794576099584091, 22.53178768349451 ], [ 120.795154775126733, 22.531757197423492 ], [ 120.795611640660098, 22.532016059803176 ], [ 120.796144633802328, 22.532031261653888 ], [ 120.796723299620268, 22.531833261591515 ], [ 120.796966138784526, 22.531739641468782 ], [ 120.797651418409814, 22.531806232031471 ], [ 120.797965494845769, 22.531663448695411 ], [ 120.798298607271789, 22.53153018224674 ], [ 120.798860154340431, 22.531558707644784 ], [ 120.799345574019924, 22.531834700705339 ], [ 120.800011822070402, 22.531967917103387 ], [ 120.800582899560865, 22.532215352351994 ], [ 120.801049286011278, 22.532529417725726 ], [ 120.801534690773423, 22.532548429095574 ], [ 120.801858288239544, 22.532462752325682 ], [ 120.802153335863622, 22.53243418402759 ], [ 120.80248645933419, 22.532491274385659 ], [ 120.802971868514135, 22.532586428477927 ], [ 120.803295465426601, 22.532491233867891 ], [ 120.803657137633323, 22.532472180073501 ], [ 120.803914123772415, 22.532605416967012 ], [ 120.804332904500328, 22.532624431673607 ], [ 120.804685058987147, 22.532605378355868 ], [ 120.805160931110919, 22.532367408515736 ], [ 120.805678058172205, 22.532327407687315 ], [ 120.806142521075216, 22.532296927336887 ], [ 120.806546056436787, 22.532022793327602 ], [ 120.80683538978046, 22.531931407570973 ], [ 120.80723132996944, 22.531984687646759 ], [ 120.807589197957384, 22.532015126812695 ], [ 120.807771931968063, 22.531908517850542 ], [ 120.808167864643352, 22.531832355299859 ], [ 120.808388681460087, 22.53193132977929 ], [ 120.808914060410615, 22.531946532011577 ], [ 120.80911963827117, 22.531862764722142 ], [ 120.809477497861124, 22.531748532717714 ], [ 120.809766821038906, 22.531482018702956 ], [ 120.810353097036042, 22.531215489817367 ], [ 120.810619587852969, 22.531124105205873 ], [ 120.810878467146168, 22.531078406608398 ], [ 120.811160183660817, 22.53094133560203 ], [ 120.811578938530744, 22.53051491539274 ], [ 120.811906340094254, 22.530377842099082 ], [ 120.811997713285308, 22.530431137427904 ], [ 120.812679944939404, 22.530458514642536 ], [ 120.812801766433608, 22.530367137276709 ], [ 120.81300734738582, 22.530336669893309 ], [ 120.813456593420099, 22.530504161381824 ], [ 120.813837315415995, 22.53073257047814 ], [ 120.814553047403109, 22.530724920363056 ], [ 120.814850004637961, 22.530801048212453 ], [ 120.815162193757104, 22.530938089475292 ], [ 120.81574848653888, 22.530960902930545 ], [ 120.816228161430274, 22.53064869375525 ], [ 120.816608867957655, 22.530610603329933 ], [ 120.817263683449227, 22.530549656361785 ], [ 120.817454034282136, 22.530488732653119 ], [ 120.817880415693566, 22.530275511684586 ], [ 120.818223053997002, 22.530283108798162 ], [ 120.818322032965824, 22.530191732577464 ], [ 120.818786497622142, 22.530191709318338 ], [ 120.819418475446682, 22.530214520486496 ], [ 120.819693850750525, 22.530145343726129 ], [ 120.82018876901104, 22.530092019038204 ], [ 120.820539027673576, 22.530206215577842 ], [ 120.820950202826054, 22.530373708970583 ], [ 120.82152888451796, 22.530449822711176 ], [ 120.821856288282987, 22.530350820780193 ], [ 120.822404485437502, 22.529947236915383 ], [ 120.822777576017103, 22.529878689784987 ], [ 120.823036457070287, 22.529863448277311 ], [ 120.823203959632892, 22.529703540179007 ], [ 120.823516121792096, 22.529376110854869 ], [ 120.823881590684891, 22.529178121484463 ], [ 120.82424707283289, 22.529208560270668 ], [ 120.824391728453065, 22.528972510598095 ], [ 120.824513541107734, 22.528728847797645 ], [ 120.824734333172344, 22.528401423050425 ], [ 120.824993209364379, 22.528302424553249 ], [ 120.825389143791384, 22.528256719096408 ], [ 120.825632779704947, 22.52795213602186 ], [ 120.825967800292986, 22.527898819343552 ], [ 120.826394194509916, 22.527906412265121 ], [ 120.826675923386219, 22.527982540877062 ], [ 120.827056623277215, 22.527830236377621 ], [ 120.827231755476987, 22.527936827414337 ], [ 120.827649013036549, 22.527950512210801 ], [ 120.828052567820734, 22.528011406178894 ], [ 120.828326672801751, 22.527920021191889 ], [ 120.828829195948856, 22.527706796418695 ], [ 120.829293657942699, 22.527661087531605 ], [ 120.829461157411359, 22.527447879533852 ], [ 120.829697191519017, 22.527356496453894 ], [ 120.82994843851327, 22.526998613099195 ], [ 120.83024538115707, 22.526823469979977 ], [ 120.83052710340381, 22.526785384515357 ], [ 120.830854516440269, 22.526846282296486 ], [ 120.831242847290213, 22.526983319745046 ], [ 120.831608332523686, 22.527067058435005 ], [ 120.832240308561111, 22.527059412520398 ], [ 120.83244459314308, 22.527027299726054 ], [ 120.832773295912205, 22.52697562884461 ], [ 120.833161609530649, 22.526815709695192 ], [ 120.833747881523166, 22.526480652384588 ], [ 120.833930623034391, 22.526503486050384 ], [ 120.834219952826544, 22.526351186129503 ], [ 120.834707258662974, 22.526328318915827 ], [ 120.835092609294946, 22.526363198367498 ], [ 120.835558986311483, 22.526515460451211 ], [ 120.835854034464163, 22.526496409999471 ], [ 120.836301360581928, 22.526382173527217 ], [ 120.836777238196703, 22.526239382106944 ], [ 120.837234083688145, 22.526153698677383 ], [ 120.837605275791844, 22.52617271577197 ], [ 120.837900321182246, 22.526106076122826 ], [ 120.838537982882002, 22.525668223576503 ], [ 120.839023373242767, 22.52543977112532 ], [ 120.839423111320357, 22.525335054877196 ], [ 120.839851404759997, 22.52526840855764 ], [ 120.840022729755546, 22.525373096215262 ], [ 120.840412961709774, 22.525468255073505 ], [ 120.840926919026288, 22.525477747181377 ], [ 120.841202940022043, 22.525601465275926 ], [ 120.841678840823008, 22.525858423116539 ], [ 120.842192825747105, 22.526343807197854 ], [ 120.842430778632135, 22.526515116395192 ], [ 120.842754381590083, 22.526524618032795 ], [ 120.843163643455597, 22.52652459754205 ], [ 120.843411100252851, 22.526457960276051 ], [ 120.843649045958557, 22.526505537560173 ], [ 120.844134449565374, 22.526505513257252 ], [ 120.844448526521177, 22.526372247779801 ], [ 120.844768953518027, 22.526323373494371 ], [ 120.844966922047391, 22.526323363582684 ], [ 120.845142043194699, 22.526239597827701 ], [ 120.845926302253275, 22.526224330019453 ], [ 120.846063360039238, 22.526270008786703 ], [ 120.846383155354758, 22.526269992775585 ], [ 120.846786699076432, 22.526140529955359 ], [ 120.847121720972808, 22.52611005609597 ], [ 120.847266395582864, 22.526201420110961 ], [ 120.847776543484301, 22.526170937483467 ], [ 120.848187700053458, 22.52601863146819 ], [ 120.848735904688922, 22.525744490247952 ], [ 120.84924604110364, 22.525516036563133 ], [ 120.849680037102047, 22.525310429505119 ], [ 120.850289170589321, 22.525302784737679 ], [ 120.850624199108807, 22.525386524950815 ], [ 120.850860253524687, 22.525645398362542 ], [ 120.851591248251069, 22.526231660667115 ], [ 120.85189582095694, 22.526330630947072 ], [ 120.851941397045522, 22.526333963529499 ], [ 120.851855032271544, 22.525976252334978 ], [ 120.85131438394717, 22.525252923614662 ], [ 120.850377811380028, 22.524750428586742 ], [ 120.848816897734793, 22.524613449844463 ], [ 120.848504709086143, 22.524484022858061 ], [ 120.847393042752174, 22.524537378411928 ], [ 120.846882901475453, 22.524682075110086 ], [ 120.846261969966534, 22.524757868197764 ], [ 120.845736594929249, 22.52480929083282 ], [ 120.845393954108815, 22.524757911653779 ], [ 120.845096988726269, 22.52454091978171 ], [ 120.844800032288077, 22.524478116908018 ], [ 120.844503086782098, 22.524603767254707 ], [ 120.844171884117713, 22.524843633390113 ], [ 120.843715043933983, 22.525020688075411 ], [ 120.843412384815224, 22.525094942375691 ], [ 120.843012637023435, 22.525032144648502 ], [ 120.842926969280882, 22.524889381345059 ], [ 120.843161983162602, 22.523618071760772 ], [ 120.843451212251139, 22.521729717932583 ], [ 120.843100933737958, 22.521272879172706 ], [ 120.84262880635643, 22.520435332932585 ], [ 120.841212452481514, 22.518410007584958 ], [ 120.841039357975575, 22.518311775398743 ], [ 120.840648985038996, 22.51809023637982 ], [ 120.840100754775619, 22.517922749843663 ], [ 120.838105788118995, 22.517009137095485 ], [ 120.837466180696055, 22.516719826784268 ], [ 120.836005247744225, 22.516259490273956 ], [ 120.834741274485822, 22.515909297034227 ], [ 120.834614673282999, 22.51600138203138 ], [ 120.834573769713032, 22.516031133763914 ], [ 120.833720982178619, 22.516031176442727 ], [ 120.832594064936416, 22.515696204885618 ], [ 120.831893559120857, 22.515665782855908 ], [ 120.82956358994285, 22.515117671894298 ], [ 120.828390988525825, 22.514797931162171 ], [ 120.827066092136462, 22.514280226983406 ], [ 120.826167616890004, 22.514234586315254 ], [ 120.824660004142757, 22.514128061955191 ], [ 120.824279287466695, 22.513991024114389 ], [ 120.823350358164191, 22.513991070600621 ], [ 120.822969637955183, 22.513793118584573 ], [ 120.822162533678352, 22.513762701886595 ], [ 120.820700606847268, 22.513671403782478 ], [ 120.819665085271595, 22.513778055409233 ], [ 120.817243809499459, 22.514326404157064 ], [ 120.816567349278856, 22.514526788540881 ], [ 120.815448129165262, 22.515623299717525 ], [ 120.814443105116723, 22.516434269984412 ], [ 120.813643637957341, 22.516799795053647 ], [ 120.812425678849692, 22.517202175111066 ], [ 120.811740401349226, 22.517171752321175 ], [ 120.811435848485445, 22.517415424270176 ], [ 120.810095760776548, 22.517537319696288 ], [ 120.809014555892659, 22.517674430709818 ], [ 120.808009488339295, 22.517735395192119 ], [ 120.806882588685937, 22.517704994507241 ], [ 120.805953653162405, 22.517598441192323 ], [ 120.805161779850863, 22.517613709371478 ], [ 120.803578033223332, 22.517644245729866 ], [ 120.801933377605209, 22.517750927859449 ], [ 120.801248100086909, 22.517720505070486 ], [ 120.800334400848897, 22.517751007892333 ], [ 120.799314099625121, 22.517720601872181 ], [ 120.798735413488515, 22.517568345391709 ], [ 120.797897848930432, 22.51747701604641 ], [ 120.796801396235026, 22.51727909984692 ], [ 120.795583108786786, 22.51694413284298 ], [ 120.794821657714891, 22.516365486258156 ], [ 120.79436479219325, 22.516106623865273 ], [ 120.793192159766249, 22.515253884052843 ], [ 120.792598211717163, 22.514522943633189 ], [ 120.791547387550793, 22.513350398279673 ], [ 120.79090839713389, 22.512760324148818 ], [ 120.789514932876173, 22.511549724572287 ], [ 120.788292829936864, 22.511070086565649 ], [ 120.787756010716251, 22.510727471169414 ], [ 120.785277507271942, 22.509185705021064 ], [ 120.784443705419307, 22.508329141089973 ], [ 120.782993107037768, 22.506638845180721 ], [ 120.782085201498347, 22.505250947992494 ], [ 120.781543924669307, 22.505404475965545 ], [ 120.780538870283067, 22.505693868601714 ], [ 120.779449120306509, 22.506192277257476 ], [ 120.777027874733321, 22.507266010824218 ], [ 120.775486032659828, 22.507757208548618 ], [ 120.774389615878704, 22.508179855536493 ], [ 120.772665028948992, 22.508591112548231 ], [ 120.771648555708751, 22.508922384268725 ], [ 120.770597804772777, 22.509013808116759 ], [ 120.770357967509909, 22.509173719843773 ], [ 120.7685762669648, 22.509459344221394 ], [ 120.767822485424148, 22.509836288438912 ], [ 120.766771747720583, 22.510156140471487 ], [ 120.764932903764873, 22.50980216880243 ], [ 120.763387010225543, 22.509341042446987 ], [ 120.763316524968801, 22.509446784401035 ], [ 120.763042416407444, 22.509477255208076 ], [ 120.762661739400684, 22.510025501898731 ], [ 120.762418084010804, 22.509995056999699 ], [ 120.761230287598394, 22.510254001712806 ], [ 120.759722703744515, 22.510650019340936 ], [ 120.758139000199307, 22.511426754425329 ], [ 120.756859837197339, 22.511746617900464 ], [ 120.755839529684096, 22.511609612047536 ], [ 120.75491058786497, 22.511396458892765 ], [ 120.754331909613342, 22.51138125930575 ], [ 120.754133949868589, 22.511533554671264 ], [ 120.754073079724151, 22.512279756466757 ], [ 120.754113135182465, 22.513677354263375 ], [ 120.753941855960505, 22.514362647402354 ], [ 120.754198937056373, 22.516132952999911 ], [ 120.753884940064808, 22.517646305470507 ], [ 120.754056343482702, 22.5191025265982 ], [ 120.753970760189361, 22.520415992972666 ], [ 120.753942346165729, 22.52281449038874 ], [ 120.753908556925651, 22.523034207795511 ], [ 120.753660948114714, 22.523182792545335 ], [ 120.752956688747986, 22.524077504886012 ], [ 120.752423767117676, 22.525295815254601 ], [ 120.752005064758052, 22.526628334002734 ], [ 120.751605387901975, 22.527789530657635 ], [ 120.751338974595441, 22.529217220198973 ], [ 120.751274317881808, 22.530316216850469 ], [ 120.751084028668402, 22.531439331659879 ], [ 120.75072240171626, 22.532238848446635 ], [ 120.750646307469282, 22.533057386615681 ], [ 120.750018223038751, 22.534523165649148 ], [ 120.749694710074209, 22.536065072161545 ], [ 120.749333103027197, 22.537207231246072 ], [ 120.749104700957801, 22.537606992028294 ], [ 120.748476585597516, 22.538539771956895 ], [ 120.748343380626167, 22.539282170263458 ], [ 120.74802098670763, 22.539606744809749 ], [ 120.747521343714382, 22.540249224142272 ], [ 120.747354820922922, 22.540891686785443 ], [ 120.746974166014951, 22.541819695403273 ], [ 120.746236620101996, 22.543152230171049 ], [ 120.745760803202643, 22.544341984204863 ], [ 120.745047070950221, 22.546007642242337 ], [ 120.744333345617903, 22.547792273305856 ], [ 120.743667171567779, 22.548934447685557 ], [ 120.743215136545714, 22.549910049107211 ], [ 120.74250139187599, 22.551361555731198 ], [ 120.742358667555081, 22.552075401008327 ], [ 120.74204943153191, 22.553622065777386 ], [ 120.742097057470033, 22.554264517701196 ], [ 120.742097082362491, 22.554692820574264 ], [ 120.742144726281992, 22.555644602351286 ], [ 120.742025811484936, 22.556620187083748 ], [ 120.741990430373392, 22.557046968877973 ], [ 120.741822992858047, 22.558326175194431 ], [ 120.741823045089603, 22.559224659446439 ], [ 120.741960134786808, 22.559818565893046 ], [ 120.742097227141329, 22.560458157979539 ], [ 120.742492076158683, 22.561386698813109 ], [ 120.742977521388895, 22.562100512593947 ], [ 120.743748519806672, 22.563185507877641 ], [ 120.744548063085034, 22.564127734101927 ], [ 120.74506206978154, 22.564984314070337 ], [ 120.74549041367807, 22.565783791284133 ], [ 120.745861647935001, 22.566526164311426 ], [ 120.746147214409447, 22.567125774010776 ], [ 120.746746895539175, 22.568239331400729 ], [ 120.747118128139718, 22.56895315090064 ], [ 120.748814721242184, 22.569976233763551 ], [ 120.749766513999262, 22.570333105074624 ], [ 120.75064694461787, 22.571046899023564 ], [ 120.750889027560305, 22.571385779729084 ], [ 120.752991095881882, 22.570233957755075 ] ] ] ] } },
{ "type": "Feature", "properties": { "番號": "80", "類型": null, "分區": "要", "郡\n支廳": "〃", "庄 (區)": null, "大字": null, "地名": "Paumori社蕃地", "土地\n類型": "山林", "面積\n(公頃)": "2,690.00", "區分理由": "第七條第一號", "地        況": "位於太麻里溪源頭右岸之地，中央山脈附近及其他區域，斷崖及崩塌地甚多，惟整體多為險峻地且陡坡地，緩坡地甚少。基岩及土壤狀況等，與番號38相同。海拔高度介於484至2,940公尺。\n東側以溪流或小稜線，與要存置林野78、準要存置林野176及要存置林野82相鄰。北側以溪流與要存置林野81鄰接。西側以中央山脈與高雄州接壤。南側以稜線與要存置林野56及79毗鄰。", "林        況": "於溪畔僅少部分為蕃人的現耕地及其開墾舊跡外，幾乎為天然林。1,900公尺以下，以栲櫧植物、櫟屬植物為主要樹種的闊葉林。1,900公尺至2,500公尺之間為紅檜、臺灣鐵杉的針闊葉混合林。2,500公尺以上為臺灣鐵杉的針葉林，但是分布面積並不大。", "參  考  事  項": "依據治水調查之結果，選定編入為水源涵養保安林預定地之一部分。(詳情參見〈保安林編入調書〉)\r" }, "geometry": { "type": "MultiPolygon", "coordinates": [ [ [ [ 120.765987994439598, 22.612763355410078 ], [ 120.766758731911679, 22.612091357069229 ], [ 120.767318351842675, 22.611714422425131 ], [ 120.767843727294931, 22.611668710384691 ], [ 120.768049294719518, 22.611406007630794 ], [ 120.768232020283534, 22.611154727434862 ], [ 120.768883025636143, 22.611040480623956 ], [ 120.769396960512296, 22.610663548278549 ], [ 120.770424856232751, 22.610355118565888 ], [ 120.771167222366458, 22.610080967431067 ], [ 120.771509860930934, 22.610092371623455 ], [ 120.771658323370517, 22.609852514561297 ], [ 120.771978111417866, 22.609726862986772 ], [ 120.772286481530799, 22.609658319033965 ], [ 120.772800435713677, 22.609612607570597 ], [ 120.773234427070832, 22.609327050523799 ], [ 120.773634171283931, 22.609327030437782 ], [ 120.774125286267818, 22.609338427170318 ], [ 120.774593542745194, 22.609075711222172 ], [ 120.775084655064674, 22.609041422316771 ], [ 120.775541500930856, 22.608961449495332 ], [ 120.775906962709485, 22.608641631665808 ], [ 120.776352383982811, 22.608504552371457 ], [ 120.776763535474402, 22.608264682113834 ], [ 120.777340295397337, 22.608026802282335 ], [ 120.777808537225511, 22.607512815330185 ], [ 120.77812832127465, 22.607318635302455 ], [ 120.778539466773623, 22.606975972362278 ], [ 120.778950626253021, 22.606873159019994 ], [ 120.779293238847757, 22.60643912824882 ], [ 120.779453121219419, 22.60617642779966 ], [ 120.779807172385688, 22.606039353099366 ], [ 120.780172637492143, 22.605776642322386 ], [ 120.780480995617822, 22.605502513005465 ], [ 120.780903582349708, 22.605502491775326 ], [ 120.781326147780035, 22.605136985446755 ], [ 120.781577412237709, 22.605079865777082 ], [ 120.782011420897277, 22.605091265382807 ], [ 120.78219414646081, 22.604839985197572 ], [ 120.782445408921191, 22.604748601300358 ], [ 120.782913678706038, 22.604714313547976 ], [ 120.783290564408418, 22.604440180790991 ], [ 120.783656042160118, 22.604394476793761 ], [ 120.783930147145725, 22.604303091749433 ], [ 120.78443268404591, 22.604325909322579 ], [ 120.784706788365284, 22.604223102869241 ], [ 120.785037985686913, 22.603891865362865 ], [ 120.7853349351942, 22.603834743399378 ], [ 120.785631888029428, 22.603834728482056 ], [ 120.785917407620673, 22.603629128772663 ], [ 120.786180092673291, 22.60356058712134 ], [ 120.786397104655109, 22.603697633130849 ], [ 120.786785420936383, 22.60358339953185 ], [ 120.786933894025651, 22.603526285027364 ], [ 120.787265112644889, 22.603560532616473 ], [ 120.787619169796173, 22.60352625060332 ], [ 120.787710535239626, 22.603446296149396 ], [ 120.7879960708038, 22.603514810260975 ], [ 120.788452917323099, 22.603446258856856 ], [ 120.788795549217014, 22.603343448962661 ], [ 120.789126766503657, 22.603354853733595 ], [ 120.78936661967802, 22.603469055776554 ], [ 120.790018104546974, 22.603417626709039 ], [ 120.790406437242879, 22.603585121202407 ], [ 120.790764307469274, 22.60365363167999 ], [ 120.791099323632892, 22.603524172214154 ], [ 120.791716075370033, 22.603585055414474 ], [ 120.792134851453014, 22.603524120195967 ], [ 120.792325198731817, 22.603402282270697 ], [ 120.792644992756252, 22.603379423388148 ], [ 120.792972405836494, 22.603440321122825 ], [ 120.793299816254006, 22.603455533221457 ], [ 120.793650058103651, 22.603280387355571 ], [ 120.793962236176966, 22.603227071765041 ], [ 120.794472389014686, 22.603280346047601 ], [ 120.794731259431174, 22.603082361954005 ], [ 120.795012975035121, 22.602930062349195 ], [ 120.795416528976673, 22.602975727713787 ], [ 120.795827692212086, 22.602937635697085 ], [ 120.79632260604825, 22.602808168201395 ], [ 120.796718542263832, 22.602792919767502 ], [ 120.79695458878966, 22.60291473627294 ], [ 120.797365756460721, 22.602952786982456 ], [ 120.797822617168009, 22.603127892304009 ], [ 120.798096729687657, 22.603165949898113 ], [ 120.798195725943202, 22.603371530286207 ], [ 120.798599285649971, 22.603516181194326 ], [ 120.79887341103715, 22.603775052693273 ], [ 120.7991399084937, 22.603797882123942 ], [ 120.799375948806301, 22.603813098812136 ], [ 120.799688137968346, 22.603950140036655 ], [ 120.799825197213494, 22.604020406542734 ], [ 120.800120249267636, 22.604067980924778 ], [ 120.800177361681577, 22.604172674304181 ], [ 120.800634211071127, 22.604153615673066 ], [ 120.801186249850147, 22.604343944756778 ], [ 120.801814425940606, 22.604458127289153 ], [ 120.802214163469486, 22.604343893120159 ], [ 120.802671007310025, 22.60422965608247 ], [ 120.803165932008838, 22.604286738264559 ], [ 120.803480006185993, 22.60410588351419 ], [ 120.803689399879019, 22.604172497880406 ], [ 120.804098651797077, 22.604001156189803 ], [ 120.804355621325669, 22.603848857830656 ], [ 120.804660189985881, 22.603877396053289 ], [ 120.804860053757295, 22.603734618403553 ], [ 120.80550726084185, 22.603772657255124 ], [ 120.805697611331439, 22.603706022808897 ], [ 120.806097359949817, 22.603782145453462 ], [ 120.806306754750764, 22.603867795500712 ], [ 120.806573250871153, 22.603867782113813 ], [ 120.806782637352029, 22.603810664551986 ], [ 120.807237109442454, 22.60382828938533 ], [ 120.807322771682763, 22.603875874285247 ], [ 120.807598778865412, 22.603761646333361 ], [ 120.808274533554624, 22.603704505344872 ], [ 120.808579100547945, 22.603704490045711 ], [ 120.808807515254671, 22.603523639601001 ], [ 120.809350021882906, 22.603466505306208 ], [ 120.809676746625684, 22.603466488894203 ], [ 120.809646249304919, 22.603215005207993 ], [ 120.809760410015059, 22.602324129597903 ], [ 120.809722310745585, 22.601836818075437 ], [ 120.809623316712418, 22.601669309053982 ], [ 120.809622031156906, 22.601385677470287 ], [ 120.809279359129008, 22.600799395703813 ], [ 120.809279334728856, 22.600380610720766 ], [ 120.808830074014736, 22.599961848300588 ], [ 120.808487405094056, 22.599428866439474 ], [ 120.808327462619005, 22.59865983295488 ], [ 120.808243651248119, 22.597708053108288 ], [ 120.808121794288596, 22.597190288701636 ], [ 120.807597658085854, 22.596723940835538 ], [ 120.806959937676041, 22.5961529024258 ], [ 120.806836204008007, 22.596095801596061 ], [ 120.806436411594674, 22.595267769541501 ], [ 120.806179378864329, 22.594335034071459 ], [ 120.806245940254158, 22.593259514743956 ], [ 120.80633692650774, 22.592797101754542 ], [ 120.806460630797488, 22.59234975703686 ], [ 120.80658432566517, 22.591740609030417 ], [ 120.806869839486168, 22.591436023797801 ], [ 120.807212468486924, 22.591283721146763 ], [ 120.807631225934145, 22.59090298650101 ], [ 120.808230818925537, 22.590503207096191 ], [ 120.808573434624392, 22.590122476274978 ], [ 120.809030242994524, 22.589399097463403 ], [ 120.80920028759094, 22.58935657661403 ], [ 120.809146281444214, 22.589226081161875 ], [ 120.809108204363199, 22.589119483259907 ], [ 120.808887387086102, 22.589012894531781 ], [ 120.808742709784013, 22.588875844891682 ], [ 120.80866655606539, 22.588670263359791 ], [ 120.808567563812431, 22.588533211426078 ], [ 120.808354366030073, 22.588517993583906 ], [ 120.808133548752764, 22.588411404855382 ], [ 120.807988871007339, 22.588266740942505 ], [ 120.807859415848441, 22.588023090723883 ], [ 120.807608457355471, 22.587886046418522 ], [ 120.807281048279748, 22.587893677126711 ], [ 120.807121153267659, 22.587939370787907 ], [ 120.806854647837454, 22.587779484445349 ], [ 120.806793728231909, 22.587672887689518 ], [ 120.806565305202156, 22.587710970518312 ], [ 120.80635971849054, 22.587642452386689 ], [ 120.806085608194721, 22.58764246614674 ], [ 120.805872412627821, 22.587665319666218 ], [ 120.805782075153573, 22.587687909187718 ], [ 120.805790517588505, 22.586932608685597 ], [ 120.805842834287262, 22.586404365909011 ], [ 120.806072803432244, 22.585676239564197 ], [ 120.806186966189188, 22.584819628185866 ], [ 120.806729419637193, 22.583848781225893 ], [ 120.806815055281604, 22.583439509785631 ], [ 120.806881661583631, 22.583134935546376 ], [ 120.806615156598752, 22.582982663473906 ], [ 120.806461471894181, 22.582619517982469 ], [ 120.806126440221888, 22.582482477893713 ], [ 120.805974146530815, 22.582307357271539 ], [ 120.805913220279422, 22.582086546429185 ], [ 120.805875140541261, 22.581934262891949 ], [ 120.805738076086527, 22.581774370049953 ], [ 120.805547715509661, 22.58166777978964 ], [ 120.805387809416473, 22.581523116638753 ], [ 120.805311660133668, 22.581393677829134 ], [ 120.805288799882717, 22.581089108079439 ], [ 120.80528879190598, 22.580952051176311 ], [ 120.805090818040568, 22.580860689842407 ], [ 120.805037508623926, 22.580685564252033 ], [ 120.804923277388326, 22.580365770542816 ], [ 120.804778598316034, 22.580198263809859 ], [ 120.804443565313619, 22.580038380901897 ], [ 120.804344576608372, 22.579962243145264 ], [ 120.804161822230171, 22.579718595598415 ], [ 120.803994305507331, 22.579634847007988 ], [ 120.803493667117152, 22.579525099703439 ], [ 120.803295693694238, 22.579441352641165 ], [ 120.802983486377968, 22.5789921262337 ], [ 120.802709369876112, 22.578885540174809 ], [ 120.802412404203039, 22.578664741175544 ], [ 120.802306373552852, 22.578546940771421 ], [ 120.80220677406885, 22.577850024340954 ], [ 120.80234375744277, 22.576616505329795 ], [ 120.802602604834703, 22.576022579091113 ], [ 120.802678595763481, 22.575475180473326 ], [ 120.802764245264171, 22.575303855046112 ], [ 120.802906967298171, 22.574551938482323 ], [ 120.802992611261743, 22.574285434650278 ], [ 120.803259086897469, 22.573933261181274 ], [ 120.80326857416199, 22.573409779476201 ], [ 120.80340181004216, 22.573200380300268 ], [ 120.803297037621917, 22.571867887883172 ], [ 120.803317574167309, 22.570403527432031 ], [ 120.803117627340072, 22.569118628992758 ], [ 120.802965305645387, 22.568461905638042 ], [ 120.802403727029372, 22.567890863375066 ], [ 120.802156243648156, 22.567500644326802 ], [ 120.801908760820993, 22.56711994311901 ], [ 120.801699359938837, 22.566929596811232 ], [ 120.801290079214226, 22.566606010760864 ], [ 120.800909351645871, 22.566282423278 ], [ 120.800357297944544, 22.565835112460263 ], [ 120.800216926028682, 22.565605883385185 ], [ 120.799970207289164, 22.565202988630816 ], [ 120.799579959234904, 22.564831812420788 ], [ 120.799123031808165, 22.563508855498096 ], [ 120.798723241687668, 22.562718894780186 ], [ 120.798154476403838, 22.561315636683059 ], [ 120.797554772142163, 22.559802330103309 ], [ 120.796734494627785, 22.557748503600912 ], [ 120.796307570102897, 22.558614685107827 ], [ 120.796022049601874, 22.558805056235421 ], [ 120.795127421648928, 22.559452314253381 ], [ 120.793469874121172, 22.560456973718978 ], [ 120.792221190119989, 22.561157549406108 ], [ 120.790865897039538, 22.561675387901637 ], [ 120.788246665034038, 22.562436946506701 ], [ 120.786769515920213, 22.562452249127475 ], [ 120.785916740685039, 22.562665491526413 ], [ 120.785353312078428, 22.56301577632405 ], [ 120.784317816998438, 22.563579284431629 ], [ 120.783510733894971, 22.563914352905968 ], [ 120.781413705004411, 22.564089491168609 ], [ 120.779586302248205, 22.564078161406641 ], [ 120.777964478235731, 22.563998292879468 ], [ 120.776719566527944, 22.564101147996805 ], [ 120.775303347822401, 22.564409597072803 ], [ 120.774024195561992, 22.564912203234229 ], [ 120.77316761609255, 22.565174938608934 ], [ 120.771363106304037, 22.56603163481466 ], [ 120.769592844358954, 22.566614215484275 ], [ 120.767989318107226, 22.566943232505515 ], [ 120.766436027164403, 22.566958538962577 ], [ 120.764182215225404, 22.566684538182443 ], [ 120.762628909212097, 22.566440959356292 ], [ 120.761913188207458, 22.566638966354923 ], [ 120.761212691124896, 22.566760829859945 ], [ 120.759370091589361, 22.56729392139956 ], [ 120.758834953329227, 22.567411012722125 ], [ 120.758395489488208, 22.567507169932814 ], [ 120.757664548096869, 22.567842234615114 ], [ 120.756461535774761, 22.568314379895011 ], [ 120.755151939160399, 22.569030187266041 ], [ 120.754527608628209, 22.569578446254482 ], [ 120.753918489617305, 22.569837362099772 ], [ 120.752991095881882, 22.570233957755075 ], [ 120.750889027560305, 22.571385779729084 ], [ 120.75112286937167, 22.571713124056139 ], [ 120.751170516111145, 22.572712495029901 ], [ 120.750575762445763, 22.574497120166761 ], [ 120.750385527118056, 22.576543465655352 ], [ 120.750314261918206, 22.578566010573439 ], [ 120.750105908936419, 22.580027961502498 ], [ 120.750014589347174, 22.580895993242464 ], [ 120.74974054283436, 22.58199246235354 ], [ 120.749466546856425, 22.583956958623375 ], [ 120.749146863175554, 22.585875771550988 ], [ 120.748827150244949, 22.587292042443337 ], [ 120.749009948991699, 22.588297117348556 ], [ 120.749507270452668, 22.590285179151998 ], [ 120.750002256187173, 22.591389223934659 ], [ 120.750145038061262, 22.591665234174179 ], [ 120.750402059182477, 22.592398095078174 ], [ 120.750925574799368, 22.593102389074698 ], [ 120.750973181138846, 22.593406957617855 ], [ 120.751239716657196, 22.594082710992488 ], [ 120.751423070786714, 22.594818240589699 ], [ 120.751590603059498, 22.595168488749984 ], [ 120.75244349011821, 22.596874043144702 ], [ 120.752854718607153, 22.597955249304455 ], [ 120.753250693903937, 22.598610056922784 ], [ 120.753448724586391, 22.599676045242131 ], [ 120.753555600560844, 22.600355137876448 ], [ 120.753555686526155, 22.601830403330549 ], [ 120.754031655716133, 22.603258055670857 ], [ 120.754098402901775, 22.605371013169073 ], [ 120.754441074100015, 22.605942066453565 ], [ 120.754726657288458, 22.606827211380789 ], [ 120.754641031098529, 22.607398286183543 ], [ 120.754298444784624, 22.608283462673565 ], [ 120.753898778788241, 22.609625498435253 ], [ 120.753442021461368, 22.611224518795609 ], [ 120.753413524906719, 22.612195340083677 ], [ 120.753479415182525, 22.612326315422195 ], [ 120.754147923983979, 22.612297576194226 ], [ 120.755385225336681, 22.612259442646998 ], [ 120.757507686274963, 22.612421139291417 ], [ 120.758764034711177, 22.612582879461279 ], [ 120.760534343334953, 22.612801700850813 ], [ 120.76120058648479, 22.612849256576201 ], [ 120.762218993584327, 22.613039562226795 ], [ 120.763589554641044, 22.613201296654196 ], [ 120.765445513840035, 22.613267828271589 ], [ 120.765987994439598, 22.612763355410078 ] ] ] ] } },
{ "type": "Feature", "properties": { "番號": "81", "類型": null, "分區": "要", "郡\n支廳": "大武", "庄 (區)": null, "大字": null, "地名": "Birarau社蕃地", "土地\n類型": "山林", "面積\n(公頃)": "2,298.00", "區分理由": "第七條第一號", "地        況": "位於太麻里溪源頭右岸，為東向地。地勢與番號80相同，基岩及土壤狀況等，與番號38相同。海拔高度介於606至3,231公尺。\n東側、北側及南側以溪流與要存置林野82、84及80相鄰。西側以中央山脈與高雄州為界。", "林        況": "天然林，1,900公尺以下為栲櫧植物、櫟屬植物為主要樹種的闊葉林。1,900公尺至2,500公尺之間為紅檜、臺灣鐵杉的針闊葉混合林。2,500公尺以上為臺灣鐵杉的針葉林，但是分布面積並不大。", "參  考  事  項": "同上\r" }, "geometry": { "type": "MultiPolygon", "coordinates": [ [ [ [ 120.783107944508927, 22.654014738369327 ], [ 120.784192949798467, 22.65376341273894 ], [ 120.78565484674705, 22.653340746993919 ], [ 120.787317883743867, 22.652899669967379 ], [ 120.788543741475053, 22.652480823246346 ], [ 120.790431998625039, 22.651483258440795 ], [ 120.792061381824837, 22.65062276358638 ], [ 120.793058817407129, 22.6502572282836 ], [ 120.792987183719291, 22.650037250785775 ], [ 120.79328223022344, 22.649989646730088 ], [ 120.793758109492472, 22.649875408685386 ], [ 120.793853280007582, 22.649761189801815 ], [ 120.794167360836397, 22.649694549106332 ], [ 120.794490954935014, 22.649551765203132 ], [ 120.79502392883785, 22.649237649622719 ], [ 120.795166662367336, 22.648685607656073 ], [ 120.795547367783243, 22.648628481449634 ], [ 120.795937570343341, 22.648219194645606 ], [ 120.796137441881811, 22.64820966674549 ], [ 120.796518140624201, 22.648038326447317 ], [ 120.796651369225629, 22.64770519530552 ], [ 120.796794124442457, 22.647524349141445 ], [ 120.797431798811218, 22.647305406706387 ], [ 120.797612614894817, 22.646953237488873 ], [ 120.798145596580554, 22.646772371687632 ], [ 120.798419700741789, 22.646667280929012 ], [ 120.79900787040593, 22.646233237780969 ], [ 120.799419034519957, 22.646210374271654 ], [ 120.799538949102498, 22.646061889917842 ], [ 120.799887288933675, 22.645913394069517 ], [ 120.800167102190912, 22.645782033783473 ], [ 120.800418368963648, 22.645764889025678 ], [ 120.800578262301073, 22.645690641819996 ], [ 120.800932318100195, 22.645633516957734 ], [ 120.801057941979266, 22.645462189499124 ], [ 120.801326341979447, 22.64546788669756 ], [ 120.802068723367839, 22.645456427931297 ], [ 120.802306277119186, 22.645310793011287 ], [ 120.802780237491817, 22.644933862661397 ], [ 120.803374136462836, 22.644819618685879 ], [ 120.803631109194868, 22.644722523778007 ], [ 120.804002277205285, 22.644328466488542 ], [ 120.804304938321934, 22.64428847632761 ], [ 120.804367747592934, 22.644157126962938 ], [ 120.804556192417152, 22.644054324799523 ], [ 120.805132943148919, 22.643660257167223 ], [ 120.805589776963672, 22.643374698955423 ], [ 120.806177948623613, 22.642974920045891 ], [ 120.806350525691585, 22.642788361682491 ], [ 120.80654849067983, 22.64272743754054 ], [ 120.806761680460298, 22.642605598451418 ], [ 120.806997712320253, 22.642476143940669 ], [ 120.807226118888195, 22.642156332997306 ], [ 120.807401240462482, 22.642080181459942 ], [ 120.807759101787468, 22.641996406455721 ], [ 120.807972264442569, 22.641410096738205 ], [ 120.808490022993553, 22.641318699417535 ], [ 120.808687979087949, 22.641105489824596 ], [ 120.809068666929306, 22.6407475998591 ], [ 120.809236177440823, 22.640724748613657 ], [ 120.809373229919146, 22.640679056082856 ], [ 120.809525506300517, 22.640557220060327 ], [ 120.809662551219901, 22.640382084895833 ], [ 120.809647308641971, 22.640138428939387 ], [ 120.809700589191138, 22.639818626809657 ], [ 120.809890933778988, 22.639651103236819 ], [ 120.809959450681205, 22.639468357247647 ], [ 120.810106014875785, 22.639319871558804 ], [ 120.810140258988568, 22.638982938274019 ], [ 120.810111681491421, 22.638566058287559 ], [ 120.810191620323224, 22.638394733133008 ], [ 120.810180174387, 22.637972141580502 ], [ 120.810123055072225, 22.637749426980776 ], [ 120.810180142378016, 22.63742391395634 ], [ 120.810308382506506, 22.637233312744886 ], [ 120.810355955817158, 22.636971569731912 ], [ 120.810346420039025, 22.636662240388283 ], [ 120.810470133986627, 22.636381457864292 ], [ 120.810608112843326, 22.63590079996801 ], [ 120.810646157046264, 22.635443941700434 ], [ 120.810274922964766, 22.634706327717915 ], [ 120.810278823789034, 22.63413817588367 ], [ 120.810263565659682, 22.633628020389374 ], [ 120.809981814969575, 22.633178792478667 ], [ 120.809936100587294, 22.632676252788642 ], [ 120.809722884137912, 22.632341235518901 ], [ 120.809608648405913, 22.631945299090695 ], [ 120.809707616234519, 22.63166356602861 ], [ 120.809547700787419, 22.631359003168296 ], [ 120.809555293630609, 22.630993517703235 ], [ 120.809661881856414, 22.630818384074129 ], [ 120.809646625510325, 22.630338685669919 ], [ 120.809644503469784, 22.63033576291226 ], [ 120.809526533974918, 22.63017327956933 ], [ 120.809497940270617, 22.629478478636248 ], [ 120.809678751371294, 22.629040648872021 ], [ 120.809907148843322, 22.628564745352595 ], [ 120.810154561202921, 22.627736680772696 ], [ 120.81021454431567, 22.627017509715486 ], [ 120.810321098333375, 22.626256077104483 ], [ 120.810305831776418, 22.625601250434595 ], [ 120.810267724473221, 22.624976882003143 ], [ 120.810419985312535, 22.624588546449186 ], [ 120.81060269174553, 22.624009852552078 ], [ 120.810785407952139, 22.623598672650299 ], [ 120.810793005691181, 22.623316944185326 ], [ 120.810975721454469, 22.622898150011615 ], [ 120.810990937366554, 22.622684949616545 ], [ 120.81103661530814, 22.622563118960137 ], [ 120.811150825264576, 22.622517427583713 ], [ 120.811259943706133, 22.622207775016349 ], [ 120.81126943810537, 22.621808025232877 ], [ 120.811164705448633, 22.62116081733565 ], [ 120.811174187635373, 22.620551675059353 ], [ 120.811402563469201, 22.619704575765137 ], [ 120.811707091045122, 22.619028793775065 ], [ 120.811992574858905, 22.618210245134705 ], [ 120.811983033271446, 22.617800978468932 ], [ 120.811726017683242, 22.61716329606751 ], [ 120.811573697554309, 22.616535126244205 ], [ 120.81156415263888, 22.616068752535227 ], [ 120.811478460981476, 22.615516722087904 ], [ 120.811340710446416, 22.615016852023242 ], [ 120.811466286389745, 22.614023183155794 ], [ 120.811660439188998, 22.613874695085851 ], [ 120.812003027773557, 22.613029493627561 ], [ 120.812082941315325, 22.612424154952159 ], [ 120.812094345929992, 22.612138619162586 ], [ 120.811900140525765, 22.61138481594929 ], [ 120.811751634820482, 22.610882281430019 ], [ 120.811705897837513, 22.60999141385237 ], [ 120.811751566906722, 22.60971729774986 ], [ 120.811842904380313, 22.609157644136459 ], [ 120.811751506886665, 22.608687657762438 ], [ 120.811294614236346, 22.60796432483626 ], [ 120.810752067668588, 22.607336174617569 ], [ 120.810818627902549, 22.606241619610081 ], [ 120.810742451207773, 22.60564199948249 ], [ 120.81058062281312, 22.605175633425066 ], [ 120.810027025046779, 22.604364741219765 ], [ 120.809707191988437, 22.603717544128237 ], [ 120.809676746625684, 22.603466488894203 ], [ 120.809350021882906, 22.603466505306208 ], [ 120.808807515254671, 22.603523639601001 ], [ 120.808579100547945, 22.603704490045711 ], [ 120.808274533554624, 22.603704505344872 ], [ 120.807598778865412, 22.603761646333361 ], [ 120.807322771682763, 22.603875874285247 ], [ 120.807237109442454, 22.60382828938533 ], [ 120.806782637352029, 22.603810664551986 ], [ 120.806573250871153, 22.603867782113813 ], [ 120.806306754750764, 22.603867795500712 ], [ 120.806097359949817, 22.603782145453462 ], [ 120.805697611331439, 22.603706022808897 ], [ 120.80550726084185, 22.603772657255124 ], [ 120.804860053757295, 22.603734618403553 ], [ 120.804660189985881, 22.603877396053289 ], [ 120.804355621325669, 22.603848857830656 ], [ 120.804098651797077, 22.604001156189803 ], [ 120.803689399879019, 22.604172497880406 ], [ 120.803480006185993, 22.60410588351419 ], [ 120.803165932008838, 22.604286738264559 ], [ 120.802671007310025, 22.60422965608247 ], [ 120.802214163469486, 22.604343893120159 ], [ 120.801814425940606, 22.604458127289153 ], [ 120.801186249850147, 22.604343944756778 ], [ 120.800634211071127, 22.604153615673066 ], [ 120.800177361681577, 22.604172674304181 ], [ 120.800120249267636, 22.604067980924778 ], [ 120.799825197213494, 22.604020406542734 ], [ 120.799688137968346, 22.603950140036655 ], [ 120.799375948806301, 22.603813098812136 ], [ 120.7991399084937, 22.603797882123942 ], [ 120.79887341103715, 22.603775052693273 ], [ 120.798599285649971, 22.603516181194326 ], [ 120.798195725943202, 22.603371530286207 ], [ 120.798096729687657, 22.603165949898113 ], [ 120.797822617168009, 22.603127892304009 ], [ 120.797365756460721, 22.602952786982456 ], [ 120.79695458878966, 22.60291473627294 ], [ 120.796718542263832, 22.602792919767502 ], [ 120.79632260604825, 22.602808168201395 ], [ 120.795827692212086, 22.602937635697085 ], [ 120.795416528976673, 22.602975727713787 ], [ 120.795012975035121, 22.602930062349195 ], [ 120.794731259431174, 22.603082361954005 ], [ 120.794472389014686, 22.603280346047601 ], [ 120.793962236176966, 22.603227071765041 ], [ 120.793650058103651, 22.603280387355571 ], [ 120.793299816254006, 22.603455533221457 ], [ 120.792972405836494, 22.603440321122825 ], [ 120.792644992756252, 22.603379423388148 ], [ 120.792325198731817, 22.603402282270697 ], [ 120.792134851453014, 22.603524120195967 ], [ 120.791716075370033, 22.603585055414474 ], [ 120.791099323632892, 22.603524172214154 ], [ 120.790764307469274, 22.60365363167999 ], [ 120.790406437242879, 22.603585121202407 ], [ 120.790018104546974, 22.603417626709039 ], [ 120.78936661967802, 22.603469055776554 ], [ 120.789126766503657, 22.603354853733595 ], [ 120.788795549217014, 22.603343448962661 ], [ 120.788452917323099, 22.603446258856856 ], [ 120.7879960708038, 22.603514810260975 ], [ 120.787710535239626, 22.603446296149396 ], [ 120.787619169796173, 22.60352625060332 ], [ 120.787265112644889, 22.603560532616473 ], [ 120.786933894025651, 22.603526285027364 ], [ 120.786785420936383, 22.60358339953185 ], [ 120.786397104655109, 22.603697633130849 ], [ 120.786180092673291, 22.60356058712134 ], [ 120.785917407620673, 22.603629128772663 ], [ 120.785631888029428, 22.603834728482056 ], [ 120.7853349351942, 22.603834743399378 ], [ 120.785037985686913, 22.603891865362865 ], [ 120.784706788365284, 22.604223102869241 ], [ 120.78443268404591, 22.604325909322579 ], [ 120.783930147145725, 22.604303091749433 ], [ 120.783656042160118, 22.604394476793761 ], [ 120.783290564408418, 22.604440180790991 ], [ 120.782913678706038, 22.604714313547976 ], [ 120.782445408921191, 22.604748601300358 ], [ 120.78219414646081, 22.604839985197572 ], [ 120.782011420897277, 22.605091265382807 ], [ 120.781577412237709, 22.605079865777082 ], [ 120.781326147780035, 22.605136985446755 ], [ 120.780903582349708, 22.605502491775326 ], [ 120.780480995617822, 22.605502513005465 ], [ 120.780172637492143, 22.605776642322386 ], [ 120.779807172385688, 22.606039353099366 ], [ 120.779453121219419, 22.60617642779966 ], [ 120.779293238847757, 22.60643912824882 ], [ 120.778950626253021, 22.606873159019994 ], [ 120.778539466773623, 22.606975972362278 ], [ 120.77812832127465, 22.607318635302455 ], [ 120.777808537225511, 22.607512815330185 ], [ 120.777340295397337, 22.608026802282335 ], [ 120.776763535474402, 22.608264682113834 ], [ 120.776352383982811, 22.608504552371457 ], [ 120.775906962709485, 22.608641631665808 ], [ 120.775541500930856, 22.608961449495332 ], [ 120.775084655064674, 22.609041422316771 ], [ 120.774593542745194, 22.609075711222172 ], [ 120.774125286267818, 22.609338427170318 ], [ 120.773634171283931, 22.609327030437782 ], [ 120.773234427070832, 22.609327050523799 ], [ 120.772800435713677, 22.609612607570597 ], [ 120.772286481530799, 22.609658319033965 ], [ 120.771978111417866, 22.609726862986772 ], [ 120.771658323370517, 22.609852514561297 ], [ 120.771509860930934, 22.610092371623455 ], [ 120.771167222366458, 22.610080967431067 ], [ 120.770424856232751, 22.610355118565888 ], [ 120.769396960512296, 22.610663548278549 ], [ 120.768883025636143, 22.611040480623956 ], [ 120.768232020283534, 22.611154727434862 ], [ 120.768049294719518, 22.611406007630794 ], [ 120.767843727294931, 22.611668710384691 ], [ 120.767318351842675, 22.611714422425131 ], [ 120.766758731911679, 22.612091357069229 ], [ 120.765987994439598, 22.612763355410078 ], [ 120.765445513840035, 22.613267828271589 ], [ 120.763589554641044, 22.613201296654196 ], [ 120.762218993584327, 22.613039562226795 ], [ 120.76120058648479, 22.612849256576201 ], [ 120.760534343334953, 22.612801700850813 ], [ 120.758764034711177, 22.612582879461279 ], [ 120.757507686274963, 22.612421139291417 ], [ 120.755385225336681, 22.612259442646998 ], [ 120.754147923983979, 22.612297576194226 ], [ 120.753479415182525, 22.612326315422195 ], [ 120.753803249552291, 22.612970026737436 ], [ 120.754488558677707, 22.613541062798866 ], [ 120.754897858369517, 22.614188255464555 ], [ 120.755335726762766, 22.615101946261245 ], [ 120.755697446739546, 22.615901426783537 ], [ 120.756044810710151, 22.616426971851915 ], [ 120.756661610907685, 22.617317810831242 ], [ 120.75742689153148, 22.618277170805303 ], [ 120.757815244474457, 22.618791114734243 ], [ 120.758363493776258, 22.619282207804488 ], [ 120.758500570925236, 22.6196591074435 ], [ 120.7587861291655, 22.620115949488202 ], [ 120.758991735229671, 22.620515688501861 ], [ 120.759174506096059, 22.621041064173141 ], [ 120.759608541430879, 22.621509320162176 ], [ 120.760054012688713, 22.622228846594975 ], [ 120.761104873555581, 22.624021955125929 ], [ 120.762041533790779, 22.626020654772244 ], [ 120.762589846416063, 22.62759678177375 ], [ 120.762647002057705, 22.628441963236035 ], [ 120.762361534461434, 22.62953843294806 ], [ 120.762190266837976, 22.630417890129216 ], [ 120.762220696056389, 22.630767594363409 ], [ 120.762637874350702, 22.631522397393095 ], [ 120.763002452780768, 22.63237501903701 ], [ 120.763345114575841, 22.632784268992605 ], [ 120.763906691699646, 22.633326757719708 ], [ 120.764496811425232, 22.633688406019008 ], [ 120.765029824833249, 22.634050057190116 ], [ 120.765562831017306, 22.634287976420151 ], [ 120.76595307585373, 22.634602045563248 ], [ 120.766267184490658, 22.635011296951564 ], [ 120.766562264357177, 22.63553476339569 ], [ 120.7668954484447, 22.636629298417819 ], [ 120.767123903165526, 22.637133732529254 ], [ 120.767723557838281, 22.637790433431508 ], [ 120.768056710809304, 22.638351969324251 ], [ 120.768286810305398, 22.638499722238592 ], [ 120.768503834983775, 22.638853775026515 ], [ 120.769109221299345, 22.63987025004791 ], [ 120.769440461279856, 22.640269982727929 ], [ 120.770274275532316, 22.641332131892554 ], [ 120.771267986138014, 22.642371430189041 ], [ 120.77191903683358, 22.643033839199862 ], [ 120.77272998187874, 22.643639133114487 ], [ 120.772969841081391, 22.643856127831253 ], [ 120.773152600639278, 22.644187339518886 ], [ 120.773323946940266, 22.644655608698393 ], [ 120.77375029304666, 22.645196478244582 ], [ 120.774092951513438, 22.645548621136125 ], [ 120.774606935043494, 22.64600545166191 ], [ 120.775035252983571, 22.646357590241848 ], [ 120.775387431393867, 22.646747804018691 ], [ 120.775520684467864, 22.64683345788573 ], [ 120.775901415479893, 22.647214152383629 ], [ 120.77630117859438, 22.647537738874433 ], [ 120.776529608860642, 22.647623387951121 ], [ 120.776862751276624, 22.648004084842821 ], [ 120.777205409743587, 22.648356227730844 ], [ 120.777723199360352, 22.648795925945198 ], [ 120.778027786839473, 22.649146167180007 ], [ 120.77822577497399, 22.649481185233398 ], [ 120.778515126984374, 22.649709598864099 ], [ 120.778774026742354, 22.650014156758665 ], [ 120.77952025774772, 22.650729860872982 ], [ 120.780083730748274, 22.651141003259728 ], [ 120.780388322677567, 22.651567387222549 ], [ 120.781051895789759, 22.652071482153328 ], [ 120.781651547691567, 22.652680593817028 ], [ 120.782041808660736, 22.653270680337137 ], [ 120.782470154413389, 22.654098710973432 ], [ 120.782665895014972, 22.654380428874578 ], [ 120.783107944508927, 22.654014738369327 ] ] ] ] } },
{ "type": "Feature", "properties": { "番號": "19", "類型": "(保)", "分區": "要", "郡\n支廳": "〃", "庄 (區)": "〃", "大字": "〃", "地名": "大武", "土地\n類型": "山林", "面積\n(公頃)": "22.5", "區分理由": "第七條第一號", "地        況": "大武支廳所在地後方之丘陵地，整體多為陡坡地及緩坡地。海岸附近為沖積層，其餘狀況與番號18相同。為海拔高度60公尺以下之地。\n南側與不要存置林野六連接，其餘部分以溪畔及既有登錄地界為界。", "林        況": "番石榴、黃荊，其餘則為叢林。", "參  考  事  項": "本區域依據大正3年3月15日告示第46號，選定編入為防風保安林。(詳情參見〈保安林編入調書〉)。\r" }, "geometry": { "type": "MultiPolygon", "coordinates": [ [ [ [ 120.906133032336612, 22.360327528269433 ], [ 120.906989604502868, 22.359939157923204 ], [ 120.907355072344473, 22.359722133063922 ], [ 120.907880404349925, 22.358922608614371 ], [ 120.907423527708957, 22.35846577513421 ], [ 120.906840979147773, 22.357346506422299 ], [ 120.906407000151788, 22.357849069805205 ], [ 120.906863902388508, 22.358751338072658 ], [ 120.906886765909675, 22.359116821889696 ], [ 120.906669775756981, 22.359356682177285 ], [ 120.906308093178353, 22.359193945138287 ], [ 120.905632304680537, 22.358660979840018 ], [ 120.904642410755699, 22.357766352334142 ], [ 120.905089717181497, 22.357309473906135 ], [ 120.904766100054843, 22.357052508383113 ], [ 120.904166462039754, 22.356671824693908 ], [ 120.903623931963836, 22.356319691677275 ], [ 120.903513051278651, 22.356042531766832 ], [ 120.902782445163297, 22.356126601077694 ], [ 120.901861114887922, 22.355860147424188 ], [ 120.901251983213456, 22.355898249050178 ], [ 120.900193617501131, 22.355974444354985 ], [ 120.899776056276707, 22.356046048647663 ], [ 120.899923327691823, 22.356206693023463 ], [ 120.899732993920665, 22.356564573172697 ], [ 120.899496977734898, 22.356968141212725 ], [ 120.8991010634726, 22.357364102931502 ], [ 120.898831281265245, 22.357673645170571 ], [ 120.898835184259198, 22.357677918269985 ], [ 120.89920019895537, 22.3580892775461 ], [ 120.899657055260505, 22.358192047480891 ], [ 120.900113924691041, 22.358523245514203 ], [ 120.90061643584572, 22.358100628551565 ], [ 120.90165579937468, 22.35860311870259 ], [ 120.902946429962668, 22.359094174956269 ], [ 120.90341470358571, 22.359128415892616 ], [ 120.904259895847133, 22.359459594618723 ], [ 120.90495663076365, 22.360122001464482 ], [ 120.9053563899529, 22.360384673902931 ], [ 120.906133032336612, 22.360327528269433 ] ] ] ] } },
{ "type": "Feature", "properties": { "番號": "18", "類型": null, "分區": "要", "郡\n支廳": "大武", "庄 (區)": "大武", "大字": "大武", "地名": "大武", "土地\n類型": "山林", "面積\n(公頃)": "50", "區分理由": "第七條第三號 (八)", "地        況": "大武溪下游右岸之北向地，溪畔除少許崩塌地外，整體多為陡坡地。基岩為南部第三紀層。土壤質地為黏質壤土，摻雜石礫，濕度偏乾，結合度較軟。多處地力貧瘠，但大致尚可。為海拔高度182公尺以下之地。\n東側與登錄地鄰接。北側以大武溪溪畔為界。西側以稜線與要存置林野27相鄰。南側以稜線與準要存置林野126接壤。", "林        況": "小部分面積為蕃人的現耕旱田及其開墾舊跡，其餘為闊葉雜林。", "參  考  事  項": null }, "geometry": { "type": "MultiPolygon", "coordinates": [ [ [ [ 120.879316027721472, 22.36231618600625 ], [ 120.879498767233358, 22.36230475551498 ], [ 120.880515230534684, 22.36180216313727 ], [ 120.881645904469408, 22.361265300867338 ], [ 120.882182701741385, 22.361231009963124 ], [ 120.882571014093827, 22.361048248171063 ], [ 120.883279120424802, 22.360842627669609 ], [ 120.883735957713199, 22.360614176850333 ], [ 120.884729569297107, 22.359951685942619 ], [ 120.884935140825505, 22.359757511832239 ], [ 120.885186398708342, 22.359586178261392 ], [ 120.885437669717987, 22.359643272796522 ], [ 120.886956694060572, 22.35958609025451 ], [ 120.88833866721248, 22.359597442957739 ], [ 120.888886898206778, 22.359780158187327 ], [ 120.88937801502297, 22.359825819393301 ], [ 120.89016609904435, 22.360122736750434 ], [ 120.89074859184818, 22.360271186060082 ], [ 120.891433870085336, 22.360316837612821 ], [ 120.891856469839595, 22.360545244706849 ], [ 120.892770176559907, 22.360647991928666 ], [ 120.8941864279128, 22.360910613837898 ], [ 120.894426265841844, 22.360762123647781 ], [ 120.895111522412421, 22.360430868832601 ], [ 120.895796794734906, 22.360373727739503 ], [ 120.896721920081106, 22.360430788773176 ], [ 120.897087409591293, 22.360590670273869 ], [ 120.898218097266835, 22.360293657532115 ], [ 120.898362555123668, 22.360230639756999 ], [ 120.898271276530878, 22.360112895649554 ], [ 120.898198677814634, 22.360025358702817 ], [ 120.898012376697324, 22.359800723449688 ], [ 120.898050435312456, 22.359587521997415 ], [ 120.897678423908488, 22.359112283137254 ], [ 120.897364314099619, 22.358674478226082 ], [ 120.896764662945415, 22.358065366432736 ], [ 120.896909305073137, 22.357592576526546 ], [ 120.89658949622941, 22.357356550052788 ], [ 120.896269695697882, 22.357265194709043 ], [ 120.89587376174515, 22.357318514279992 ], [ 120.895447380723368, 22.357539349305789 ], [ 120.895249413527864, 22.357562201956448 ], [ 120.895021004076582, 22.357836327031958 ], [ 120.894990947654705, 22.357770657090327 ], [ 120.894883004466223, 22.358101096338974 ], [ 120.894140690159318, 22.359277537964854 ], [ 120.893809474928474, 22.359300397240297 ], [ 120.893375443415948, 22.358889248232295 ], [ 120.892901448978336, 22.35867797580001 ], [ 120.89185638595329, 22.358369649811557 ], [ 120.890782772400371, 22.358107010861882 ], [ 120.890051802230261, 22.357941436822745 ], [ 120.888818293654495, 22.357724491440297 ], [ 120.888056110597859, 22.357649909480116 ], [ 120.886898758408407, 22.35768803836174 ], [ 120.886045972282972, 22.357710923563445 ], [ 120.884584051831851, 22.357726224774904 ], [ 120.883571361930748, 22.357642518142466 ], [ 120.88182008099659, 22.357277120224865 ], [ 120.881066267305343, 22.357094415209229 ], [ 120.880327686772532, 22.356995466409192 ], [ 120.879109414171282, 22.356911769993893 ], [ 120.878327767933854, 22.356847087550296 ], [ 120.878121271185591, 22.35683580491613 ], [ 120.878251528026212, 22.356933029484207 ], [ 120.878742669793198, 22.357412704099993 ], [ 120.879073911944019, 22.357858122447237 ], [ 120.879229089700985, 22.358536260682556 ], [ 120.879217756391057, 22.360066729578538 ], [ 120.879137825289504, 22.360375111500073 ], [ 120.879217787241174, 22.360603535634386 ], [ 120.879206386329088, 22.360957599770963 ], [ 120.879206397488105, 22.361151763663479 ], [ 120.879240693434454, 22.361711410826814 ], [ 120.879185553404142, 22.362387363437389 ], [ 120.879316027721472, 22.36231618600625 ] ] ] ] } }
]
}
