{
"type": "FeatureCollection",
"name": "大武準要存置圖層",
"crs": { "type": "name", "properties": { "name": "urn:ogc:def:crs:OGC:1.3:CRS84" } },
"features": [
{ "type": "Feature", "properties": { "番號": "127", "類型": null, "分區": "準要", "郡\n支廳": "大武", "庄 (區)": "大武", "大字": "大武", "地名": null, "土地\n類型": "旱田、\n山林\n原野", "面積\n(公頃)": "746", "區分\n理由": "第八條\n第四號", "地        況": "Sukeya溪兩岸之地，有部分地勢正對太平洋。整體為緩坡地及平坦地。基岩及土壤狀況等，與番號126相同。海拔高度在400公尺以下。\n東側部分以道路、部分以稜線及既有登錄地，與要存置林野20及不要存置林野六相鄰。北側以稜線與準要存置林野126鄰接。西側以稜線，與要存置林野27及26接壤。南側以稜線與準要存置林野128毗鄰。", "林        況": "大部分與番號111相同，海岸附近有芒草地。", "參  考  事  項": "(1) 為實施打腊打蘭、察腊密、大得吉3社中部分蕃人的移住計畫，本區有必要保留為蕃人所要地。\n(2) 設有阿塱衛警察官吏駐在所。" }, "geometry": { "type": "MultiPolygon", "coordinates": [ [ [ [ 120.866714106315257, 22.347278415978295 ], [ 120.867332706568035, 22.346383708462927 ], [ 120.868084570169231, 22.345755493794293 ], [ 120.868503344268362, 22.345660294606976 ], [ 120.870311697447931, 22.345431776646723 ], [ 120.871044562228235, 22.345441258072508 ], [ 120.872595942495579, 22.345307931261637 ], [ 120.873766617346746, 22.345231730394236 ], [ 120.874680324213259, 22.345336381214825 ], [ 120.875831974554643, 22.345450538050777 ], [ 120.876488697040799, 22.34545050542205 ], [ 120.877887784522528, 22.345155382936451 ], [ 120.879112377513152, 22.344807921014244 ], [ 120.881748757276924, 22.344322380306377 ], [ 120.884299477571489, 22.343836843860341 ], [ 120.884832601586851, 22.34369464699094 ], [ 120.884902003854393, 22.343447826409776 ], [ 120.884966772331254, 22.343044670201941 ], [ 120.884628753786387, 22.342748190670566 ], [ 120.884585286523034, 22.34290508744952 ], [ 120.884670967287619, 22.343276278863108 ], [ 120.8844044736705, 22.343319122372016 ], [ 120.88426170053846, 22.34319063865577 ], [ 120.884090368244273, 22.34295746014357 ], [ 120.884095112895494, 22.34270999612751 ], [ 120.884485089723569, 22.342613445240499 ], [ 120.884280690891202, 22.342405416101979 ], [ 120.883638229966166, 22.342143707480478 ], [ 120.883233719069622, 22.342005718928327 ], [ 120.882838738457124, 22.342086640170166 ], [ 120.882829227570383, 22.342205613614166 ], [ 120.882938698802036, 22.342510178983243 ], [ 120.88281972706568, 22.342505425974668 ], [ 120.882220084117009, 22.342039081713995 ], [ 120.881715628523693, 22.34175014521967 ], [ 120.881685162868081, 22.341594054194072 ], [ 120.881399619772409, 22.34139229021811 ], [ 120.88076000711014, 22.341007801345384 ], [ 120.880996030976775, 22.340737483028811 ], [ 120.881243472169956, 22.340398635713392 ], [ 120.881105773496316, 22.340241280969263 ], [ 120.880758358792917, 22.339927209580182 ], [ 120.880720280275725, 22.339793961743034 ], [ 120.880834483046485, 22.33962263499075 ], [ 120.880810676734228, 22.339413243742637 ], [ 120.88027766736738, 22.339113458328406 ], [ 120.880234063643201, 22.338894296416537 ], [ 120.880325399801393, 22.338303234154932 ], [ 120.880365334880196, 22.337617947853222 ], [ 120.880433863426617, 22.337635076557483 ], [ 120.88077364445185, 22.337609361519508 ], [ 120.880747936291243, 22.337429475662933 ], [ 120.880707766947324, 22.337349718177826 ], [ 120.88060114251347, 22.33689667439668 ], [ 120.881084607363462, 22.336283701635075 ], [ 120.881244499984902, 22.336196129586977 ], [ 120.881525828992025, 22.335420665563639 ], [ 120.880809218889866, 22.335432527152129 ], [ 120.880123942930879, 22.335426850482047 ], [ 120.878960877789225, 22.335425004675685 ], [ 120.878342225301012, 22.335409806859222 ], [ 120.878047150943615, 22.334972000975284 ], [ 120.878105692657769, 22.334864995460212 ], [ 120.877977238564185, 22.334612864701619 ], [ 120.877925823228836, 22.334270225094642 ], [ 120.877731625751551, 22.333642057444685 ], [ 120.877497440100669, 22.332774042267943 ], [ 120.87728393611421, 22.331844858092811 ], [ 120.87719249744093, 22.330649422207689 ], [ 120.877047812413139, 22.330375315663588 ], [ 120.877047785328969, 22.329903230911093 ], [ 120.876872614339732, 22.329118969775305 ], [ 120.876613676521131, 22.328144356042792 ], [ 120.876522259263496, 22.327322019397435 ], [ 120.876414501494978, 22.326468909221138 ], [ 120.876174563307885, 22.324869924386491 ], [ 120.876288747091778, 22.324367376884179 ], [ 120.876756987336364, 22.323819126186255 ], [ 120.87771633916806, 22.323225165490939 ], [ 120.878396827507885, 22.322729252368308 ], [ 120.878960548125818, 22.322339669611797 ], [ 120.879048736279543, 22.321772677321295 ], [ 120.879172448591476, 22.321458582536987 ], [ 120.879373186903052, 22.319967127408592 ], [ 120.879378860533279, 22.319321817732234 ], [ 120.879304585340961, 22.318676512023956 ], [ 120.87945301785544, 22.317911270508962 ], [ 120.881434610160724, 22.317973989899027 ], [ 120.882810878270845, 22.318082424949147 ], [ 120.883491592902885, 22.318213356613107 ], [ 120.88420542757396, 22.318316113834015 ], [ 120.885044893816683, 22.318378889902231 ], [ 120.885381822963055, 22.318413137396856 ], [ 120.885655934849609, 22.31844167730619 ], [ 120.886803767261469, 22.318367381210599 ], [ 120.887888775535288, 22.31816745277802 ], [ 120.888436990137549, 22.318064632927502 ], [ 120.889048016432582, 22.31787043872054 ], [ 120.889653341590929, 22.317841855168918 ], [ 120.889904624704741, 22.318110245715229 ], [ 120.891303822071748, 22.319732015778488 ], [ 120.892057673379853, 22.32057145162694 ], [ 120.892383186499714, 22.320697070925537 ], [ 120.892485800945252, 22.320799675694683 ], [ 120.892590859554474, 22.320799670480522 ], [ 120.892647894910709, 22.319562348785727 ], [ 120.892676372755957, 22.31824888581016 ], [ 120.892514460805245, 22.316316772852243 ], [ 120.892400109628028, 22.313899247828491 ], [ 120.892285749742626, 22.311329437409185 ], [ 120.892028723934132, 22.310501398308546 ], [ 120.89148617534839, 22.309825658769441 ], [ 120.890543874473494, 22.309007171498774 ], [ 120.889725324642015, 22.308550355908142 ], [ 120.88985855686316, 22.308274332014282 ], [ 120.890315365282419, 22.307541435874548 ], [ 120.890800731761715, 22.306894198856778 ], [ 120.89116236246916, 22.306151789604041 ], [ 120.891343149469293, 22.305285657436706 ], [ 120.89129550581427, 22.304324358226179 ], [ 120.891086070244214, 22.303524870275016 ], [ 120.89068625962112, 22.302363713945159 ], [ 120.89065768520868, 22.301992519705049 ], [ 120.890495840409201, 22.301231100742399 ], [ 120.890486283987869, 22.300555334763715 ], [ 120.890809708123356, 22.297442985915001 ], [ 120.890800115196043, 22.296129524839188 ], [ 120.890714411056109, 22.295349066427562 ], [ 120.890400311684687, 22.295092100391983 ], [ 120.890064247014479, 22.295055588049696 ], [ 120.889555666004767, 22.29583067127961 ], [ 120.888546863764105, 22.297153700689886 ], [ 120.887731504027911, 22.298387728735182 ], [ 120.886578050920548, 22.300032468235919 ], [ 120.885618733732912, 22.301231763325625 ], [ 120.884385259194573, 22.301608730858362 ], [ 120.883300245338219, 22.301711577310744 ], [ 120.881918271509576, 22.301688803035113 ], [ 120.881107369208351, 22.301814478704728 ], [ 120.880227948500917, 22.30210005744409 ], [ 120.87935995232381, 22.302442742643528 ], [ 120.878583338006536, 22.302991008604547 ], [ 120.878092263055876, 22.303676317268053 ], [ 120.877086673024223, 22.304583512247319 ], [ 120.876161604565368, 22.305520113355374 ], [ 120.875967447714359, 22.305600072821957 ], [ 120.875544887897746, 22.306068371395096 ], [ 120.875088062336204, 22.306502407453284 ], [ 120.874128717663069, 22.307222003570566 ], [ 120.873066583605905, 22.307975869005794 ], [ 120.872815334848241, 22.308307102222859 ], [ 120.872415603155872, 22.308524128752886 ], [ 120.871376312273995, 22.309289414466708 ], [ 120.8702113953767, 22.310191763281043 ], [ 120.869628941836908, 22.310728598230178 ], [ 120.868808554326279, 22.311421854787479 ], [ 120.868161386636345, 22.31206909987019 ], [ 120.867613200152817, 22.31266304015168 ], [ 120.867217280128159, 22.312960016337644 ], [ 120.866539655743154, 22.313607262936507 ], [ 120.866136130273532, 22.314056524908299 ], [ 120.865915328830525, 22.314224049811486 ], [ 120.865709763155152, 22.314521016554803 ], [ 120.865367153696681, 22.315015961127646 ], [ 120.864872274726793, 22.315754569908819 ], [ 120.864407839031415, 22.316259038367168 ], [ 120.863935789489929, 22.31676921790741 ], [ 120.863722599602042, 22.316891056813049 ], [ 120.86293838682424, 22.317713436932536 ], [ 120.862595762962599, 22.317957110588917 ], [ 120.861979055465994, 22.318665268343221 ], [ 120.861765882604331, 22.319084063796012 ], [ 120.861651691386228, 22.319457168714159 ], [ 120.861750680451181, 22.319540920775953 ], [ 120.86200195605322, 22.319677965172428 ], [ 120.862222786310397, 22.320012982110981 ], [ 120.862581616200004, 22.320221167008107 ], [ 120.862857639286162, 22.32038295655482 ], [ 120.863419200992638, 22.320668463823171 ], [ 120.863866554455043, 22.321030119463497 ], [ 120.86422823317784, 22.321125279891895 ], [ 120.864532811053209, 22.321315621533991 ], [ 120.865141972807436, 22.321801001035418 ], [ 120.865275222489231, 22.321829547935533 ], [ 120.865532209047885, 22.321972302749359 ], [ 120.866217514724539, 22.322495749821439 ], [ 120.866731485657795, 22.322743188096258 ], [ 120.867531004488356, 22.323276147334575 ], [ 120.867892687575164, 22.323447450463942 ], [ 120.868520882032968, 22.323885239825522 ], [ 120.869044373956982, 22.32418978465277 ], [ 120.868939727595176, 22.325035925638044 ], [ 120.868974050336604, 22.326063850429342 ], [ 120.869133980089913, 22.326623491359481 ], [ 120.869979264771587, 22.328565088328659 ], [ 120.870596086241875, 22.329844255118378 ], [ 120.870870231230185, 22.330449575997367 ], [ 120.871007304707803, 22.330769368544747 ], [ 120.871201480557644, 22.33102062982373 ], [ 120.871338553380312, 22.331329000965564 ], [ 120.871498485108233, 22.331922906109028 ], [ 120.871758847268467, 22.332839460970135 ], [ 120.871587579695472, 22.3337341462382 ], [ 120.871387785190905, 22.335085689144091 ], [ 120.871149865745238, 22.335494967990535 ], [ 120.871463988653034, 22.336161201044618 ], [ 120.871045241320076, 22.336722774279774 ], [ 120.870464682960161, 22.337113034469859 ], [ 120.869969782963494, 22.337484254730519 ], [ 120.86896094917401, 22.338255249713963 ], [ 120.868604060012586, 22.33869499155589 ], [ 120.868109166571784, 22.339180425875767 ], [ 120.866929051568832, 22.34060816019927 ], [ 120.866072531312142, 22.341902628722693 ], [ 120.865073285737154, 22.343901424361174 ], [ 120.864476283286791, 22.345219674599235 ], [ 120.864339271441665, 22.345973494185436 ], [ 120.864499187896584, 22.346300899871043 ], [ 120.86532156066184, 22.347031828976011 ], [ 120.86629622390214, 22.34788457883921 ], [ 120.866336287247208, 22.347942950720629 ], [ 120.866714106315257, 22.347278415978295 ] ] ] ] } },
{ "type": "Feature", "properties": { "番號": "172", "類型": "蕃", "分區": "準要", "郡\n支廳": "〃", "庄 (區)": null, "大字": null, "地名": "Botsuketsu社蕃地", "土地\n類型": "旱田、\n山林\n原野", "面積\n(公頃)": "392", "區分\n理由": "同上", "地        況": "位於虷子崙溪中游左岸支流源頭，為西向或南向緩坡地。基岩及土壤狀況等，與番號130相同。海拔高度介於303至1,180公尺。\n東側以稜線，與準要存置林野171及173連接。北側以小溪流與要存置林野75鄰接。西側以小稜線與要存置林野74接壤。南側以小溪流與要存置林野73相鄰。", "林        況": "同上", "參  考  事  項": "同上\r" }, "geometry": { "type": "MultiPolygon", "coordinates": [ [ [ [ 120.866304094823278, 22.54953790702978 ], [ 120.867035011275405, 22.548776443270441 ], [ 120.866684752204861, 22.548654632481785 ], [ 120.866116597701023, 22.547932256962383 ], [ 120.865602601828584, 22.547258419707521 ], [ 120.865054329570796, 22.546367577436015 ], [ 120.864905807410594, 22.545579507796312 ], [ 120.864974255378328, 22.544208935529539 ], [ 120.864768612991611, 22.54318101920536 ], [ 120.864643650675447, 22.541633424821864 ], [ 120.864567393991834, 22.539653718102713 ], [ 120.864293194438901, 22.538115649035205 ], [ 120.864171285442296, 22.536699400680192 ], [ 120.86424732552581, 22.534948114474592 ], [ 120.86434592617276, 22.53435527475505 ], [ 120.863892896628514, 22.534323056459201 ], [ 120.8627532346637, 22.534271867517983 ], [ 120.860080649021299, 22.534089258854902 ], [ 120.858218978191118, 22.533997980834879 ], [ 120.857727854027445, 22.533826684324968 ], [ 120.857076839501516, 22.533781031300649 ], [ 120.85643724159543, 22.533655427854626 ], [ 120.855843331383952, 22.533575507748505 ], [ 120.853364858744541, 22.532559126635014 ], [ 120.852645298748527, 22.532205099047207 ], [ 120.852611025022796, 22.532033779655734 ], [ 120.85240543171777, 22.531851047436366 ], [ 120.852082161434453, 22.531599639314987 ], [ 120.851618155685443, 22.533180514867134 ], [ 120.851024369432807, 22.535236397908122 ], [ 120.850689359915975, 22.535480071375446 ], [ 120.850368078188964, 22.536107503439524 ], [ 120.849816119078042, 22.537287743172026 ], [ 120.849340260823041, 22.537763658978651 ], [ 120.848940544309613, 22.538239570972241 ], [ 120.848293422396424, 22.53966727930489 ], [ 120.848160220769046, 22.540466784492018 ], [ 120.84802701582781, 22.541209182643364 ], [ 120.847627300423881, 22.541704130320856 ], [ 120.847284702380421, 22.542389431927631 ], [ 120.846904016886228, 22.542789200259005 ], [ 120.846808866239471, 22.543246061322193 ], [ 120.846770850642017, 22.544197847177131 ], [ 120.846574027355786, 22.544743689213139 ], [ 120.847071324788317, 22.54466317506342 ], [ 120.847790852968885, 22.544468975085756 ], [ 120.848955818957222, 22.544423231085894 ], [ 120.850384896382621, 22.544287530270459 ], [ 120.851812548715742, 22.544196087480884 ], [ 120.852908990442742, 22.544207453952104 ], [ 120.853731331188058, 22.544378733858316 ], [ 120.854313787642667, 22.54389900557133 ], [ 120.855353034182272, 22.54237990634493 ], [ 120.855901202316716, 22.54147758771494 ], [ 120.85682638149116, 22.542459782380593 ], [ 120.85796860110375, 22.544070143561402 ], [ 120.858151367146959, 22.5445155692824 ], [ 120.859510570822636, 22.545783277369832 ], [ 120.860127330849906, 22.545988831793743 ], [ 120.861292348545035, 22.546833957541704 ], [ 120.862628673873118, 22.547484910781819 ], [ 120.863224873189139, 22.547648492562043 ], [ 120.864903865525832, 22.548801970534228 ], [ 120.865189420928417, 22.549213126876182 ], [ 120.866027121193525, 22.549915646983347 ], [ 120.866304094823278, 22.54953790702978 ] ] ] ] } },
{ "type": "Feature", "properties": { "番號": "174", "類型": "蕃", "分區": "準要", "郡\n支廳": "〃", "庄 (區)": null, "大字": null, "地名": "〃", "土地\n類型": "旱田、\n山林\n原野", "面積\n(公頃)": "145", "區分\n理由": "同上", "地        況": "位於太麻里溪中游右岸之支流兩岸，為西向或北向緩坡地。基岩及土壤狀況等，與番號130相同。海拔高度介於212至940公尺。\n東側以稜線，與要存置林野69及準要存置林野169相鄰。北側以太麻里溪溪畔為界。西側以稜線與準要存置林野175相鄰。南側以小溪流或稜線，與要存置林野71相鄰。", "林        況": "同上", "參  考  事  項": "同番號168。\r" }, "geometry": { "type": "MultiPolygon", "coordinates": [ [ [ [ 120.895050071441872, 22.576267849790884 ], [ 120.895628726459094, 22.57588710721317 ], [ 120.895887583543242, 22.575460695053806 ], [ 120.896511907654045, 22.574805836433153 ], [ 120.896877341018467, 22.573998705382603 ], [ 120.897212315920271, 22.573161118777925 ], [ 120.897455926060232, 22.572414908008447 ], [ 120.897455900374155, 22.571973280296849 ], [ 120.897973564069943, 22.570252429108287 ], [ 120.897993886725232, 22.569243539492067 ], [ 120.897682727889787, 22.568940631723763 ], [ 120.897282946161425, 22.568293438747169 ], [ 120.89696881447405, 22.567484438217662 ], [ 120.896654646264295, 22.566047260340184 ], [ 120.896511769844992, 22.564143699780253 ], [ 120.896543808682807, 22.562025899767519 ], [ 120.896056351120436, 22.559437072105869 ], [ 120.895614633487625, 22.557792411738998 ], [ 120.895096791829218, 22.556452326021731 ], [ 120.89460511322406, 22.555474551380755 ], [ 120.894528923929329, 22.554656021079271 ], [ 120.894471794955834, 22.554265792559722 ], [ 120.894108049198891, 22.553573874280726 ], [ 120.893227346648814, 22.554147738556178 ], [ 120.892938010718325, 22.554193438683594 ], [ 120.892603007444905, 22.55454371193661 ], [ 120.891841620200097, 22.555061520522255 ], [ 120.89086705026024, 22.55582299646586 ], [ 120.890684314525089, 22.555899148335183 ], [ 120.889846797935135, 22.556630160328741 ], [ 120.889313837659572, 22.557178414554919 ], [ 120.888841805816881, 22.557985550941847 ], [ 120.888369747423866, 22.558335831072046 ], [ 120.888841859805012, 22.558914492000309 ], [ 120.889510387285881, 22.560058819962819 ], [ 120.889639840624767, 22.560272013060533 ], [ 120.889708389871046, 22.56064510890214 ], [ 120.889936829676472, 22.560896368391656 ], [ 120.8900434365124, 22.56104103419565 ], [ 120.890188134131876, 22.561528340283974 ], [ 120.890462281551194, 22.562167925301335 ], [ 120.89065264208088, 22.562274515550797 ], [ 120.890804932629479, 22.562396336250675 ], [ 120.891056231332982, 22.562929322619027 ], [ 120.891252305310914, 22.563084390106731 ], [ 120.891298006949938, 22.563369922976712 ], [ 120.891543590930311, 22.563832477624569 ], [ 120.891772027417346, 22.564026630079951 ], [ 120.891863415425007, 22.564335003471868 ], [ 120.891903405439123, 22.564603404518341 ], [ 120.892131850890777, 22.564951745960009 ], [ 120.89222893923673, 22.565083087265705 ], [ 120.892280351175216, 22.565362909145694 ], [ 120.892331770086784, 22.56576265579303 ], [ 120.892228988708425, 22.56593398204387 ], [ 120.892319587964991, 22.566317863662061 ], [ 120.892357687055252, 22.566803271525949 ], [ 120.892624209684541, 22.567260114418435 ], [ 120.89295735245642, 22.567650329098512 ], [ 120.893128690725959, 22.567983444860666 ], [ 120.893138219511471, 22.568173801156881 ], [ 120.893442811348208, 22.568602088622953 ], [ 120.893357171270551, 22.568935217272529 ], [ 120.893490887013627, 22.569336292969179 ], [ 120.893285089599132, 22.56943920631031 ], [ 120.892645478675462, 22.569088981924107 ], [ 120.891503313716512, 22.568418983359479 ], [ 120.890909392258436, 22.568144899389484 ], [ 120.890547427163142, 22.568024263301421 ], [ 120.890568916782073, 22.568230450109134 ], [ 120.890766917168122, 22.568778667691515 ], [ 120.890492861835313, 22.569722851041448 ], [ 120.890477670685016, 22.570362450568549 ], [ 120.891772162515878, 22.571778640048233 ], [ 120.892186922607024, 22.572491315009781 ], [ 120.892339267191119, 22.573542076765936 ], [ 120.892202233331446, 22.573907568647936 ], [ 120.89205002161971, 22.575141088186811 ], [ 120.891867100618626, 22.575978916926918 ], [ 120.892109319070101, 22.576006325903588 ], [ 120.89265755135888, 22.576209345626978 ], [ 120.893830157962327, 22.576620457433268 ], [ 120.894303992573313, 22.57668483255377 ], [ 120.895050071441872, 22.576267849790884 ] ] ] ] } },
{ "type": "Feature", "properties": { "番號": "108", "類型": null, "分區": "準要", "郡\n支廳": "〃", "庄 (區)": "〃", "大字": "太麻里", "地名": null, "土地\n類型": "旱田、\n山林\n原野", "面積\n(公頃)": "707", "區分\n理由": "同上", "地        況": "太麻里溪下游左岸一帶之地。基岩及土壤狀況等，與番號104相同。海拔高度在910公尺以內。\n東側與既有登錄地及不要存置林野四相鄰。北側以稜線與準要存置林野107鄰接。西側與要存置林野5接壤。西南隅突出地以山麓區分標樁7、8、9號之間為界。南側以太麻里溪溪畔為界。", "林        況": "同番號104。", "參  考  事  項": "(1) 同番號104之 (1)。\n(2) 同番號107之 (2)。\n(3) 位於本區溪畔附近之預定開墾水田地雖有約20公頃，但是欠缺水利之便。" }, "geometry": { "type": "MultiPolygon", "coordinates": [ [ [ [ 120.977553477532069, 22.626844635338159 ], [ 120.978076939617978, 22.62663521660437 ], [ 120.978410054075212, 22.626540021486807 ], [ 120.978819301920353, 22.626302054983054 ], [ 120.979219042599468, 22.626244927866054 ], [ 120.979542636010166, 22.626092626203921 ], [ 120.979886852592884, 22.62596530782816 ], [ 120.980457912687086, 22.625917689937623 ], [ 120.980838611273512, 22.625746349731333 ], [ 120.981895051487527, 22.62529895828018 ], [ 120.982561273734404, 22.624994354002663 ], [ 120.983446394530176, 22.624537453328664 ], [ 120.984512350788421, 22.624061507893103 ], [ 120.985625888400122, 22.623461828185878 ], [ 120.986647424444868, 22.622913708056505 ], [ 120.987134714101117, 22.622616727048424 ], [ 120.987911343160889, 22.622334960039016 ], [ 120.988695588611037, 22.622091263996385 ], [ 120.989175274307229, 22.621969411574803 ], [ 120.989632114824332, 22.621801874683793 ], [ 120.990286919801761, 22.621565799417617 ], [ 120.990842753426818, 22.621550542944977 ], [ 120.991596559503634, 22.621603804950063 ], [ 120.992180760999389, 22.621675730438994 ], [ 120.992437732290114, 22.621555792778565 ], [ 120.992768944415516, 22.621481537005131 ], [ 120.993688353942389, 22.621452937289931 ], [ 120.994430736980874, 22.621475742790636 ], [ 120.994847616524694, 22.62153853956459 ], [ 120.995270200036458, 22.621487122008386 ], [ 120.996086820576181, 22.621498502374081 ], [ 120.996241011208397, 22.621561312349208 ], [ 120.99681778734859, 22.621606968980796 ], [ 120.997217535004523, 22.621669766615302 ], [ 120.997634412214481, 22.621692588474069 ], [ 120.997925654931876, 22.621703995242083 ], [ 120.998508142697233, 22.62176678369288 ], [ 120.998639491147742, 22.621835305517546 ], [ 120.999571470060545, 22.621909878522217 ], [ 121.000016901409268, 22.621949831052039 ], [ 121.000485185595011, 22.622166814198618 ], [ 121.00066792437228, 22.622143962206668 ], [ 121.001101931465811, 22.622132518991247 ], [ 121.001438860873193, 22.622172476973571 ], [ 121.001747243798775, 22.622326650432306 ], [ 121.001975668934705, 22.622326638952707 ], [ 121.002301181192067, 22.622437029500798 ], [ 121.003005510343712, 22.622751082718722 ], [ 121.00326250416272, 22.623017569233337 ], [ 121.003471896090275, 22.623055630057184 ], [ 121.003833584762802, 22.623322111309744 ], [ 121.004096326644927, 22.623629681325422 ], [ 121.004187817811385, 22.623587196987209 ], [ 121.004089694216105, 22.622024373120304 ], [ 121.004797812133233, 22.62202433753415 ], [ 121.005528777224967, 22.622104250628414 ], [ 121.006305424011728, 22.622127054406441 ], [ 121.007104921303025, 22.622286913884786 ], [ 121.007698840635996, 22.622526733522335 ], [ 121.007999502155414, 22.622563963843156 ], [ 121.007959074413435, 22.622149823725106 ], [ 121.007571291002762, 22.621605422953728 ], [ 121.007080168308477, 22.621456969381605 ], [ 121.00612073479553, 22.620634676503144 ], [ 121.005229836148388, 22.619938015622889 ], [ 121.004487419165756, 22.619332718512027 ], [ 121.004121927629271, 22.619138573007834 ], [ 121.004224826161717, 22.620977413899041 ], [ 121.003619412976732, 22.619492661786154 ], [ 121.00339093123695, 22.618521853916704 ], [ 121.003351928516864, 22.618214846456095 ], [ 121.003153711494647, 22.618178149482588 ], [ 121.00285674882997, 22.618006843341977 ], [ 121.002799600595111, 22.617287297753251 ], [ 121.00348486534746, 22.617104520856611 ], [ 121.003564806154571, 22.616967459990839 ], [ 121.003119281927141, 22.615334221587858 ], [ 121.002925095261958, 22.614900217987866 ], [ 121.002433941939756, 22.614226379820256 ], [ 121.002216920751067, 22.613929434215958 ], [ 121.002226985283826, 22.613513504243759 ], [ 121.001960509818673, 22.613865677591093 ], [ 121.001798720886029, 22.61407507812805 ], [ 121.001379915394352, 22.613627760839332 ], [ 121.001551213165229, 22.613266074436275 ], [ 121.001456016608316, 22.612932954931324 ], [ 121.001903369693096, 22.613285092418757 ], [ 121.002074685771476, 22.613237494628507 ], [ 121.002207927110248, 22.613123273893791 ], [ 121.002236468602248, 22.61292339788811 ], [ 121.00234115458025, 22.612771107241013 ], [ 121.002921735133668, 22.612771078075376 ], [ 121.00311207720884, 22.612561676105166 ], [ 121.003302420948302, 22.612380827645367 ], [ 121.003416621866577, 22.612180947337087 ], [ 121.003606974481798, 22.61215238426481 ], [ 121.004168485212745, 22.611562250181485 ], [ 121.00444448172162, 22.611267183379621 ], [ 121.004365781577079, 22.610917565464288 ], [ 121.004891136311841, 22.61052159706863 ], [ 121.005210927062805, 22.610445438311942 ], [ 121.005340328479946, 22.60976776184021 ], [ 121.005035777608228, 22.610041890834122 ], [ 121.004578937101229, 22.6102094277067 ], [ 121.004281989750638, 22.610300813854789 ], [ 121.004473856376038, 22.609917021286044 ], [ 121.004065572427052, 22.609477849111364 ], [ 121.003920877883246, 22.609043843025376 ], [ 121.003920834844536, 22.608305258899328 ], [ 121.003776149619583, 22.60803115246916 ], [ 121.003555327119713, 22.607833192556413 ], [ 121.003372586124101, 22.60781797319579 ], [ 121.00321267477527, 22.607581938876912 ], [ 121.002649258495623, 22.608137808838858 ], [ 121.002504588355549, 22.608122587566204 ], [ 121.002276153902116, 22.607962699382444 ], [ 121.001971603913887, 22.608252056915372 ], [ 121.001872617026095, 22.60820637627068 ], [ 121.001834535077847, 22.60801602144852 ], [ 121.001552792108328, 22.607696236284536 ], [ 121.001453798121759, 22.607528727329626 ], [ 121.001575614213195, 22.607345978746039 ], [ 121.001910627986092, 22.60717844799365 ], [ 121.001902980540649, 22.606607378173809 ], [ 121.0018496494, 22.60605915345625 ], [ 121.001567912199761, 22.605838353793221 ], [ 121.001385167654206, 22.605762220276858 ], [ 121.001400386680501, 22.605602319855283 ], [ 121.001666865815622, 22.605312964236017 ], [ 121.001545491062288, 22.604902751568289 ], [ 121.0014236465788, 22.604598186911694 ], [ 121.000784033128838, 22.604202277023504 ], [ 121.000593696148044, 22.604499243088252 ], [ 121.000296782950315, 22.605176927975752 ], [ 121.000152149186405, 22.60578607679204 ], [ 120.999634376668894, 22.60563381740663 ], [ 120.999459242744877, 22.605496769352218 ], [ 120.999390703669448, 22.60529880178926 ], [ 120.999230828254028, 22.605679523289481 ], [ 120.999405964840022, 22.605862256960286 ], [ 120.999565874858192, 22.606075448473188 ], [ 120.999596339528651, 22.606212503792722 ], [ 120.999512588081402, 22.606288650693141 ], [ 120.999078578544868, 22.606258215412229 ], [ 120.998941503942177, 22.605923194441413 ], [ 120.998949107909922, 22.605748065862652 ], [ 120.999010006196698, 22.605489177643552 ], [ 120.998994764545714, 22.605260750326334 ], [ 120.998880545322351, 22.605146542020943 ], [ 120.998720674342792, 22.605603406215408 ], [ 120.998629313160095, 22.605755696192336 ], [ 120.998720687651627, 22.605831834297799 ], [ 120.998667401318187, 22.606052650787475 ], [ 120.998400914196225, 22.606204949559697 ], [ 120.998362862860276, 22.606539979326364 ], [ 120.998142026161915, 22.606098362789332 ], [ 120.997944043955741, 22.605862330379605 ], [ 120.997464341404651, 22.605694840542757 ], [ 120.997139592185391, 22.605612242028364 ], [ 120.997208090780973, 22.605115407506343 ], [ 120.997185236954905, 22.604921244782837 ], [ 120.997664930079225, 22.604926931395219 ], [ 120.997704899487914, 22.604841268856607 ], [ 120.997664919099975, 22.60473847822681 ], [ 120.997579248361149, 22.604544318658249 ], [ 120.997579239710987, 22.604395840404393 ], [ 120.99773340871414, 22.604087454749898 ], [ 120.997938973706567, 22.603784777216806 ], [ 120.998081739750745, 22.603790480749591 ], [ 120.998036041083253, 22.60355634425926 ], [ 120.997773330882282, 22.603190872518393 ], [ 120.997464950291473, 22.60307667396247 ], [ 120.997059487020209, 22.602928216068644 ], [ 120.996271415299375, 22.602842595110406 ], [ 120.995658718732599, 22.602678157656406 ], [ 120.995399830697636, 22.602571570883786 ], [ 120.994752629681926, 22.602632517538499 ], [ 120.994120643701393, 22.602465035344526 ], [ 120.993610486236207, 22.602328004110827 ], [ 120.993146012911424, 22.602175742043791 ], [ 120.992795761027793, 22.602175759631297 ], [ 120.992308442083228, 22.601970198824503 ], [ 120.991874432095912, 22.601932149269878 ], [ 120.991014028508673, 22.601894121125998 ], [ 120.99087697697145, 22.601955042164295 ], [ 120.990412496990885, 22.601688566053276 ], [ 120.989797170561474, 22.601582155807563 ], [ 120.989271791068461, 22.601553628677433 ], [ 120.988243873929378, 22.601485151865983 ], [ 120.987244513257338, 22.601473780642369 ], [ 120.986707713169054, 22.601456675489938 ], [ 120.986130941008156, 22.601479547260279 ], [ 120.98524580687517, 22.60170801979455 ], [ 120.984394923538773, 22.601713773222649 ], [ 120.983741062655866, 22.601818502263079 ], [ 120.982804519553426, 22.601818549290609 ], [ 120.98206212917556, 22.601670108310284 ], [ 120.981445372627491, 22.601521661020872 ], [ 120.980223260827813, 22.600882123731754 ], [ 120.979743554044646, 22.600642298322885 ], [ 120.979172457243635, 22.600059835364785 ], [ 120.978829804218876, 22.599797160263915 ], [ 120.978578515267031, 22.599431687934199 ], [ 120.978441451529335, 22.599283216556415 ], [ 120.978247289486674, 22.599271804900354 ], [ 120.977687605961293, 22.598552284511012 ], [ 120.977573373430502, 22.598209648107996 ], [ 120.977105077926026, 22.597798501053315 ], [ 120.976716737875734, 22.597501564030043 ], [ 120.9763169865451, 22.59737594864875 ], [ 120.976202773304706, 22.597364532978233 ], [ 120.975346146395424, 22.59680492715713 ], [ 120.974501400777129, 22.595973110593128 ], [ 120.974059736250837, 22.595242162866473 ], [ 120.973793191468644, 22.59440460657067 ], [ 120.973488569179722, 22.593452838139136 ], [ 120.973328634333114, 22.59281324750534 ], [ 120.973199190753206, 22.592767568384122 ], [ 120.972841331330329, 22.592881800394032 ], [ 120.972148489135989, 22.593696562041249 ], [ 120.972049506232977, 22.593719409819535 ], [ 120.971097787962691, 22.594633169972948 ], [ 120.970009020807865, 22.595653536788717 ], [ 120.969494549457522, 22.596075742153893 ], [ 120.968533291302577, 22.596608789303428 ], [ 120.967924174737419, 22.596903872841818 ], [ 120.967486369832756, 22.597075215894442 ], [ 120.967267469597516, 22.597198958770203 ], [ 120.966782069466504, 22.597256090164347 ], [ 120.966144374811265, 22.597122872456922 ], [ 120.964754759616596, 22.596628014677297 ], [ 120.964155133600954, 22.596456723707451 ], [ 120.963536463286204, 22.596133148294182 ], [ 120.963079607427005, 22.596037992855507 ], [ 120.962708401579519, 22.595781029880015 ], [ 120.962042147676783, 22.59554311739107 ], [ 120.961594809531078, 22.595447961473806 ], [ 120.960919046225342, 22.595352817023837 ], [ 120.960262329433661, 22.595448028367592 ], [ 120.959681752698046, 22.595514682376731 ], [ 120.959006006570974, 22.59571459088918 ], [ 120.957740183726443, 22.596285724691192 ], [ 120.956950236655999, 22.596685513528481 ], [ 120.956459132461291, 22.596855590215984 ], [ 120.956421844768883, 22.596868450336732 ], [ 120.957457758628323, 22.597753208788191 ], [ 120.958047882460903, 22.598190999687468 ], [ 120.958742710028375, 22.598781070729629 ], [ 120.95911391366468, 22.598999962355318 ], [ 120.959732601174693, 22.59961859073087 ], [ 120.961080563164472, 22.599614081390463 ], [ 120.962458737160503, 22.599766297590548 ], [ 120.96344859370565, 22.60000990452777 ], [ 120.964309001786276, 22.600124075374506 ], [ 120.964948599323336, 22.600245871578323 ], [ 120.965710026270699, 22.600413347284004 ], [ 120.966212573146763, 22.600611293068152 ], [ 120.96635722733302, 22.60035240062707 ], [ 120.966786473773169, 22.600309469490021 ], [ 120.967290884940141, 22.599833552292864 ], [ 120.968518594204141, 22.598529546929555 ], [ 120.968899271753713, 22.597996528924838 ], [ 120.969403691236536, 22.597663379292666 ], [ 120.969908116262005, 22.59742540803424 ], [ 120.970288791040815, 22.596844800845791 ], [ 120.970707553861828, 22.596559244702831 ], [ 120.971240535356543, 22.596378379036391 ], [ 120.971897228851532, 22.595883418529539 ], [ 120.97233504317461, 22.595873878713029 ], [ 120.972668170949063, 22.596007111710925 ], [ 120.973029846879029, 22.596054682740171 ], [ 120.973324905456934, 22.596216471160581 ], [ 120.97375258181232, 22.596451857531058 ], [ 120.974228505237122, 22.597099046570037 ], [ 120.974780620268689, 22.598602837133587 ], [ 120.974913914839021, 22.599402328768733 ], [ 120.97523756703059, 22.600258917869095 ], [ 120.975504108501113, 22.601039367138586 ], [ 120.975903964512511, 22.602961950180948 ], [ 120.976113388611935, 22.603552045572652 ], [ 120.976399040935874, 22.605626919744502 ], [ 120.976634700837835, 22.60782692426087 ], [ 120.976817462255767, 22.608192400031349 ], [ 120.97674141460891, 22.609806629048435 ], [ 120.976893761944169, 22.610903076247372 ], [ 120.977472549940359, 22.612806614622777 ], [ 120.978355871080211, 22.614131453190986 ], [ 120.978904118957686, 22.614603510373648 ], [ 120.97812753648094, 22.615684775701979 ], [ 120.977396647915199, 22.616918324135266 ], [ 120.976939857103019, 22.617938659244675 ], [ 120.976731777787606, 22.61864831964925 ], [ 120.97622934812685, 22.620460541121123 ], [ 120.976229441374045, 22.622059537786892 ], [ 120.976457997084509, 22.624298121640223 ], [ 120.976610392439866, 22.626216909987665 ], [ 120.976549503051331, 22.626628083621579 ], [ 120.976500080971846, 22.627320569693033 ], [ 120.977553477532069, 22.626844635338159 ] ], [ [ 120.995684992252095, 22.60437970024876 ], [ 120.995547932510405, 22.604299757301995 ], [ 120.995245275521157, 22.604408275841067 ], [ 120.995125352655364, 22.60441399256564 ], [ 120.994971153708477, 22.60420841503301 ], [ 120.994988273949687, 22.604008539599342 ], [ 120.995302348536967, 22.60383720276393 ], [ 120.99590194756226, 22.603545926846351 ], [ 120.996176052739656, 22.603460252550338 ], [ 120.996227451723044, 22.603517356990267 ], [ 120.996375934384616, 22.603625852873893 ], [ 120.996495859578971, 22.603660111064286 ], [ 120.996604365179735, 22.603722923338506 ], [ 120.99680425480912, 22.604025580511586 ], [ 120.996915627201972, 22.604285411863916 ], [ 120.996963289278014, 22.604318771993125 ], [ 120.996907065750563, 22.604362506772183 ], [ 120.996752884104694, 22.604453885748306 ], [ 120.996484473919722, 22.604271156760277 ], [ 120.996261763733713, 22.604345407071591 ], [ 120.995822056318858, 22.604533882322368 ], [ 120.995684992252095, 22.60437970024876 ] ] ] ] } },
{ "type": "Feature", "properties": { "番號": "129", "類型": "蕃", "分區": "準要", "郡\n支廳": "〃", "庄 (區)": null, "大字": null, "地名": "〃", "土地\n類型": "旱田、\n山林\n原野", "面積\n(公頃)": "168", "區分\n理由": "第八條\n第三號", "地        況": "位於阿塱衛溪下游右岸，為北向緩坡地。基岩及土壤狀況等，與番號128相同。海拔高度在272公尺以下。\n東側以稜線，與要存置林野25及不要存置林野七相鄰。北側以阿塱衛溪溪畔為界。西側及南側以小溪，與要存置林野26鄰接。", "林        況": "約四分之一的面積為蕃人的現耕地及其開墾舊跡，剩餘部分為闊葉雜林與小部分芒草地構成。", "參  考  事  項": "同番號128之 (1)。\r" }, "geometry": { "type": "MultiPolygon", "coordinates": [ [ [ [ 120.885403437257239, 22.293816957908309 ], [ 120.886022076330377, 22.293598016979022 ], [ 120.88691670413013, 22.292941241848727 ], [ 120.887069537911501, 22.292840771061368 ], [ 120.886744767682217, 22.292726907536501 ], [ 120.886424969121961, 22.292669816365297 ], [ 120.885465555131645, 22.292178743515219 ], [ 120.885248548568214, 22.292133068652898 ], [ 120.884346243493411, 22.291687678589557 ], [ 120.883124141162199, 22.291208040161795 ], [ 120.881662180588549, 22.29052282833181 ], [ 120.880303016586353, 22.289928982642785 ], [ 120.879994635359438, 22.289803362473254 ], [ 120.879686244326066, 22.289506421228761 ], [ 120.87948064333051, 22.28918663207909 ], [ 120.879446311562745, 22.287998807658873 ], [ 120.879480557760289, 22.287691570166757 ], [ 120.8795376549119, 22.287531667666705 ], [ 120.879463351679647, 22.28639524155107 ], [ 120.87936828490524, 22.285552441751889 ], [ 120.879311157033712, 22.285175538217899 ], [ 120.879185506173968, 22.284878587914783 ], [ 120.878842816070787, 22.283964892496797 ], [ 120.878557246650473, 22.283302465157693 ], [ 120.878420146431154, 22.282514395005958 ], [ 120.878157439139017, 22.282194608683334 ], [ 120.87798611630852, 22.282126088742302 ], [ 120.877860466104622, 22.281840559843197 ], [ 120.877592772661956, 22.281675499222043 ], [ 120.877175166287074, 22.28141800181378 ], [ 120.876478443901277, 22.280972601539432 ], [ 120.876295691315136, 22.280755603898644 ], [ 120.875987309435189, 22.280618562317834 ], [ 120.875347690738295, 22.280127473591701 ], [ 120.874685228866525, 22.279624964591147 ], [ 120.874212169459838, 22.279120542638029 ], [ 120.87415029858046, 22.279020608408938 ], [ 120.874106574241168, 22.279068710983047 ], [ 120.873769613845255, 22.279439412123342 ], [ 120.872615192543719, 22.280799568313785 ], [ 120.871987063059379, 22.281496305150789 ], [ 120.871553078019247, 22.281896075835494 ], [ 120.871278976908073, 22.282055989089731 ], [ 120.870582323126996, 22.282809836352452 ], [ 120.870536662263603, 22.283232430607494 ], [ 120.870456771602903, 22.284248939629379 ], [ 120.870388287173711, 22.285002755767064 ], [ 120.869908602713934, 22.285151257807019 ], [ 120.869143384770936, 22.285265509782043 ], [ 120.868549477896977, 22.285242696404332 ], [ 120.868138317732814, 22.285334088022939 ], [ 120.867810631621452, 22.285489625730939 ], [ 120.867458484246015, 22.285632410749113 ], [ 120.866782745915287, 22.285975086397215 ], [ 120.86659240736212, 22.286251113125299 ], [ 120.86607849964264, 22.287107743994344 ], [ 120.865888167082318, 22.287488466938886 ], [ 120.866002401481879, 22.287869174788231 ], [ 120.866592519576471, 22.28821178769946 ], [ 120.866754359997003, 22.288897063997094 ], [ 120.866973278394127, 22.289087409901516 ], [ 120.867487250935341, 22.289363401720841 ], [ 120.867668094649147, 22.289487124647714 ], [ 120.867839441892954, 22.28998204371775 ], [ 120.867997924155787, 22.290196345842148 ], [ 120.868363413222312, 22.290348613129307 ], [ 120.868500481428953, 22.290577034440815 ], [ 120.868607095555333, 22.290851142882918 ], [ 120.868579070910727, 22.290968527093369 ], [ 120.868623551410778, 22.29119086655982 ], [ 120.868861509602169, 22.291457354220857 ], [ 120.869147048207566, 22.291581071956859 ], [ 120.869499203751289, 22.291581054500011 ], [ 120.869984634036712, 22.292047404485039 ], [ 120.870860298907758, 22.292656502689546 ], [ 120.871888234722533, 22.293046683076273 ], [ 120.873563381306212, 22.293541527590424 ], [ 120.875533562950494, 22.293788893696565 ], [ 120.87678038499854, 22.293807867559728 ], [ 120.87837935985425, 22.293779234777265 ], [ 120.878826683298058, 22.29361740936276 ], [ 120.87947387662247, 22.293417502689767 ], [ 120.880168661256235, 22.293265182845815 ], [ 120.880863449703114, 22.293179487864876 ], [ 120.88142499501329, 22.293179460026938 ], [ 120.882700389266304, 22.29353155678734 ], [ 120.88390916167603, 22.29392172819886 ], [ 120.884775275562077, 22.293950238773398 ], [ 120.885403437257239, 22.293816957908309 ] ] ] ] } },
{ "type": "Feature", "properties": { "番號": "128", "類型": "蕃", "分區": "準要", "郡\n支廳": "大武", "庄 (區)": null, "大字": null, "地名": "阿塱衛社蕃地", "土地\n類型": "旱田、\n山林\n原野", "面積\n(公頃)": "300", "區分\n理由": "第八條\n第三號", "地        況": "位於阿塱衛溪下游左岸，為南向緩坡地。基岩屬南部第三系，土壤質地為黏質壤土，濕度偏乾，結合度軟，地力尚可。海拔高度在300公尺以下。\n東側及北側以稜線與準要存置林野127為界。西側有部分以溪流、部分則以稜線 (沿溪畔至區分標樁45號)，與要存置林野26鄰接。南側則以阿塱衛溪溪畔為界。", "林        況": "大半為蕃人現耕地及其開墾舊跡，其餘則為闊葉雜木林，溪畔有適合耕作為水田之地。", "參  考  事  項": "(1) 與番號129相同，因預定令156名阿塱衛社蕃人移住，故認定為必須保留的蕃人所要地。人均面積為3公頃。\n(2) 現有水田約2公頃，另有將來可開墾為水田之地約10公頃左右，但因灌溉水利條件不佳，短期內難以實現。" }, "geometry": { "type": "MultiPolygon", "coordinates": [ [ [ [ 120.868161386636345, 22.31206909987019 ], [ 120.868808554326279, 22.311421854787479 ], [ 120.869628941836908, 22.310728598230178 ], [ 120.8702113953767, 22.310191763281043 ], [ 120.871376312273995, 22.309289414466708 ], [ 120.872415603155872, 22.308524128752886 ], [ 120.872815334848241, 22.308307102222859 ], [ 120.873066583605905, 22.307975869005794 ], [ 120.874128717663069, 22.307222003570566 ], [ 120.875088062336204, 22.306502407453284 ], [ 120.875544887897746, 22.306068371395096 ], [ 120.875967447714359, 22.305600072821957 ], [ 120.876161604565368, 22.305520113355374 ], [ 120.877086673024223, 22.304583512247319 ], [ 120.878092263055876, 22.303676317268053 ], [ 120.878583338006536, 22.302991008604547 ], [ 120.87935995232381, 22.302442742643528 ], [ 120.880227948500917, 22.30210005744409 ], [ 120.881107369208351, 22.301814478704728 ], [ 120.881918271509576, 22.301688803035113 ], [ 120.883300245338219, 22.301711577310744 ], [ 120.884385259194573, 22.301608730858362 ], [ 120.885618733732912, 22.301231763325625 ], [ 120.886578050920548, 22.300032468235919 ], [ 120.887731504027911, 22.298387728735182 ], [ 120.888546863764105, 22.297153700689886 ], [ 120.889555666004767, 22.29583067127961 ], [ 120.890064247014479, 22.295055588049696 ], [ 120.889962493981997, 22.295044532910968 ], [ 120.889458057709817, 22.295092147106214 ], [ 120.88859195200817, 22.295206404093705 ], [ 120.887725848484237, 22.295358732431101 ], [ 120.887240457452904, 22.295577666755744 ], [ 120.886973972276905, 22.295768036715714 ], [ 120.886812185257725, 22.296015508509463 ], [ 120.88641248038364, 22.296700812620504 ], [ 120.885670159499696, 22.297766847218011 ], [ 120.885251396302181, 22.298052403104997 ], [ 120.884937317636002, 22.298157114890145 ], [ 120.883852289717254, 22.298014401128103 ], [ 120.883423981548717, 22.297824065615565 ], [ 120.882662524395244, 22.297129301233998 ], [ 120.88203429130175, 22.296015745395085 ], [ 120.881758250256652, 22.295539867205775 ], [ 120.881453674044621, 22.295378079068698 ], [ 120.880977789278489, 22.295397138337151 ], [ 120.880530471832756, 22.295663659965495 ], [ 120.88000701864442, 22.296034881581878 ], [ 120.879559686483347, 22.296044421598083 ], [ 120.878293824104617, 22.295939788146267 ], [ 120.877142181958178, 22.295968398757289 ], [ 120.874781780452523, 22.295835266059196 ], [ 120.872992425077783, 22.295407052079856 ], [ 120.871774124561895, 22.294836042220048 ], [ 120.870137037394883, 22.294141321229372 ], [ 120.869308991622432, 22.294065219579256 ], [ 120.868166856269227, 22.293903472960515 ], [ 120.867624349100197, 22.293951089044917 ], [ 120.866777295135222, 22.294350880226457 ], [ 120.86611108597539, 22.294893430010738 ], [ 120.865654252430545, 22.29518850563262 ], [ 120.865463895900945, 22.295150443718835 ], [ 120.865321115969223, 22.294902987014307 ], [ 120.865130726196981, 22.294284336994533 ], [ 120.864835643713164, 22.293703763515889 ], [ 120.864800946440042, 22.293656144667999 ], [ 120.863452372473191, 22.29413027124227 ], [ 120.862833736091602, 22.294396801373168 ], [ 120.862338824042908, 22.294558629154036 ], [ 120.861092028109127, 22.294996511512139 ], [ 120.859930890540838, 22.295415353949952 ], [ 120.859369353921082, 22.295567667198348 ], [ 120.858461000215129, 22.295869237342007 ], [ 120.857832849816063, 22.296200489248566 ], [ 120.857164737429002, 22.296748749843992 ], [ 120.856696491880768, 22.297205629285862 ], [ 120.856074066173946, 22.297782441132995 ], [ 120.855897055920195, 22.298119381376637 ], [ 120.856388173424023, 22.298176464051959 ], [ 120.856810769246835, 22.298336342775688 ], [ 120.857273343735216, 22.298570458653234 ], [ 120.857930072468434, 22.298678929441209 ], [ 120.85880553912024, 22.29915001900941 ], [ 120.859525096888689, 22.299469782683683 ], [ 120.859970545043495, 22.29980098135545 ], [ 120.860119026671427, 22.299892345236806 ], [ 120.860610152674468, 22.300097906181886 ], [ 120.861124135591112, 22.300554736914748 ], [ 120.861615264210201, 22.300805983480636 ], [ 120.861935071949972, 22.301022974325775 ], [ 120.86220856134868, 22.301261223972393 ], [ 120.862922415788077, 22.301708526952496 ], [ 120.863750491560381, 22.302308109673341 ], [ 120.86473086444245, 22.303145630785913 ], [ 120.865454250228552, 22.303830879235885 ], [ 120.865663644375061, 22.303907011553228 ], [ 120.866025344901644, 22.304382885507199 ], [ 120.866939111210854, 22.30552498072764 ], [ 120.867434094138005, 22.306600471852882 ], [ 120.867586414700042, 22.307247677270993 ], [ 120.867771291934986, 22.308554625867547 ], [ 120.867809476252376, 22.31053433424777 ], [ 120.867718181222031, 22.311843993267843 ], [ 120.867670302695956, 22.31260117160582 ], [ 120.868161386636345, 22.31206909987019 ] ] ] ] } },
{ "type": "Feature", "properties": { "番號": "127", "類型": null, "分區": "準要", "郡\n支廳": "大武", "庄 (區)": "大武", "大字": "大武", "地名": null, "土地\n類型": "旱田、\n山林\n原野", "面積\n(公頃)": "746", "區分\n理由": "第八條\n第四號", "地        況": "Sukeya溪兩岸之地，有部分地勢正對太平洋。整體為緩坡地及平坦地。基岩及土壤狀況等，與番號126相同。海拔高度在400公尺以下。\n東側部分以道路、部分以稜線及既有登錄地，與要存置林野20及不要存置林野六相鄰。北側以稜線與準要存置林野126鄰接。西側以稜線，與要存置林野27及26接壤。南側以稜線與準要存置林野128毗鄰。", "林        況": "大部分與番號111相同，海岸附近有芒草地。", "參  考  事  項": "(1) 為實施打腊打蘭、察腊密、大得吉3社中部分蕃人的移住計畫，本區有必要保留為蕃人所要地。\n(2) 設有阿塱衛警察官吏駐在所。" }, "geometry": { "type": "MultiPolygon", "coordinates": [ [ [ [ 120.866714106315257, 22.347278415978295 ], [ 120.867332706568035, 22.346383708462927 ], [ 120.868084570169231, 22.345755493794293 ], [ 120.868503344268362, 22.345660294606976 ], [ 120.870311697447931, 22.345431776646723 ], [ 120.871044562228235, 22.345441258072508 ], [ 120.872595942495579, 22.345307931261637 ], [ 120.873766617346746, 22.345231730394236 ], [ 120.874680324213259, 22.345336381214825 ], [ 120.875831974554643, 22.345450538050777 ], [ 120.876488697040799, 22.34545050542205 ], [ 120.877887784522528, 22.345155382936451 ], [ 120.879112377513152, 22.344807921014244 ], [ 120.881748757276924, 22.344322380306377 ], [ 120.884299477571489, 22.343836843860341 ], [ 120.884832601586851, 22.34369464699094 ], [ 120.884902003854393, 22.343447826409776 ], [ 120.884966772331254, 22.343044670201941 ], [ 120.884628753786387, 22.342748190670566 ], [ 120.884585286523034, 22.34290508744952 ], [ 120.884670967287619, 22.343276278863108 ], [ 120.8844044736705, 22.343319122372016 ], [ 120.88426170053846, 22.34319063865577 ], [ 120.884090368244273, 22.34295746014357 ], [ 120.884095112895494, 22.34270999612751 ], [ 120.884485089723569, 22.342613445240499 ], [ 120.884280690891202, 22.342405416101979 ], [ 120.883638229966166, 22.342143707480478 ], [ 120.883233719069622, 22.342005718928327 ], [ 120.882838738457124, 22.342086640170166 ], [ 120.882829227570383, 22.342205613614166 ], [ 120.882938698802036, 22.342510178983243 ], [ 120.88281972706568, 22.342505425974668 ], [ 120.882220084117009, 22.342039081713995 ], [ 120.881715628523693, 22.34175014521967 ], [ 120.881709802260161, 22.341720294312868 ], [ 120.881011934077662, 22.341676711822117 ], [ 120.880143932266932, 22.341920411588156 ], [ 120.879336823735912, 22.341813851898998 ], [ 120.878986580488302, 22.341966154702636 ], [ 120.878605863060301, 22.341813888210428 ], [ 120.877905327605291, 22.341265695551918 ], [ 120.877037291692588, 22.340915482239371 ], [ 120.876489027472957, 22.340154082446467 ], [ 120.876138768486769, 22.3400322715204 ], [ 120.875689512274434, 22.339684575493191 ], [ 120.875278341208869, 22.339585610403024 ], [ 120.874402710349614, 22.339570425356801 ], [ 120.874029598788013, 22.3392734873477 ], [ 120.87383161147514, 22.338946083558557 ], [ 120.873420439970957, 22.338839504197356 ], [ 120.872994032251299, 22.338595868726721 ], [ 120.872598073360024, 22.338215174877526 ], [ 120.87230873256938, 22.338177117897214 ], [ 120.871623453427674, 22.338116237771803 ], [ 120.871204662065907, 22.33791067327326 ], [ 120.870625980482302, 22.337834559312032 ], [ 120.870169123057892, 22.33771275367765 ], [ 120.869933074490092, 22.33755286572417 ], [ 120.869903335399059, 22.337535036870513 ], [ 120.86896094917401, 22.338255249713963 ], [ 120.868604060012586, 22.33869499155589 ], [ 120.868109166571784, 22.339180425875767 ], [ 120.866929051568832, 22.34060816019927 ], [ 120.866072531312142, 22.341902628722693 ], [ 120.865073285737154, 22.343901424361174 ], [ 120.864476283286791, 22.345219674599235 ], [ 120.864339271441665, 22.345973494185436 ], [ 120.864499187896584, 22.346300899871043 ], [ 120.86532156066184, 22.347031828976011 ], [ 120.86629622390214, 22.34788457883921 ], [ 120.866336287247208, 22.347942950720629 ], [ 120.866714106315257, 22.347278415978295 ] ] ] ] } },
{ "type": "Feature", "properties": { "番號": "126", "類型": null, "分區": "準要", "郡\n支廳": "〃", "庄 (區)": "〃", "大字": "大武", "地名": null, "土地\n類型": "旱田、\n山林\n原野", "面積\n(公頃)": "259", "區分\n理由": "第八條\n第四號", "地        況": "大武溪右岸之東向緩坡地。基岩屬第三紀南部第三系，土壤質地為黏質壤土，摻雜石礫，濕度偏乾，結合度軟，地力尚可。海拔高度在331公尺以下。\n東側與既有登錄地鄰接。北側及西側以稜線與要存置林野18及27相鄰。南側以稜線與準要存置林野127鄰接。", "林        況": "同上", "參  考  事  項": "(1) 同番號104之 (1)。\n(2) 本區域是認定為必須保留的蕃人所要地，乃針對現居於此的行政區內91名大武社蕃人所保留。此次的調查地面積為259公頃。人均面積為2.861公頃。因該社蕃人持有9.3公頃既有登錄地，若將之算入，則人均面積為2.9483公頃。" }, "geometry": { "type": "MultiPolygon", "coordinates": [ [ [ [ 120.894140690159318, 22.359277537964854 ], [ 120.894883004466223, 22.358101096338974 ], [ 120.894990947654705, 22.357770657090327 ], [ 120.894815395581787, 22.357387095319449 ], [ 120.89447274334124, 22.357135841439877 ], [ 120.894168179905009, 22.35719677073952 ], [ 120.893726568347049, 22.357379535172548 ], [ 120.893254493095029, 22.357440472798974 ], [ 120.892652950206198, 22.357036946385879 ], [ 120.892165613794006, 22.356526814513643 ], [ 120.891769643526175, 22.355948149668524 ], [ 120.891472657951297, 22.355377094172638 ], [ 120.891571629957554, 22.355163889690687 ], [ 120.891624918235635, 22.354973530289705 ], [ 120.891571609397474, 22.35480601899712 ], [ 120.891571586213203, 22.354402462683336 ], [ 120.891341899635606, 22.354535723825851 ], [ 120.891143933750143, 22.354581419285626 ], [ 120.89112868965546, 22.354307306319829 ], [ 120.891204819142317, 22.354094102973196 ], [ 120.891151512054265, 22.353957048760925 ], [ 120.891044909688986, 22.353888525628268 ], [ 120.890420550525832, 22.353941856550051 ], [ 120.890207370290597, 22.354231209409722 ], [ 120.88996370799029, 22.354078936117741 ], [ 120.889887555757213, 22.353896197419804 ], [ 120.889506849707033, 22.353941901961818 ], [ 120.889126155467039, 22.354193191797126 ], [ 120.888753067526594, 22.354307424392253 ], [ 120.888265738987471, 22.353934349376079 ], [ 120.888197204427001, 22.353812524460164 ], [ 120.88844846427962, 22.353675455109673 ], [ 120.888897673835004, 22.353210962305859 ], [ 120.888410340048594, 22.35274651604762 ], [ 120.888288505399174, 22.352609465240146 ], [ 120.888022016761425, 22.352738921076533 ], [ 120.887846899080913, 22.352883600912541 ], [ 120.8876032302189, 22.352617113567167 ], [ 120.88790777704034, 22.352266842005214 ], [ 120.888060046077399, 22.352015563523253 ], [ 120.888082869353539, 22.351680534502783 ], [ 120.887999104259961, 22.35152063899281 ], [ 120.887488927079616, 22.35104096532725 ], [ 120.887397552186215, 22.350957212896677 ], [ 120.886986400372933, 22.351193275703402 ], [ 120.886615218032034, 22.351343358723874 ], [ 120.8864952833177, 22.351143490092433 ], [ 120.886295393877063, 22.350840832787075 ], [ 120.886221153060731, 22.350795150855433 ], [ 120.886004162890728, 22.351035011148927 ], [ 120.885661502775235, 22.35064670039861 ], [ 120.885324578874787, 22.350703824168171 ], [ 120.885079028008903, 22.35081233972079 ], [ 120.884833453526312, 22.350509684684688 ], [ 120.884947656945982, 22.35034977933562 ], [ 120.885084709118573, 22.350298376201216 ], [ 120.885067555251922, 22.349915759977236 ], [ 120.884901938120649, 22.349761579236027 ], [ 120.884753458455847, 22.349704479587981 ], [ 120.884525014552679, 22.349378980889412 ], [ 120.8841995096152, 22.349396129172373 ], [ 120.883971088343046, 22.349464668954777 ], [ 120.883902547661179, 22.349236244254815 ], [ 120.883754070947717, 22.349230540930243 ], [ 120.883417147373393, 22.349293375401629 ], [ 120.883222994801613, 22.349447574020932 ], [ 120.88307451743205, 22.349430449291162 ], [ 120.883028815007208, 22.349127784321478 ], [ 120.883137308453712, 22.348979300661206 ], [ 120.88273757024217, 22.349082113172525 ], [ 120.882543407502638, 22.349059280010117 ], [ 120.882429186698644, 22.348916518119218 ], [ 120.882549102062058, 22.348779455296722 ], [ 120.88282891441547, 22.348630963123512 ], [ 120.88286380068125, 22.348421489644096 ], [ 120.882801922401768, 22.348193064612367 ], [ 120.882878056212249, 22.348055052181873 ], [ 120.883177858012957, 22.34794558215081 ], [ 120.883420561163476, 22.347969364685706 ], [ 120.883648984732147, 22.347940799822275 ], [ 120.883820309377668, 22.348040728605529 ], [ 120.883996404360431, 22.348340531744316 ], [ 120.88408683251086, 22.34851184833018 ], [ 120.884462776046377, 22.348402374515647 ], [ 120.884681670692004, 22.348178694452464 ], [ 120.88460551911723, 22.348007377157391 ], [ 120.884481780324052, 22.34785985682101 ], [ 120.884462734231391, 22.347674259931747 ], [ 120.884515074842525, 22.347555284359515 ], [ 120.884681626417944, 22.347407749599416 ], [ 120.884695893428159, 22.347241186730422 ], [ 120.884614984908396, 22.347103182103673 ], [ 120.884338965923135, 22.347012776359836 ], [ 120.884258051391328, 22.34677007551818 ], [ 120.884143825396578, 22.346536894169432 ], [ 120.884083280091019, 22.346317035126276 ], [ 120.884226041582892, 22.346242788898778 ], [ 120.884608643312703, 22.346060027405105 ], [ 120.884613010673107, 22.34606455314967 ], [ 120.884770795109176, 22.345812063813273 ], [ 120.884867975756848, 22.345569069401826 ], [ 120.884553777717258, 22.345577935787919 ], [ 120.884222532965339, 22.345086831819124 ], [ 120.884034064133928, 22.344772752538177 ], [ 120.884342421769972, 22.344487202087024 ], [ 120.884366853571066, 22.344509799375579 ], [ 120.884410941135044, 22.344344431117324 ], [ 120.884773483364881, 22.344082562871858 ], [ 120.884747848315584, 22.343996061519388 ], [ 120.884832601586851, 22.34369464699094 ], [ 120.884299477571489, 22.343836843860341 ], [ 120.881748757276924, 22.344322380306377 ], [ 120.879112377513152, 22.344807921014244 ], [ 120.877887784522528, 22.345155382936451 ], [ 120.876488697040799, 22.34545050542205 ], [ 120.875831974554643, 22.345450538050777 ], [ 120.874680324213259, 22.345336381214825 ], [ 120.873766617346746, 22.345231730394236 ], [ 120.872595942495579, 22.345307931261637 ], [ 120.871044562228235, 22.345441258072508 ], [ 120.870311697447931, 22.345431776646723 ], [ 120.868503344268362, 22.345660294606976 ], [ 120.868084570169231, 22.345755493794293 ], [ 120.867332706568035, 22.346383708462927 ], [ 120.866714106315257, 22.347278415978295 ], [ 120.866336287247208, 22.347942950720629 ], [ 120.866829260681925, 22.348661207939823 ], [ 120.86727853673915, 22.34935408422642 ], [ 120.868258985655601, 22.351513315700025 ], [ 120.869066180816461, 22.353127500918866 ], [ 120.869507833083603, 22.353652863628888 ], [ 120.870040848875789, 22.354064007740483 ], [ 120.870672847178056, 22.354444689849764 ], [ 120.872172866545881, 22.354916700058773 ], [ 120.87367351454489, 22.355286393475371 ], [ 120.87465386129341, 22.355667058265674 ], [ 120.876052993611552, 22.35615239845556 ], [ 120.877109496311036, 22.356780523242847 ], [ 120.878121271185591, 22.35683580491613 ], [ 120.878327767933854, 22.356847087550296 ], [ 120.879109414171282, 22.356911769993893 ], [ 120.880327686772532, 22.356995466409192 ], [ 120.881066267305343, 22.357094415209229 ], [ 120.88182008099659, 22.357277120224865 ], [ 120.883571361930748, 22.357642518142466 ], [ 120.884584051831851, 22.357726224774904 ], [ 120.886045972282972, 22.357710923563445 ], [ 120.886898758408407, 22.35768803836174 ], [ 120.888056110597859, 22.357649909480116 ], [ 120.888818293654495, 22.357724491440297 ], [ 120.890051802230261, 22.357941436822745 ], [ 120.890782772400371, 22.358107010861882 ], [ 120.89185638595329, 22.358369649811557 ], [ 120.892901448978336, 22.35867797580001 ], [ 120.893375443415948, 22.358889248232295 ], [ 120.893809474928474, 22.359300397240297 ], [ 120.894140690159318, 22.359277537964854 ] ] ] ] } },
{ "type": "Feature", "properties": { "番號": "130", "類型": "蕃", "分區": "準要", "郡\n支廳": "大武", "庄 (區)": null, "大字": null, "地名": "Chiyachiyagatoan社蕃地", "土地\n類型": "旱田、\n山林\n原野", "面積\n(公頃)": "408", "區分\n理由": "第八條\n第二號", "地        況": "介於Chiyachiyagatoan溪右岸與Kachirai溪上游左岸之間，為緩坡地。基岩為下部黏板岩，土壤質地為黏質壤土，摻雜石礫，濕度偏潤，結合度軟，地力尚可。海拔高度在970公尺以下。東側以稜線與要存置林野28相鄰。北側以Chiyachiyagatoan溪與準要存置林野32相對。西側以溪流與準要存置林野131接壤；另有部分以稜線與要存置林野29鄰接。南側以溪流與要存置林野27毗鄰。", "林        況": "過半以上面積為蕃人現耕地及其開墾舊跡，剩餘地區為栲櫧植物、櫟屬植物類為主的闊葉林。偶爾可見油杉天然木。", "參  考  事  項": "本地與番號131、132、133、136同樣獲認定為必須保留的蕃人所要地，乃針對現居於此的Chiyachiyagatoan社299名蕃人。人均面積為2.9866公頃。\r" }, "geometry": { "type": "MultiPolygon", "coordinates": [ [ [ [ 120.830242605054522, 22.363628655399868 ], [ 120.830311127701663, 22.36354299144238 ], [ 120.830436758299655, 22.363485878161935 ], [ 120.830904392886922, 22.363440010651242 ], [ 120.832208316452736, 22.363373320940877 ], [ 120.833045878389328, 22.363420868486791 ], [ 120.833635982387435, 22.363516017531808 ], [ 120.83375855421184, 22.3634877248974 ], [ 120.833499817106912, 22.363266872663154 ], [ 120.83264317541925, 22.362448381119666 ], [ 120.831710380497626, 22.361430018743953 ], [ 120.830615767409412, 22.360116611405765 ], [ 120.830155376368126, 22.35923385474026 ], [ 120.82980504732177, 22.357893760444075 ], [ 120.829652693821515, 22.356675484642796 ], [ 120.829439401554126, 22.355015584147321 ], [ 120.829089100523277, 22.354162803197536 ], [ 120.829089069900633, 22.353629804222631 ], [ 120.827459575284692, 22.352563887261251 ], [ 120.825564490544394, 22.351529487540166 ], [ 120.824327150522151, 22.350891853828077 ], [ 120.823508593935017, 22.350320824172663 ], [ 120.822404516728511, 22.349940165484814 ], [ 120.820577063393301, 22.349045579438791 ], [ 120.82079591679755, 22.348103302501148 ], [ 120.821224167117208, 22.347284747066549 ], [ 120.82223965050072, 22.346289130648884 ], [ 120.823918488142198, 22.344758578727919 ], [ 120.825380337545241, 22.343502151359981 ], [ 120.826111271428061, 22.343033837371586 ], [ 120.827127735548927, 22.342542666386073 ], [ 120.829053329956565, 22.342013759594771 ], [ 120.830006979426486, 22.341562566658343 ], [ 120.831442464651019, 22.340898498940529 ], [ 120.831318884108939, 22.340589594150412 ], [ 120.831023810801256, 22.340170823903691 ], [ 120.83066214297169, 22.340266020257861 ], [ 120.830043467789139, 22.339856783924589 ], [ 120.829761259428182, 22.33971720297486 ], [ 120.82899983540851, 22.339603026733805 ], [ 120.828695252686941, 22.339328928106752 ], [ 120.828344986228757, 22.339077674561974 ], [ 120.827865292788232, 22.33907008411952 ], [ 120.82763685705811, 22.338887352961788 ], [ 120.827416031131619, 22.338628478715311 ], [ 120.827096220934436, 22.338369609385509 ], [ 120.826586057681581, 22.338133592323931 ], [ 120.826350013458423, 22.338049847067079 ], [ 120.826152044916356, 22.338049856900714 ], [ 120.826030209379795, 22.337897577531127 ], [ 120.825809383016278, 22.33763108901244 ], [ 120.825398208841008, 22.337478824014575 ], [ 120.825230698308559, 22.337501675148243 ], [ 120.82486520175101, 22.337219965272666 ], [ 120.824575856118855, 22.337098151307377 ], [ 120.82427889500056, 22.336953494906684 ], [ 120.823783972331782, 22.336930676676506 ], [ 120.823410867717371, 22.336755566973352 ], [ 120.823129132325604, 22.336565224189336 ], [ 120.822908316450437, 22.33648147817485 ], [ 120.822489517172173, 22.336138856775904 ], [ 120.822413369160245, 22.336029722671899 ], [ 120.82224583153122, 22.335580488996886 ], [ 120.821735672644081, 22.335420614641549 ], [ 120.820744189671558, 22.335033192663037 ], [ 120.819921844371649, 22.334781962558132 ], [ 120.818825399919817, 22.334724909980743 ], [ 120.817774651002026, 22.334850597642301 ], [ 120.816449811451548, 22.335318941122502 ], [ 120.816015826426877, 22.335718711916869 ], [ 120.815033603110123, 22.335810131957555 ], [ 120.814279840438303, 22.336518296622817 ], [ 120.813547743607018, 22.337453460676922 ], [ 120.8123828463048, 22.338698451896843 ], [ 120.811275048103937, 22.339817804810565 ], [ 120.809207871067954, 22.341062840869739 ], [ 120.80812289244048, 22.341782443416868 ], [ 120.806535374324156, 22.34243354249331 ], [ 120.804312085788027, 22.343314647954873 ], [ 120.80312240317312, 22.343876259585656 ], [ 120.8019041755975, 22.344580640228166 ], [ 120.79978180024743, 22.345903725363282 ], [ 120.798420825467531, 22.346931719651803 ], [ 120.798005295962597, 22.34735838114883 ], [ 120.798547780610861, 22.347564784501884 ], [ 120.799050321093929, 22.347650420083159 ], [ 120.800380888694605, 22.347484743554777 ], [ 120.80120321305192, 22.347370488617042 ], [ 120.802322504013688, 22.347496068474239 ], [ 120.80440118431514, 22.347678707690456 ], [ 120.806021816324304, 22.347720981538618 ], [ 120.809265464509096, 22.347888334317297 ], [ 120.812311142370177, 22.348025239847498 ], [ 120.813506571770716, 22.348093708882743 ], [ 120.813644481697096, 22.348101949210626 ], [ 120.814652509030921, 22.348162180377209 ], [ 120.815280739141656, 22.349218629299198 ], [ 120.815766175592898, 22.349789675520981 ], [ 120.816489602576297, 22.351188761915523 ], [ 120.817289152721926, 22.352264237994252 ], [ 120.817731774243214, 22.353092902517595 ], [ 120.81790690420172, 22.353161422254153 ], [ 120.818478009748105, 22.353899978179594 ], [ 120.81952122344606, 22.355148666809637 ], [ 120.820427366248751, 22.356123248484622 ], [ 120.821325574193096, 22.357038185426141 ], [ 120.822305964827933, 22.358180277370458 ], [ 120.823562390085002, 22.359684033469208 ], [ 120.825113878291518, 22.361425720865096 ], [ 120.825923734608651, 22.362419303328274 ], [ 120.826513864331218, 22.362961790805656 ], [ 120.826573370149987, 22.363065292146032 ], [ 120.826696270392432, 22.363057761408324 ], [ 120.826953254367837, 22.363154830587153 ], [ 120.827215949959012, 22.363269031591926 ], [ 120.827530037617862, 22.363320412304006 ], [ 120.827941199765874, 22.363263284825031 ], [ 120.828426600772914, 22.363217575061295 ], [ 120.828769241257234, 22.363263243650191 ], [ 120.829089049394284, 22.363485945178009 ], [ 120.82947738116313, 22.363640114858232 ], [ 120.830242605054522, 22.363628655399868 ] ] ] ] } },
{ "type": "Feature", "properties": { "番號": "131", "類型": "蕃", "分區": "準要", "郡\n支廳": "〃", "庄 (區)": null, "大字": null, "地名": "〃", "土地\n類型": "旱田、\n山林\n原野", "面積\n(公頃)": "229", "區分\n理由": "同上", "地        況": "Chiyachiyagatoan溪中游右岸，為北向緩坡地。基岩及土壤狀況等，與番號130相同。海拔高度在773公尺以下。\n東側以小溪與準要存置林野130相鄰。北側以Chiyachiyagatoan溪，與要存置林野32及準要存置林野136、133鄰接。西側以稜線與要存置林野30鄰接。南側以溪流或稜線，與要存置林野29接壤。", "林        況": "同上", "參  考  事  項": "(1) 同上\n(2) 設有Chiyachiyagatoan警察官吏駐在所。" }, "geometry": { "type": "MultiPolygon", "coordinates": [ [ [ [ 120.806029149899885, 22.370414968540558 ], [ 120.806400326427948, 22.370162727333188 ], [ 120.806952335507688, 22.369839093335862 ], [ 120.80765662863493, 22.3695249696042 ], [ 120.807998882692871, 22.369470891252632 ], [ 120.808427182992617, 22.369522266281393 ], [ 120.808667035744719, 22.369630757719747 ], [ 120.809032520741951, 22.369710689390764 ], [ 120.809535053992221, 22.369670689469288 ], [ 120.809906238782602, 22.369562167637969 ], [ 120.810194933776316, 22.369403205361461 ], [ 120.810637491823584, 22.369127166008592 ], [ 120.811022949852784, 22.368960584648267 ], [ 120.811413175771563, 22.368951047399413 ], [ 120.811746297293482, 22.368974825428712 ], [ 120.811917621702747, 22.369069995300094 ], [ 120.812341169488008, 22.369231777500865 ], [ 120.812745676361956, 22.369298382255742 ], [ 120.813047390141122, 22.369334852299254 ], [ 120.813589899118384, 22.369317693204486 ], [ 120.814103851983432, 22.369249139198182 ], [ 120.814298007532045, 22.369146336877172 ], [ 120.814749126377322, 22.368780829412575 ], [ 120.815520019551116, 22.368049821018086 ], [ 120.815948305065888, 22.36784421438993 ], [ 120.816308072529381, 22.367804221571777 ], [ 120.816758834643181, 22.367855722388736 ], [ 120.817360357958236, 22.367916606642101 ], [ 120.817900963057753, 22.367893736940321 ], [ 120.818357800412301, 22.367665286079358 ], [ 120.8186471272343, 22.36745968636405 ], [ 120.819088732736446, 22.367170322090857 ], [ 120.819339992624577, 22.367033252711181 ], [ 120.819812061392426, 22.366858100993515 ], [ 120.820291736892216, 22.366553506285953 ], [ 120.820466847589628, 22.366286998082238 ], [ 120.820900826658786, 22.365784434595223 ], [ 120.821344713785962, 22.365449384584394 ], [ 120.822106103245346, 22.36496203335992 ], [ 120.822722830388045, 22.364596517670854 ], [ 120.823004552226678, 22.364550818033724 ], [ 120.823476618365703, 22.364329980692997 ], [ 120.82359082179407, 22.364170075318125 ], [ 120.823804011682697, 22.364048236377251 ], [ 120.823978059270303, 22.363914502084018 ], [ 120.824680428477961, 22.363246314859158 ], [ 120.824920271370175, 22.36318348519525 ], [ 120.825548436186239, 22.363103504111901 ], [ 120.826153760118956, 22.363052077681459 ], [ 120.82641645045814, 22.36307490743253 ], [ 120.826573370149987, 22.363065292146032 ], [ 120.826513864331218, 22.362961790805656 ], [ 120.825923734608651, 22.362419303328274 ], [ 120.825113878291518, 22.361425720865096 ], [ 120.823562390085002, 22.359684033469208 ], [ 120.822305964827933, 22.358180277370458 ], [ 120.821325574193096, 22.357038185426141 ], [ 120.820427366248751, 22.356123248484622 ], [ 120.81952122344606, 22.355148666809637 ], [ 120.818478009748105, 22.353899978179594 ], [ 120.81790690420172, 22.353161422254153 ], [ 120.817731774243214, 22.353092902517595 ], [ 120.817289152721926, 22.352264237994252 ], [ 120.816489602576297, 22.351188761915523 ], [ 120.815766175592898, 22.349789675520981 ], [ 120.815280739141656, 22.349218629299198 ], [ 120.814652509030921, 22.348162180377209 ], [ 120.813644481697096, 22.348101949210626 ], [ 120.813714313162151, 22.348392844243357 ], [ 120.814045588813542, 22.349420754407632 ], [ 120.814650965579474, 22.350288751250783 ], [ 120.815267772794741, 22.351316647221402 ], [ 120.815998796572345, 22.352413065954689 ], [ 120.816998731515312, 22.354129320590815 ], [ 120.817531770128554, 22.354936406850459 ], [ 120.818346561651154, 22.356238406735482 ], [ 120.818262812728662, 22.356360239239244 ], [ 120.8176004202097, 22.357068399397928 ], [ 120.816801006675348, 22.358370479532542 ], [ 120.816603070948801, 22.358941559721583 ], [ 120.815879735714489, 22.35913956673847 ], [ 120.814014276432943, 22.359375701897473 ], [ 120.812865503309794, 22.35964574838534 ], [ 120.811906129521475, 22.35985899568362 ], [ 120.809804637363001, 22.36020935665513 ], [ 120.808121917817616, 22.360437868464857 ], [ 120.807086403581536, 22.360673962367652 ], [ 120.806477273517331, 22.360742521098079 ], [ 120.80570826065636, 22.361069973009403 ], [ 120.805513231192293, 22.361222668988692 ], [ 120.805653069006325, 22.361376957998207 ], [ 120.805729257807656, 22.362195488396022 ], [ 120.805634195519502, 22.364194239393399 ], [ 120.805558144056505, 22.365764686675337 ], [ 120.805327896326204, 22.367174607403616 ], [ 120.804814011094507, 22.368419566358551 ], [ 120.804151638944191, 22.369481790185617 ], [ 120.803906064348809, 22.369835496943804 ], [ 120.804306423087141, 22.370072412013233 ], [ 120.804720451793401, 22.370210400090663 ], [ 120.80507260684297, 22.370200864734233 ], [ 120.805381938725745, 22.370305545580997 ], [ 120.805729343125691, 22.370438778052229 ], [ 120.806029149899885, 22.370414968540558 ] ] ] ] } },
{ "type": "Feature", "properties": { "番號": "136", "類型": "蕃", "分區": "準要", "郡\n支廳": "〃", "庄 (區)": null, "大字": null, "地名": "出水坡社蕃地", "土地\n類型": "旱田、\n山林\n原野", "面積\n(公頃)": "41", "區分\n理由": "同上", "地        況": "Chiyachiyagatoan溪左岸之緩坡地。基岩及土壤狀況等，與番號130相同。海拔高度介於167至700公尺。\n東側以溪流與要存置林野32相鄰。北側以浸水營越嶺道路與準要存置林野135鄰接。西側以小溪與準要存置林野133接壤。南側以Chiyachiyagatoan溪為與準要存置林野131毗鄰。", "林        況": "同上", "參  考  事  項": "同番號130。\r" }, "geometry": { "type": "MultiPolygon", "coordinates": [ [ [ [ 120.818848004143533, 22.3767544954306 ], [ 120.81933908359423, 22.376149136425276 ], [ 120.819875856635491, 22.375692253439077 ], [ 120.820583952551132, 22.375303890372461 ], [ 120.821154998576432, 22.375006905381078 ], [ 120.821943046610684, 22.374675645373724 ], [ 120.822474771945281, 22.374525126259908 ], [ 120.822413997732781, 22.374276492633989 ], [ 120.82236633030756, 22.372905926174592 ], [ 120.822318637709174, 22.371097539119106 ], [ 120.822439098868841, 22.36941763452899 ], [ 120.822621688013115, 22.366790701864311 ], [ 120.822785207945344, 22.364933863008357 ], [ 120.822609650811884, 22.365032334358478 ], [ 120.822015764880575, 22.365375006098663 ], [ 120.821330518701657, 22.365889003486775 ], [ 120.82071380731881, 22.366528632944163 ], [ 120.820371185214583, 22.366802763750144 ], [ 120.819605984289495, 22.367213972456533 ], [ 120.818943569469823, 22.367533804796466 ], [ 120.818418215049988, 22.367945001576405 ], [ 120.818075589661248, 22.368162025350198 ], [ 120.817824326489273, 22.368241987696162 ], [ 120.817298947769203, 22.368230592419895 ], [ 120.817237637842908, 22.368210669863018 ], [ 120.817343535654572, 22.368541539994936 ], [ 120.817206492329063, 22.368747132137337 ], [ 120.817183708915422, 22.369775059902423 ], [ 120.817480747122076, 22.371259828040333 ], [ 120.818029077410898, 22.373167175736679 ], [ 120.818314652981783, 22.373932395800395 ], [ 120.818565987105529, 22.375085945405839 ], [ 120.818611710918248, 22.375759806145386 ], [ 120.818625856216656, 22.376235221509152 ], [ 120.818587815457448, 22.376758704557375 ], [ 120.818567859617517, 22.377103290119777 ], [ 120.818848004143533, 22.3767544954306 ] ] ] ] } },
{ "type": "Feature", "properties": { "番號": "135", "類型": "蕃", "分區": "準要", "郡\n支廳": "大武", "庄 (區)": null, "大字": null, "地名": "姑子崙社蕃地", "土地\n類型": "旱田、\n山林\n原野", "面積\n(公頃)": "11", "區分\n理由": "第八條\n第二號", "地        況": "Kuwarun溪右岸小溪源頭之地。基岩及土壤狀況等，與番號130相同。海拔高度在454至700公尺。\n東側以小溪與要存置林野32為界。西側以小溪與準要存置林野134為界。南側則以浸水營越嶺道路為界。", "林        況": "同上", "參  考  事  項": "同上\r" }, "geometry": { "type": "MultiPolygon", "coordinates": [ [ [ [ 120.824664312982819, 22.379886720827077 ], [ 120.824477909578761, 22.379697433833471 ], [ 120.823255732682512, 22.377927176574886 ], [ 120.822775914833187, 22.375757133131611 ], [ 120.822566392274865, 22.374899954558341 ], [ 120.822206199157677, 22.37501216720981 ], [ 120.821425761576236, 22.375278705532875 ], [ 120.820592027836014, 22.375598546407623 ], [ 120.820249399826736, 22.375769884558885 ], [ 120.819872515914952, 22.376078281298703 ], [ 120.819244385917912, 22.376763596971212 ], [ 120.818684780209509, 22.377391802201068 ], [ 120.818617808892427, 22.377454528878062 ], [ 120.819377851253734, 22.37789128811195 ], [ 120.820377220455185, 22.378043523812952 ], [ 120.821195762860626, 22.378367089615647 ], [ 120.822756710848608, 22.379099885558514 ], [ 120.82407970984886, 22.379727997107583 ], [ 120.824408557624636, 22.379912309561139 ], [ 120.824664312982819, 22.379886720827077 ] ] ] ] } },
{ "type": "Feature", "properties": { "番號": "137", "類型": "蕃", "分區": "準要", "郡\n支廳": "〃", "庄 (區)": null, "大字": null, "地名": "姑子崙社蕃地", "土地\n類型": "旱田、\n山林\n原野", "面積\n(公頃)": "111", "區分\n理由": "同上", "地        況": "Kuwarun溪右岸之北向緩坡地。基岩及地勢等，與番號130相同。海拔高度介於122至667公尺。\n北側以Kuwarun溪與要存置林野33相鄰。其餘各側皆以稜線與要存置林野32鄰接。", "林        況": "同上", "參  考  事  項": "(1) 本區域獲認定為必須保留的蕃人所要地，乃針對現居於本區域37名的姑子崙社蕃人。人均面積為3公頃。\n(2) 設有姑子崙警察官吏駐在所。" }, "geometry": { "type": "MultiPolygon", "coordinates": [ [ [ [ 120.837286729441686, 22.382606856971375 ], [ 120.83763734680997, 22.382339832416992 ], [ 120.838105596191852, 22.381951481290386 ], [ 120.83863094399527, 22.381426070443943 ], [ 120.838973562785142, 22.38109483260379 ], [ 120.839304768528606, 22.380906362914008 ], [ 120.839823569914401, 22.380834776809657 ], [ 120.840409458770083, 22.380913922213686 ], [ 120.841043343059852, 22.38098812981287 ], [ 120.841540169581293, 22.381016658606246 ], [ 120.842031278570303, 22.380925262915738 ], [ 120.842983033442351, 22.380631114338176 ], [ 120.844146828204529, 22.380078641068604 ], [ 120.844458220027363, 22.379593596513999 ], [ 120.844543860869564, 22.379269985737334 ], [ 120.844527961463342, 22.378634829426574 ], [ 120.844596471947597, 22.378337869450842 ], [ 120.844840102308567, 22.377934300968963 ], [ 120.845134624399932, 22.377594436022306 ], [ 120.845281129989345, 22.377413436081206 ], [ 120.845671401895956, 22.377215599336839 ], [ 120.846232926991362, 22.376863411369275 ], [ 120.846356643635318, 22.376625459247961 ], [ 120.846337586298844, 22.376244746650791 ], [ 120.846299494074813, 22.375873552839025 ], [ 120.846394619789649, 22.374978871275069 ], [ 120.846803849904489, 22.374426816276635 ], [ 120.846944864970951, 22.374279782871735 ], [ 120.846448147681357, 22.373962761609974 ], [ 120.845557251187472, 22.37330036435991 ], [ 120.84393534666313, 22.37181566221042 ], [ 120.84309012273431, 22.370936255960228 ], [ 120.841593968342409, 22.371473136482695 ], [ 120.841272273109283, 22.371536350933454 ], [ 120.838607353666774, 22.372259839238183 ], [ 120.837616390649401, 22.372638698516372 ], [ 120.836261100001479, 22.373202221992944 ], [ 120.83499715667088, 22.373369798832574 ], [ 120.833855038377081, 22.373506912528445 ], [ 120.832728153684698, 22.373735396720953 ], [ 120.831311934735567, 22.374040038019466 ], [ 120.831059210921637, 22.374026749210213 ], [ 120.831161221522379, 22.374313302672796 ], [ 120.831616870964936, 22.375495395599245 ], [ 120.832357914354162, 22.377042959339455 ], [ 120.833146066840584, 22.378527702995154 ], [ 120.833899933860664, 22.379635541932764 ], [ 120.834927907221896, 22.380674838787627 ], [ 120.83580738906555, 22.381451450675069 ], [ 120.836501346039611, 22.382077214046721 ], [ 120.837134788247681, 22.382658526838746 ], [ 120.837286729441686, 22.382606856971375 ] ] ] ] } },
{ "type": "Feature", "properties": { "番號": "133", "類型": "蕃", "分區": "準要", "郡\n支廳": "〃", "庄 (區)": null, "大字": null, "地名": "出水坡蕃地", "土地\n類型": "旱田、\n山林\n原野", "面積\n(公頃)": "181", "區分\n理由": "同上", "地        況": "位於Chiyachiyagatoan溪中游左岸，為南向緩坡地。基岩及土壤狀況等，與番號130相同。海拔高度介於200至850公尺。\n東側以小溪與準要存置林野136相鄰。北側以浸水營越嶺道路為界。西側與準要存置林野132鄰接。南側以Chiyachiyagatoan溪與準要存置林野131接壤。", "林        況": "同上", "參  考  事  項": "(1) 同上\n(2) 設有出水坡警察官吏駐在所。" }, "geometry": { "type": "MultiPolygon", "coordinates": [ [ [ [ 120.810008725691489, 22.38270489354608 ], [ 120.811002363691429, 22.382499258764156 ], [ 120.81229293807958, 22.382008074025304 ], [ 120.813149502523245, 22.381482646666278 ], [ 120.813518328945804, 22.381051113271443 ], [ 120.814041751988128, 22.380156410328969 ], [ 120.814479531994024, 22.379547246829265 ], [ 120.814888774726271, 22.379214102090142 ], [ 120.815469350083603, 22.379118894807903 ], [ 120.815893829379618, 22.378928516900629 ], [ 120.816373500709489, 22.378551586598203 ], [ 120.816784641180277, 22.378117552671032 ], [ 120.817161534292197, 22.377969055625794 ], [ 120.817820156252935, 22.377896687276344 ], [ 120.818288402377021, 22.377451229103045 ], [ 120.818567859617517, 22.377103290119777 ], [ 120.818587815457448, 22.376758704557375 ], [ 120.818625856216656, 22.376235221509152 ], [ 120.818611710918248, 22.375759806145386 ], [ 120.818565987105529, 22.375085945405839 ], [ 120.818314652981783, 22.373932395800395 ], [ 120.818029077410898, 22.373167175736679 ], [ 120.817480747122076, 22.371259828040333 ], [ 120.817183708915422, 22.369775059902423 ], [ 120.817206492329063, 22.368747132137337 ], [ 120.817343535654572, 22.368541539994936 ], [ 120.817237637842908, 22.368210669863018 ], [ 120.816842088741225, 22.368082136851314 ], [ 120.816373816331264, 22.368070738734612 ], [ 120.815974075434951, 22.368127865651619 ], [ 120.815654286658031, 22.368242095627419 ], [ 120.814957629719856, 22.368938836108345 ], [ 120.814455117164698, 22.369338610350617 ], [ 120.814101071824979, 22.369578477509624 ], [ 120.81329016351161, 22.369601360658439 ], [ 120.812461733995377, 22.369474719423856 ], [ 120.811747889222957, 22.369198737591056 ], [ 120.8112148986189, 22.369227317619476 ], [ 120.810596260587076, 22.369465294373253 ], [ 120.810082321839047, 22.36977940863439 ], [ 120.809577891504574, 22.369931719154582 ], [ 120.808930684441449, 22.369893679989961 ], [ 120.808378647449487, 22.369731904179829 ], [ 120.80797890326167, 22.369731924063434 ], [ 120.807607717703107, 22.369827120920299 ], [ 120.806798729122178, 22.370131732020944 ], [ 120.806444682243963, 22.370344949234465 ], [ 120.806102057504063, 22.370573394423261 ], [ 120.805983327738758, 22.370639073421263 ], [ 120.805697794532335, 22.370610534106167 ], [ 120.805450330011652, 22.37054392153988 ], [ 120.805221899286167, 22.370448754508367 ], [ 120.805031543267489, 22.370420210458775 ], [ 120.804698422560847, 22.370410709189482 ], [ 120.803948353758955, 22.370137286184246 ], [ 120.804026858936908, 22.37053795931001 ], [ 120.804243887558783, 22.370966251289587 ], [ 120.804601787780442, 22.37155729131576 ], [ 120.804620897667817, 22.372851716530484 ], [ 120.804754229493895, 22.374307939334084 ], [ 120.804848184409749, 22.375120758149638 ], [ 120.804791149276255, 22.37635808011764 ], [ 120.804943494652832, 22.377433588397633 ], [ 120.805144439379688, 22.379534165570696 ], [ 120.805395782077824, 22.380836193503825 ], [ 120.80577275406857, 22.382058265332713 ], [ 120.805964156910562, 22.382554445766804 ], [ 120.806639444054511, 22.382545161525766 ], [ 120.807461786787712, 22.382750705931681 ], [ 120.808763816628101, 22.382853433797624 ], [ 120.810008725691489, 22.38270489354608 ] ] ] ] } },
{ "type": "Feature", "properties": { "番號": "132", "類型": "蕃", "分區": "準要", "郡\n支廳": "大武", "庄 (區)": null, "大字": null, "地名": "Chiyachiyagatoan社蕃地", "土地\n類型": "旱田、\n山林\n原野", "面積\n(公頃)": "34", "區分\n理由": "第八條\n第二號", "地        況": "Chiyachiyagatoan溪中游左岸，為南向緩坡地。基岩及土壤狀況等，與番號130相同。海拔高度在910公尺以下。\n東側與準要存置林野133相鄰。北側以浸水營越嶺道路為界。西側以稜線與要存置林野30鄰接。", "林        況": "同上", "參  考  事  項": "同上\r" }, "geometry": { "type": "MultiPolygon", "coordinates": [ [ [ [ 120.802516398494092, 22.383070751464832 ], [ 120.803601404640787, 22.382830847908739 ], [ 120.804537950146667, 22.382865065520242 ], [ 120.805120425993735, 22.382716558235135 ], [ 120.805805692545803, 22.38255662442721 ], [ 120.805964156910562, 22.382554445766804 ], [ 120.80577275406857, 22.382058265332713 ], [ 120.805395782077824, 22.380836193503825 ], [ 120.805144439379688, 22.379534165570696 ], [ 120.804943494652832, 22.377433588397633 ], [ 120.804791149276255, 22.37635808011764 ], [ 120.804848184409749, 22.375120758149638 ], [ 120.804754229493895, 22.374307939334084 ], [ 120.804620897667817, 22.372851716530484 ], [ 120.804601787780442, 22.37155729131576 ], [ 120.804243887558783, 22.370966251289587 ], [ 120.804026858936908, 22.37053795931001 ], [ 120.803948353758955, 22.370137286184246 ], [ 120.803784702393756, 22.370077630259342 ], [ 120.803755476498495, 22.370052392100959 ], [ 120.803264026551403, 22.370760238807133 ], [ 120.802340881171787, 22.372035675219351 ], [ 120.802339085119726, 22.373904503094508 ], [ 120.802681843890099, 22.376006025004617 ], [ 120.802768078575482, 22.377732556801416 ], [ 120.80240652464127, 22.379807463808909 ], [ 120.802064046691711, 22.382586689999602 ], [ 120.801843260152765, 22.383013100200046 ], [ 120.801883655607256, 22.383352260343795 ], [ 120.802516398494092, 22.383070751464832 ] ] ] ] } },
{ "type": "Feature", "properties": { "番號": "134", "類型": "蕃", "分區": "準要", "郡\n支廳": "〃", "庄 (區)": null, "大字": null, "地名": "〃", "土地\n類型": "旱田、\n山林\n原野", "面積\n(公頃)": "190", "區分\n理由": "同上", "地        況": "Kuwarun溪右岸之北向緩坡地。基岩及土壤狀況等，與番號130相同。海拔高度介於170至850公尺。\n東側以小溪與準要存置林野135及要存置林野32相鄰。北側以Kuwarun溪與要存置林野38鄰接。西側以小溪與要存置林野30接壤。南側以浸水營越嶺道路與準要存置林野133毗鄰。", "林        況": "同上", "參  考  事  項": "本地與番號135共同認定為必須保留為蕃人所要地，供現居之出水坡社蕃人67名。人均面積為3公頃。\r" }, "geometry": { "type": "MultiPolygon", "coordinates": [ [ [ [ 120.808774419333062, 22.389852614448952 ], [ 120.809703342542136, 22.38974596840243 ], [ 120.810190636588516, 22.389517515997394 ], [ 120.810556109972225, 22.389395669458697 ], [ 120.810967274542477, 22.389380420446969 ], [ 120.8115916403938, 22.389441303537133 ], [ 120.812155089338063, 22.389441275487535 ], [ 120.81247487591736, 22.389288974137802 ], [ 120.812916502445546, 22.389365094867898 ], [ 120.813464721284774, 22.38933461049055 ], [ 120.813849227910993, 22.389174691648151 ], [ 120.814283232591706, 22.389117563006781 ], [ 120.814945664490537, 22.389094687215682 ], [ 120.815299711786153, 22.388889084261599 ], [ 120.815539539883702, 22.388569272921639 ], [ 120.81573369410971, 22.38844362777774 ], [ 120.816156272266312, 22.388295128448778 ], [ 120.816498901586741, 22.388146633100039 ], [ 120.816818679177544, 22.387838239188969 ], [ 120.817003313931622, 22.387682137433814 ], [ 120.817498232555778, 22.387634523601584 ], [ 120.817755202737388, 22.387491743221236 ], [ 120.81795506606008, 22.387339447844351 ], [ 120.818354809689566, 22.38732991010697 ], [ 120.818725999615197, 22.387310855951736 ], [ 120.819011521855998, 22.387149038472316 ], [ 120.819411249596186, 22.386863483398301 ], [ 120.819706291746641, 22.386739736802237 ], [ 120.820041310177231, 22.386648348870104 ], [ 120.820564782501023, 22.386610251457235 ], [ 120.82089789333331, 22.386448431610077 ], [ 120.821354724095883, 22.386105766660496 ], [ 120.821821076959495, 22.385839243951384 ], [ 120.822173233636605, 22.385858262101589 ], [ 120.822582501554535, 22.385962937961597 ], [ 120.822763345873881, 22.38609617870851 ], [ 120.823105982092727, 22.386067608136578 ], [ 120.82349811653873, 22.386144873472389 ], [ 120.823833141978781, 22.386175313882223 ], [ 120.824259545842324, 22.386350420898264 ], [ 120.824838235390288, 22.38656359169056 ], [ 120.825081889856733, 22.386578808105362 ], [ 120.825333145349063, 22.386365596003131 ], [ 120.825508270489863, 22.386350358743723 ], [ 120.825957506356858, 22.38634272211198 ], [ 120.827023493437864, 22.38638835468085 ], [ 120.82722906957909, 22.386274130379615 ], [ 120.827556471637735, 22.386144671472103 ], [ 120.827807734579451, 22.386060901982241 ], [ 120.828325495385869, 22.386007576312704 ], [ 120.828774738262041, 22.386121768020853 ], [ 120.829073848224041, 22.386118326711063 ], [ 120.829538303232795, 22.385950789626627 ], [ 120.829820027692449, 22.385950775604304 ], [ 120.830528149434983, 22.386011654528371 ], [ 120.83100022519065, 22.385958331133367 ], [ 120.831118948842104, 22.3858725757119 ], [ 120.830589254045066, 22.385515067441649 ], [ 120.829203245870147, 22.384302880996032 ], [ 120.827390982916967, 22.382749659858394 ], [ 120.825609156507213, 22.380846180718059 ], [ 120.824664312982819, 22.379886720827077 ], [ 120.824408557624636, 22.379912309561139 ], [ 120.82407970984886, 22.379727997107583 ], [ 120.822756710848608, 22.379099885558514 ], [ 120.821195762860626, 22.378367089615647 ], [ 120.820377220455185, 22.378043523812952 ], [ 120.819377851253734, 22.37789128811195 ], [ 120.818617808892427, 22.377454528878062 ], [ 120.817965279458861, 22.378065701016759 ], [ 120.817514144309982, 22.37814757688146 ], [ 120.817000192765875, 22.378238973711259 ], [ 120.816691838398725, 22.378581631267046 ], [ 120.81614364540998, 22.379061357642851 ], [ 120.815561176805303, 22.379335500397371 ], [ 120.814921597288389, 22.37952969614442 ], [ 120.814441927929664, 22.379940890670657 ], [ 120.814190689075176, 22.380443445087877 ], [ 120.813722467925629, 22.381322916740423 ], [ 120.813170784472774, 22.381791618466384 ], [ 120.812123875406343, 22.382486472839339 ], [ 120.810924663668615, 22.382848210417389 ], [ 120.809544609246927, 22.383105260764193 ], [ 120.808459593694153, 22.383181457479687 ], [ 120.807326980232958, 22.383095853293874 ], [ 120.806670251064631, 22.382981671905032 ], [ 120.806096795026576, 22.382898288298467 ], [ 120.806552847509082, 22.384080529450895 ], [ 120.807306773110284, 22.386204873695668 ], [ 120.807840816244578, 22.387926624272115 ], [ 120.808023628113702, 22.389171548574407 ], [ 120.808291293225267, 22.389858116133382 ], [ 120.808332986186613, 22.389829159087469 ], [ 120.808500310787124, 22.389883085181157 ], [ 120.808774419333062, 22.389852614448952 ] ] ] ] } },
{ "type": "Feature", "properties": { "番號": "125", "類型": "蕃", "分區": "準要", "郡\n支廳": "〃", "庄 (區)": "〃", "大字": "〃", "地名": null, "土地\n類型": "旱田、\n山林\n原野", "面積\n(公頃)": "219", "區分\n理由": "第八條\n第三號", "地        況": "大鳥萬溪源頭之東向緩坡地。基岩及土壤狀況等，與番號115相同。海拔高度在550公尺以下。\n東側以溪流與準要存置林野124相鄰。北側以溪流與要存置林野16鄰接。西側以稜線與要存置林野33接壤。", "林        況": "同上", "參  考  事  項": "蕃地東Tebabao社73名蕃人預計全部移住至本區 (已有部分移住)，因此認定本區為必須保留的蕃人所要地。人均面積為3公頃。\r" }, "geometry": { "type": "MultiPolygon", "coordinates": [ [ [ [ 120.855518136658716, 22.396061076574501 ], [ 120.858929265594782, 22.395695421729059 ], [ 120.861655097797993, 22.394964316015194 ], [ 120.863452019178624, 22.394553055929059 ], [ 120.86357600117735, 22.394515993638635 ], [ 120.864194611158382, 22.39379260712283 ], [ 120.864346886416655, 22.393649831965902 ], [ 120.864851326535856, 22.393668842528328 ], [ 120.865374781812193, 22.39333569212528 ], [ 120.865764998908944, 22.393173869446223 ], [ 120.86601245353279, 22.393069160905 ], [ 120.866364611267898, 22.393107214726054 ], [ 120.866859515582917, 22.392812137099543 ], [ 120.86736394419097, 22.39263127305896 ], [ 120.867668501830011, 22.392469454645905 ], [ 120.86782079078759, 22.392564625447303 ], [ 120.868115837833088, 22.392526539405509 ], [ 120.86834424606144, 22.392231475047712 ], [ 120.868801084437294, 22.392022059863049 ], [ 120.869334077154988, 22.392031551167374 ], [ 120.870375468621887, 22.39193711409488 ], [ 120.870716557311312, 22.391882509873856 ], [ 120.870480603807223, 22.391318925267779 ], [ 120.870031197669164, 22.390682616701227 ], [ 120.868698658617589, 22.389664274340916 ], [ 120.868099019413648, 22.389264554982287 ], [ 120.867594725791335, 22.389034724290024 ], [ 120.866719058976301, 22.388395169144424 ], [ 120.865904288459305, 22.387458654410583 ], [ 120.864678328885077, 22.386110989524116 ], [ 120.863657974651204, 22.385156718383715 ], [ 120.861761965578324, 22.383771015479123 ], [ 120.859378641477335, 22.382248279942164 ], [ 120.858807556516396, 22.381867594824318 ], [ 120.858442071342338, 22.381783856033529 ], [ 120.857642558091769, 22.381349882386264 ], [ 120.857225379291748, 22.381161317979672 ], [ 120.857184972481392, 22.381254774360947 ], [ 120.856514969851673, 22.382031463319542 ], [ 120.855403347753537, 22.382853859882257 ], [ 120.854445809950363, 22.383544997787972 ], [ 120.85281264058473, 22.384778590940378 ], [ 120.852378654349408, 22.385155518946334 ], [ 120.851065269780506, 22.386206353693531 ], [ 120.850288664770559, 22.386914519539367 ], [ 120.849397889881942, 22.388365082484327 ], [ 120.849118750229579, 22.389176968015544 ], [ 120.848768584569626, 22.390676996818893 ], [ 120.848761035714347, 22.391811523563764 ], [ 120.848943825873988, 22.392679541350116 ], [ 120.849112320201428, 22.393901821735117 ], [ 120.849550207017387, 22.395148636798936 ], [ 120.849879508696802, 22.395905033799163 ], [ 120.850553698621709, 22.396122237933792 ], [ 120.853005467967037, 22.396213487104106 ], [ 120.855518136658716, 22.396061076574501 ] ] ] ] } },
{ "type": "Feature", "properties": { "番號": "123", "類型": null, "分區": "準要", "郡\n支廳": "〃", "庄 (區)": "〃", "大字": "拔子洞", "地名": null, "土地\n類型": "旱田、\n山林\n原野", "面積\n(公頃)": "234", "區分\n理由": "同上", "地        況": "大鳥萬溪下游左岸之南向緩坡地。基岩及土壤狀況等，與番號115相同。海拔高度在610公尺以下。\n東側以稜線與準要存置林野122為界。北側以稜線與要存置林野15為界。西側以溪流與準要存置林野124為界。南側則以大鳥萬溪溪畔為界。", "林        況": "同上", "參  考  事  項": "同上\r" }, "geometry": { "type": "MultiPolygon", "coordinates": [ [ [ [ 120.89454964720673, 22.402642285237505 ], [ 120.895585172151826, 22.402596548043874 ], [ 120.896712053138202, 22.402307149654138 ], [ 120.897899843122232, 22.40194160553045 ], [ 120.899179022481263, 22.40191108474523 ], [ 120.901250080240573, 22.401956667225448 ], [ 120.902849062759302, 22.402063187376246 ], [ 120.903116114916699, 22.402106715334551 ], [ 120.903231418602445, 22.401743432442498 ], [ 120.903551186245252, 22.401263717501582 ], [ 120.903653923638174, 22.400327157163783 ], [ 120.903893642478877, 22.398111392632078 ], [ 120.904019207273208, 22.396912138843017 ], [ 120.90411052868123, 22.396066950318577 ], [ 120.904350331072379, 22.395301704237873 ], [ 120.904727183321597, 22.394445080094901 ], [ 120.904635788911364, 22.394022492656987 ], [ 120.904475876806927, 22.393771229706385 ], [ 120.903872475865441, 22.392505196991824 ], [ 120.903678246722222, 22.39132880193683 ], [ 120.903598208485448, 22.389775494830328 ], [ 120.903700971553562, 22.389284369297336 ], [ 120.904066397301335, 22.388336374489015 ], [ 120.904671661619147, 22.3872513108854 ], [ 120.905169579463688, 22.386398487862724 ], [ 120.9055654857939, 22.385865469259315 ], [ 120.906631374512827, 22.384205505357773 ], [ 120.907042504810505, 22.383596343301065 ], [ 120.907590679710609, 22.382804431947079 ], [ 120.907851652619215, 22.382404763900436 ], [ 120.907515643301537, 22.382466203105118 ], [ 120.906754238034992, 22.382675633416394 ], [ 120.906278374119097, 22.383056370594218 ], [ 120.905659742813086, 22.383408561364746 ], [ 120.904765093894795, 22.383694141009084 ], [ 120.903975127806973, 22.383770323019757 ], [ 120.903556355948126, 22.383903593584371 ], [ 120.903061440165899, 22.383998796588191 ], [ 120.902414245847751, 22.384179667708043 ], [ 120.901947888143397, 22.384360529829475 ], [ 120.901373423504978, 22.384454875597193 ], [ 120.901358146162963, 22.3847760928101 ], [ 120.90119069219304, 22.385781184792421 ], [ 120.900733910160241, 22.386969033657536 ], [ 120.900246660043493, 22.387958913019894 ], [ 120.899576657498784, 22.388735601917915 ], [ 120.898647782705353, 22.389679817646705 ], [ 120.898249010102447, 22.390022479651837 ], [ 120.897658936874038, 22.390460329556628 ], [ 120.897211615697515, 22.390660226414653 ], [ 120.896802364839346, 22.390850603540205 ], [ 120.895717391712054, 22.391659673754763 ], [ 120.89482277182266, 22.392449698821867 ], [ 120.893966210744466, 22.393030329566667 ], [ 120.89301829043545, 22.393799418050499 ], [ 120.892458672693238, 22.394216327206664 ], [ 120.891841943389267, 22.394541867964325 ], [ 120.891156689154116, 22.394913097756042 ], [ 120.890400054399194, 22.395325257805709 ], [ 120.889743353587193, 22.39570124509714 ], [ 120.888915346203689, 22.396291392271724 ], [ 120.888467720919195, 22.396719717264595 ], [ 120.887896694083324, 22.397347922998719 ], [ 120.886914530273032, 22.398469173212124 ], [ 120.886146027105326, 22.399380258928936 ], [ 120.885689205199952, 22.399875209251778 ], [ 120.885095348784759, 22.400728037108109 ], [ 120.884478643271279, 22.401466652048832 ], [ 120.884183982868905, 22.401607530725908 ], [ 120.883970800483283, 22.401858812266319 ], [ 120.883895955440153, 22.401921689672076 ], [ 120.884031381073157, 22.401951077644945 ], [ 120.885534444784142, 22.402277249245802 ], [ 120.886204499950168, 22.402414272741876 ], [ 120.887514138671591, 22.4024294360586 ], [ 120.888839004858482, 22.402429370076252 ], [ 120.890042054792985, 22.402612052648465 ], [ 120.891793322578948, 22.402749022294927 ], [ 120.893240015526302, 22.402748950244785 ], [ 120.89454964720673, 22.402642285237505 ] ] ] ] } },
{ "type": "Feature", "properties": { "番號": "138", "類型": "蕃", "分區": "準要", "郡\n支廳": "〃", "庄 (區)": null, "大字": null, "地名": "東Tebaobao社蕃地", "土地\n類型": "旱田、\n原野", "面積\n(公頃)": "9", "區分\n理由": "同上", "地        況": "Kuwarun溪左岸支流源頭之地。基岩及土壤狀況等，與番號130相同。海拔高度介於364至545公尺。\n北側與準要存置林野139相鄰。東側以小溪，西南側以小稜線，與要存置林野33鄰接。", "林        況": "全為蕃人的現耕地及其開墾舊跡。", "參  考  事  項": "本地與番號139、140、147一同被認定為必須保留的蕃人所要地，乃針對現居於此的203名蕃人，包括Chiyachiyagatoan社137名蕃人和西Tebaobao社66名蕃人。人均面積為3公頃。\r" }, "geometry": { "type": "MultiPolygon", "coordinates": [ [ [ [ 120.846415259096659, 22.402439289227093 ], [ 120.846668995193966, 22.402336570183408 ], [ 120.846519436770024, 22.402134776650087 ], [ 120.845925472618276, 22.401118301051632 ], [ 120.845719850436765, 22.400433026900426 ], [ 120.845514168390352, 22.398708404757969 ], [ 120.845742521915128, 22.397463460075983 ], [ 120.845354216129763, 22.397760435981624 ], [ 120.844153149883098, 22.398971482146973 ], [ 120.843220467434762, 22.399919694845423 ], [ 120.843700699502989, 22.400591440844575 ], [ 120.844256603093257, 22.401786853713311 ], [ 120.844629734042556, 22.402418819626295 ], [ 120.845002845691241, 22.402715757613439 ], [ 120.845467313393456, 22.40276903437676 ], [ 120.846415259096659, 22.402439289227093 ] ] ] ] } },
{ "type": "Feature", "properties": { "番號": "124", "類型": null, "分區": "準要", "郡\n支廳": "大武", "庄 (區)": "大武", "大字": "大鳥萬", "地名": null, "土地\n類型": "旱田、\n山林\n原野", "面積\n(公頃)": "1,390.00", "區分\n理由": "第八條\n第四號", "地        況": "大鳥萬溪兩岸及大武溪下游左岸之緩坡地。基岩及土壤狀況等，與番號115相同。海拔高度在730公尺以下。\n東側正對太平洋，以山麓為界。北側部分以大鳥萬溪溪畔為界。此外，有部分以小溪與準要存置林野123為界；部分以稜線與要存置林野15為界；部分以稜線與要存置林野34為界。西側以溪流與要存置林野16及準要存置林野125為界；其中部分與要存置林野33為界。南側部分以稜線與要存置林野17為界；另有部分以大武溪溪畔為界。", "林        況": "同上", "參  考  事  項": "同上\r" }, "geometry": { "type": "MultiPolygon", "coordinates": [ [ [ [ 120.878053126017491, 22.40761523661315 ], [ 120.878400501849868, 22.407253541458683 ], [ 120.8787478776824, 22.40689184630482 ], [ 120.879403808940026, 22.406087180667257 ], [ 120.879690905715506, 22.405722315905251 ], [ 120.880471306416737, 22.404818082413087 ], [ 120.881270749133463, 22.404028062032925 ], [ 120.881470612417303, 22.403875766669085 ], [ 120.882551774294029, 22.40299436101629 ], [ 120.883056189168656, 22.402575551020263 ], [ 120.883736680436542, 22.40213293766114 ], [ 120.884031381073157, 22.401951077644945 ], [ 120.883895955440153, 22.401921689672076 ], [ 120.883970800483283, 22.401858812266319 ], [ 120.884183982868905, 22.401607530725908 ], [ 120.884478643271279, 22.401466652048832 ], [ 120.885095348784759, 22.400728037108109 ], [ 120.885689205199952, 22.399875209251778 ], [ 120.886146027105326, 22.399380258928936 ], [ 120.886914530273032, 22.398469173212124 ], [ 120.887896694083324, 22.397347922998719 ], [ 120.888467720919195, 22.396719717264595 ], [ 120.888915346203689, 22.396291392271724 ], [ 120.889743353587193, 22.39570124509714 ], [ 120.890400054399194, 22.395325257805709 ], [ 120.891156689154116, 22.394913097756042 ], [ 120.891841943389267, 22.394541867964325 ], [ 120.892458672693238, 22.394216327206664 ], [ 120.89301829043545, 22.393799418050499 ], [ 120.893966210744466, 22.393030329566667 ], [ 120.89482277182266, 22.392449698821867 ], [ 120.895717391712054, 22.391659673754763 ], [ 120.896802364839346, 22.390850603540205 ], [ 120.897211615697515, 22.390660226414653 ], [ 120.897658936874038, 22.390460329556628 ], [ 120.898249010102447, 22.390022479651837 ], [ 120.898647782705353, 22.389679817646705 ], [ 120.899576657498784, 22.388735601917915 ], [ 120.900246660043493, 22.387958913019894 ], [ 120.900733910160241, 22.386969033657536 ], [ 120.90119069219304, 22.385781184792421 ], [ 120.901358146162963, 22.3847760928101 ], [ 120.901373423504978, 22.384454875597193 ], [ 120.901310207158616, 22.384465257776245 ], [ 120.900729634115493, 22.384598536394314 ], [ 120.900329904807421, 22.384855537901927 ], [ 120.898521517289595, 22.3844844322287 ], [ 120.897169983450638, 22.384170410844366 ], [ 120.895780383669873, 22.383942051891797 ], [ 120.894562113739781, 22.383904041166435 ], [ 120.893143977778962, 22.383970736602254 ], [ 120.891678260897081, 22.384170684135107 ], [ 120.890526628665626, 22.384370616038954 ], [ 120.88915608565695, 22.384513451811365 ], [ 120.887100268670665, 22.384684875201369 ], [ 120.886110440900808, 22.384941906083849 ], [ 120.884559061255544, 22.385084750859217 ], [ 120.883569221977126, 22.385141907148085 ], [ 120.883369331296834, 22.384818310606253 ], [ 120.88340738189855, 22.384466148708764 ], [ 120.8837119395304, 22.384304330307526 ], [ 120.884349612326744, 22.384056834787724 ], [ 120.884692221108551, 22.383552372328623 ], [ 120.885701082674075, 22.383266786987651 ], [ 120.886614774735534, 22.383114456113812 ], [ 120.887261974008496, 22.38301924552902 ], [ 120.888661078390101, 22.383019175906462 ], [ 120.889926928706799, 22.382914416699144 ], [ 120.890659789068707, 22.382847755366285 ], [ 120.891563963950432, 22.382704942806491 ], [ 120.892334888604864, 22.382524065527221 ], [ 120.893001124945187, 22.382457407510486 ], [ 120.893619771605628, 22.382371716186874 ], [ 120.89436216063099, 22.382495411135608 ], [ 120.895114058609394, 22.382466820207565 ], [ 120.896065825898461, 22.382390630145785 ], [ 120.897560134252245, 22.382856929833238 ], [ 120.899492234015412, 22.382913940715635 ], [ 120.900798070537874, 22.383014764814455 ], [ 120.901734596761443, 22.382717761679768 ], [ 120.902180022610196, 22.382660632489856 ], [ 120.902625434657736, 22.382363653794723 ], [ 120.903002302059519, 22.3817697219799 ], [ 120.903013685861993, 22.3811187013265 ], [ 120.903504796749218, 22.381061569865199 ], [ 120.90429286564769, 22.381095794868521 ], [ 120.904669758678423, 22.380947297850547 ], [ 120.905172282280702, 22.380741687557208 ], [ 120.905355007323521, 22.380478986151051 ], [ 120.906040259253814, 22.380067781477674 ], [ 120.90658847577933, 22.379999225771797 ], [ 120.907433641771249, 22.379873548267096 ], [ 120.908141760530128, 22.379884934440248 ], [ 120.908644298584733, 22.379930595056589 ], [ 120.909055472475174, 22.380079052862389 ], [ 120.909569421275052, 22.379941970432888 ], [ 120.910334633187006, 22.379724925668384 ], [ 120.910882859562776, 22.379827691035803 ], [ 120.91164808067127, 22.379770545939206 ], [ 120.911853652830729, 22.379587793234347 ], [ 120.911967835859016, 22.379073824337055 ], [ 120.911716532010871, 22.378445659575526 ], [ 120.911282430852566, 22.376823841688957 ], [ 120.911202423566849, 22.37580734064127 ], [ 120.911133802729765, 22.37418550457328 ], [ 120.910722548709899, 22.37264363538198 ], [ 120.910288471224163, 22.371432988063415 ], [ 120.909271849082742, 22.369171600473017 ], [ 120.908506538005227, 22.367664013096597 ], [ 120.907889714471651, 22.366350582215151 ], [ 120.907409938180891, 22.364900087658899 ], [ 120.907261452613099, 22.364740195374328 ], [ 120.905148503143252, 22.364454765313006 ], [ 120.903618034632302, 22.364112199263324 ], [ 120.90207614222993, 22.363723948160057 ], [ 120.901402288552802, 22.363735403069352 ], [ 120.900020314132604, 22.363701207566894 ], [ 120.898227171722411, 22.363621346887982 ], [ 120.897233507659223, 22.363370125382303 ], [ 120.895223359982197, 22.363267432681287 ], [ 120.893384526602006, 22.363084781626021 ], [ 120.892093914358554, 22.362913524717403 ], [ 120.891077405790853, 22.362628040127753 ], [ 120.89032358292377, 22.362285435450492 ], [ 120.889626870952043, 22.36202277776966 ], [ 120.888519000830499, 22.361885775987457 ], [ 120.887388296062639, 22.361885832203598 ], [ 120.886474597863455, 22.361931563251996 ], [ 120.885903536816187, 22.361965855860106 ], [ 120.885184004634922, 22.362091527092616 ], [ 120.884544416680072, 22.362137244513242 ], [ 120.883859151560188, 22.362320021069852 ], [ 120.882648513711331, 22.362594194991228 ], [ 120.881746246609438, 22.362811246554919 ], [ 120.881243732156548, 22.363176756514179 ], [ 120.880604169142885, 22.363656487343189 ], [ 120.880204426338665, 22.363679350030328 ], [ 120.87985037317172, 22.363782160283996 ], [ 120.879142298350459, 22.364536008254209 ], [ 120.878776819983059, 22.364570290643709 ], [ 120.878137245806315, 22.364855857584271 ], [ 120.877639791798813, 22.365336787355311 ], [ 120.878092852037526, 22.36714861213348 ], [ 120.878426108946357, 22.369528055049024 ], [ 120.878711796444946, 22.372240624659032 ], [ 120.878616698643995, 22.373620715895449 ], [ 120.878545351347341, 22.374239378913092 ], [ 120.876784657163569, 22.375690936796271 ], [ 120.87492740951582, 22.376380882093127 ], [ 120.871805648635259, 22.37725667850702 ], [ 120.870492217886323, 22.377504207644368 ], [ 120.86948333109126, 22.377351972427743 ], [ 120.867693965190156, 22.376742919806443 ], [ 120.866647007519106, 22.376590686481649 ], [ 120.86421046967088, 22.376552736347634 ], [ 120.861107703627923, 22.376724211802671 ], [ 120.858518884455634, 22.376724340599825 ], [ 120.857347977779469, 22.376782945099574 ], [ 120.857382725472192, 22.377508543313905 ], [ 120.857550268840754, 22.378056762471175 ], [ 120.857580757953116, 22.378620216988811 ], [ 120.857641725666724, 22.379564383527146 ], [ 120.857428593631226, 22.380691306202504 ], [ 120.857225379291748, 22.381161317979672 ], [ 120.857642558091769, 22.381349882386264 ], [ 120.858442071342338, 22.381783856033529 ], [ 120.858807556516396, 22.381867594824318 ], [ 120.859378641477335, 22.382248279942164 ], [ 120.861761965578324, 22.383771015479123 ], [ 120.863657974651204, 22.385156718383715 ], [ 120.864678328885077, 22.386110989524116 ], [ 120.865904288459305, 22.387458654410583 ], [ 120.866719058976301, 22.388395169144424 ], [ 120.867594725791335, 22.389034724290024 ], [ 120.868099019413648, 22.389264554982287 ], [ 120.868698658617589, 22.389664274340916 ], [ 120.870031197669164, 22.390682616701227 ], [ 120.870480603807223, 22.391318925267779 ], [ 120.870716557311312, 22.391882509873856 ], [ 120.870891825744522, 22.392301145701701 ], [ 120.871310700658967, 22.393957228699826 ], [ 120.871720163878123, 22.397013481347727 ], [ 120.872186742183317, 22.40066231176047 ], [ 120.87223250091337, 22.401941506942201 ], [ 120.87270463144749, 22.402839967358883 ], [ 120.87320725114121, 22.404301882279714 ], [ 120.873390042200725, 22.40518512856438 ], [ 120.873408435707788, 22.40576348078762 ], [ 120.874217394422331, 22.406025948704031 ], [ 120.875549901149938, 22.406482738563668 ], [ 120.87728218435069, 22.407501060959266 ], [ 120.877872294877193, 22.407710424002911 ], [ 120.878053126017491, 22.40761523661315 ] ] ] ] } },
{ "type": "Feature", "properties": { "番號": "122", "類型": null, "分區": "準要", "郡\n支廳": "〃", "庄 (區)": "〃", "大字": "獅子獅", "地名": null, "土地\n類型": "旱田、\n山林\n原野", "面積\n(公頃)": "330", "區分\n理由": "同上", "地        況": "獅子獅山東側之緩坡地，基岩及土壤狀況等，與前述番號115相同。海拔高度在545公尺以下。\n東側部分以稜線與要存置林野14相鄰，另有部分以山麓為界。北側以稜線與要存置林野13及15相鄰。西側以稜線與準要存置林野123相鄰。南側以大鳥萬溪溪畔為界。", "林        況": "同番號111。", "參  考  事  項": "(1) 同番號104之 (1)。\n(2) 本區域與番號123、124是認定為必須保留的蕃人所要地，乃針對現居於此的行政區內蕃人，包括大鳥萬社203名、拔子洞社205名、獅子獅社264名，總計672名。人均面積為2.907公頃。" }, "geometry": { "type": "MultiPolygon", "coordinates": [ [ [ [ 120.92262155700034, 22.408838902832606 ], [ 120.923481322370677, 22.408810306492875 ], [ 120.923681497815565, 22.408655313095259 ], [ 120.923611592125511, 22.408353919347018 ], [ 120.923402139304031, 22.407259378495592 ], [ 120.923211733434329, 22.40636471127765 ], [ 120.922849992776236, 22.405194035312469 ], [ 120.922707182620712, 22.404423097607236 ], [ 120.922526299409654, 22.403614090449231 ], [ 120.922078882320662, 22.40214836579386 ], [ 120.921745706338186, 22.40117756298546 ], [ 120.92150772999544, 22.400596986763084 ], [ 120.921507698200244, 22.400044952203675 ], [ 120.921640919912704, 22.399588089381879 ], [ 120.921658371234059, 22.399522887838188 ], [ 120.92143066995493, 22.399499742954905 ], [ 120.920981421476526, 22.399286565770179 ], [ 120.920227607836324, 22.399103860829634 ], [ 120.91929105141385, 22.398875479368904 ], [ 120.918506782833106, 22.398723233023034 ], [ 120.917570230792052, 22.398570994259291 ], [ 120.916039777204034, 22.3984873134957 ], [ 120.913869734393558, 22.398426507388294 ], [ 120.912667708349758, 22.398393064452399 ], [ 120.912033829759693, 22.398415938824801 ], [ 120.911548431161123, 22.39850162353104 ], [ 120.911148689706664, 22.398547329055123 ], [ 120.911205781862591, 22.398301766005861 ], [ 120.911725420890022, 22.397810619719866 ], [ 120.912256457828036, 22.3969140129932 ], [ 120.91278865884712, 22.39557220936614 ], [ 120.913062718437445, 22.394692747545907 ], [ 120.91316548215319, 22.394213043425079 ], [ 120.913279622413668, 22.392956683207682 ], [ 120.913359514681375, 22.391974438412973 ], [ 120.9133480677786, 22.391529004193526 ], [ 120.913199499357077, 22.389930014910188 ], [ 120.913104399570813, 22.389620785107414 ], [ 120.912999648262826, 22.388640453072277 ], [ 120.912628418979381, 22.387974222932964 ], [ 120.912333324306033, 22.387184257117937 ], [ 120.912104816401111, 22.385747075047153 ], [ 120.911904893966735, 22.3848714439583 ], [ 120.911823968658027, 22.384441876258755 ], [ 120.91180014123124, 22.383866048283728 ], [ 120.911876223813024, 22.382838118062782 ], [ 120.911866153920883, 22.38204132531073 ], [ 120.911465449598069, 22.38166650822696 ], [ 120.911065701130809, 22.381590385418672 ], [ 120.910627890012023, 22.381657032064538 ], [ 120.91021864025636, 22.381866444850314 ], [ 120.909619045482941, 22.382237670343475 ], [ 120.908743417218048, 22.382266267426061 ], [ 120.908400781618326, 22.382304355824939 ], [ 120.907851652619215, 22.382404763900436 ], [ 120.907590679710609, 22.382804431947079 ], [ 120.907042504810505, 22.383596343301065 ], [ 120.906631374512827, 22.384205505357773 ], [ 120.9055654857939, 22.385865469259315 ], [ 120.905169579463688, 22.386398487862724 ], [ 120.904671661619147, 22.3872513108854 ], [ 120.904066397301335, 22.388336374489015 ], [ 120.903700971553562, 22.389284369297336 ], [ 120.903598208485448, 22.389775494830328 ], [ 120.903678246722222, 22.39132880193683 ], [ 120.903872475865441, 22.392505196991824 ], [ 120.904475876806927, 22.393771229706385 ], [ 120.904635788911364, 22.394022492656987 ], [ 120.904727183321597, 22.394445080094901 ], [ 120.904350331072379, 22.395301704237873 ], [ 120.90411052868123, 22.396066950318577 ], [ 120.904019207273208, 22.396912138843017 ], [ 120.903893642478877, 22.398111392632078 ], [ 120.903653923638174, 22.400327157163783 ], [ 120.903551186245252, 22.401263717501582 ], [ 120.903231418602445, 22.401743432442498 ], [ 120.903116114916699, 22.402106715334551 ], [ 120.904250083786749, 22.402291545706721 ], [ 120.904575594405429, 22.402373382899253 ], [ 120.905221938262542, 22.403242515486301 ], [ 120.905569320984881, 22.403709637807999 ], [ 120.907145548921022, 22.405342820231951 ], [ 120.908162106838276, 22.406484910106094 ], [ 120.909270014432721, 22.407272931869571 ], [ 120.910549227099551, 22.407821095590972 ], [ 120.91246801450265, 22.408095113730916 ], [ 120.913693897565167, 22.408115991908655 ], [ 120.915226258655125, 22.408268200976256 ], [ 120.917443902434101, 22.408544107792821 ], [ 120.919138069620459, 22.408781969334392 ], [ 120.921098725171731, 22.408886567877179 ], [ 120.92262155700034, 22.408838902832606 ] ], [ [ 120.910767401900458, 22.382699847334312 ], [ 120.910752134124067, 22.38201456380267 ], [ 120.911231820456265, 22.381900325885962 ], [ 120.911225523127683, 22.38278912311446 ], [ 120.910934919403871, 22.382798824507358 ], [ 120.910767401900458, 22.382699847334312 ] ] ] ] } },
{ "type": "Feature", "properties": { "番號": "139", "類型": "蕃", "分區": "準要", "郡\n支廳": "大武", "庄 (區)": null, "大字": null, "地名": "西Tebaobao社蕃地", "土地\n類型": "旱田、\n山林\n原野", "面積\n(公頃)": "181", "區分\n理由": "第八條\n第二號", "地        況": "Katsurin溪源頭之地，為緩坡地。基岩及土壤狀況等，與番號130相同。海拔高度介於360至800公尺。\n東側以小溪與要存置林野34相鄰。北側以Katsurin溪源頭，與準要存置林野142、141及140鄰接 (西側則以稜線為界)。南側以稜線，與要存置林野36、35及16連接，另有部分與準要存置林野138接壤。", "林        況": "大部分區域為蕃人的現耕地及其開墾舊跡，剩餘區域為栲櫧植物、櫟屬植物為主的闊葉林。", "參  考  事  項": "同上\r" }, "geometry": { "type": "MultiPolygon", "coordinates": [ [ [ [ 120.865231737698011, 22.411908918548111 ], [ 120.865650509362979, 22.411771840809475 ], [ 120.866647963948409, 22.411733719758104 ], [ 120.86762255713829, 22.411368186205372 ], [ 120.8677904099617, 22.41131944494213 ], [ 120.866952684501697, 22.410683157298358 ], [ 120.865962796914971, 22.409902743866287 ], [ 120.864582673589425, 22.408960546618715 ], [ 120.863307248993166, 22.408084969020049 ], [ 120.862212666511454, 22.40730456079319 ], [ 120.861670128388383, 22.40681473639907 ], [ 120.860342502393877, 22.405720885627563 ], [ 120.859857069735085, 22.405216464366603 ], [ 120.859603704227041, 22.404810068881517 ], [ 120.858824149828166, 22.404609192058533 ], [ 120.857430728339381, 22.404129562401554 ], [ 120.856140094248445, 22.403581399184429 ], [ 120.855382660966484, 22.403350343789686 ], [ 120.854773519909514, 22.40322664222759 ], [ 120.853697996978042, 22.402865017928928 ], [ 120.853129961958274, 22.402649338697294 ], [ 120.85270912836836, 22.402865914268929 ], [ 120.852223740667895, 22.403141955765609 ], [ 120.850538770207919, 22.40422072807538 ], [ 120.849311023005555, 22.404887037940028 ], [ 120.848197401218826, 22.404040005762695 ], [ 120.847388352981625, 22.403307172476794 ], [ 120.846668995193966, 22.402336570183408 ], [ 120.846415259096659, 22.402439289227093 ], [ 120.845467313393456, 22.40276903437676 ], [ 120.845002845691241, 22.402715757613439 ], [ 120.844629734042556, 22.402418819626295 ], [ 120.844256603093257, 22.401786853713311 ], [ 120.843700699502989, 22.400591440844575 ], [ 120.843220467434762, 22.399919694845423 ], [ 120.843001573450465, 22.40014223367049 ], [ 120.841897589446901, 22.401379607701902 ], [ 120.841058505757857, 22.402451992672244 ], [ 120.839868890812781, 22.404184298604438 ], [ 120.839695151703481, 22.404456374128667 ], [ 120.839707732893956, 22.404474220005369 ], [ 120.83999711627105, 22.405250861246063 ], [ 120.839936260351948, 22.406248333796071 ], [ 120.839722591953631, 22.406874745145995 ], [ 120.83962364059532, 22.407445820411219 ], [ 120.840133840302727, 22.408313821904393 ], [ 120.840880098287244, 22.40950922529418 ], [ 120.841590300898716, 22.410445237641117 ], [ 120.842304159367359, 22.410959165374553 ], [ 120.843046560017186, 22.411282734906717 ], [ 120.84363667608244, 22.411587276347817 ], [ 120.844731215284312, 22.411615775328062 ], [ 120.846016087992837, 22.411282586949284 ], [ 120.847576950376293, 22.410530599914505 ], [ 120.848433505480699, 22.409845272846564 ], [ 120.849597682452256, 22.409182456007095 ], [ 120.850671256659055, 22.408759810482113 ], [ 120.851345105807852, 22.408668405659714 ], [ 120.852384439922773, 22.408656932474582 ], [ 120.854211852246522, 22.408839583936746 ], [ 120.855296931298483, 22.409867456451053 ], [ 120.85552204194147, 22.410155835746092 ], [ 120.855864680433683, 22.410167240081499 ], [ 120.856081685053468, 22.410178650676396 ], [ 120.856230168688938, 22.410304278748391 ], [ 120.856504290146503, 22.410498428998665 ], [ 120.85654358942999, 22.410499281382709 ], [ 120.8570296688155, 22.410509824229184 ], [ 120.857486519917316, 22.410521222873982 ], [ 120.857829161699414, 22.41058973424067 ], [ 120.858114702442052, 22.410749619702305 ], [ 120.858445912429929, 22.410635389137692 ], [ 120.859028394768558, 22.410601095897967 ], [ 120.859207530323772, 22.410756851194964 ], [ 120.859291096938165, 22.410829510934825 ], [ 120.859736534017628, 22.41096654561683 ], [ 120.860181981629651, 22.411286322798261 ], [ 120.860627430558139, 22.411628942791324 ], [ 120.861278442434269, 22.411628910354906 ], [ 120.861735293531311, 22.411640308998866 ], [ 120.862214999657766, 22.411868713221867 ], [ 120.862740376344604, 22.411845844232463 ], [ 120.863391392825505, 22.411925761639019 ], [ 120.863983024585991, 22.412106951805342 ], [ 120.864485563137492, 22.412160226661641 ], [ 120.865231737698011, 22.411908918548111 ] ] ] ] } },
{ "type": "Feature", "properties": { "番號": "140", "類型": "蕃", "分區": "準要", "郡\n支廳": "〃", "庄 (區)": null, "大字": null, "地名": "Chiyokakurai社蕃地", "土地\n類型": "旱田、\n山林\n原野", "面積\n(公頃)": "242", "區分\n理由": "同上", "地        況": "準要存置林野139西側之緩坡地。基岩及土壤狀況等，與番號130相同。海拔高度介於330至850公尺。\n東側以小溪與準要存置林野141相鄰。北側以稜線，與要存置林野準要存置林野146及147鄰接。西側以小溪與要存置林野38接壤。南側以溪流與準要存置林野37毗鄰；另有部分以稜線及溪流，與準要存置林野139鄰接。", "林        況": "同上", "參  考  事  項": "(1) 同上\n(2) 設有Chiyokakurai警察官吏駐在所。" }, "geometry": { "type": "MultiPolygon", "coordinates": [ [ [ [ 120.836146587853051, 22.418266463236176 ], [ 120.836441633270951, 22.418199823657652 ], [ 120.837317244122445, 22.417866655650496 ], [ 120.838288026115379, 22.417428786672431 ], [ 120.839087491378208, 22.417028997590499 ], [ 120.839858399929838, 22.416567534336519 ], [ 120.841168008946269, 22.416064927173366 ], [ 120.842173067667986, 22.415851677493805 ], [ 120.842472780701115, 22.415845146965843 ], [ 120.84287357082853, 22.41583641404188 ], [ 120.843726366253875, 22.41597342842292 ], [ 120.844883740941256, 22.416323627215636 ], [ 120.846300010721151, 22.416902241236841 ], [ 120.847303385598892, 22.417391328955013 ], [ 120.847391932018411, 22.417059199433449 ], [ 120.848307366353126, 22.416859913718447 ], [ 120.849868249017362, 22.41646008670072 ], [ 120.851295869361209, 22.415812802519572 ], [ 120.852485556636495, 22.415336851296733 ], [ 120.853561025810237, 22.414765727381067 ], [ 120.854453276357305, 22.414150196017808 ], [ 120.85527175124146, 22.413303067592711 ], [ 120.855795181269997, 22.412532096581067 ], [ 120.856109219318029, 22.411723064650101 ], [ 120.856328105427508, 22.411351858037904 ], [ 120.856556493894303, 22.410714151471332 ], [ 120.85654358942999, 22.410499281382709 ], [ 120.856504290146503, 22.410498428998665 ], [ 120.856230168688938, 22.410304278748391 ], [ 120.856081685053468, 22.410178650676396 ], [ 120.855864680433683, 22.410167240081499 ], [ 120.85552204194147, 22.410155835746092 ], [ 120.855296931298483, 22.409867456451053 ], [ 120.854211852246522, 22.408839583936746 ], [ 120.852384439922773, 22.408656932474582 ], [ 120.851345105807852, 22.408668405659714 ], [ 120.850671256659055, 22.408759810482113 ], [ 120.849597682452256, 22.409182456007095 ], [ 120.848433505480699, 22.409845272846564 ], [ 120.847576950376293, 22.410530599914505 ], [ 120.846016087992837, 22.411282586949284 ], [ 120.844731215284312, 22.411615775328062 ], [ 120.84363667608244, 22.411587276347817 ], [ 120.843046560017186, 22.411282734906717 ], [ 120.842304159367359, 22.410959165374553 ], [ 120.841590300898716, 22.410445237641117 ], [ 120.840880098287244, 22.40950922529418 ], [ 120.840133840302727, 22.408313821904393 ], [ 120.83962364059532, 22.407445820411219 ], [ 120.839722591953631, 22.406874745145995 ], [ 120.839936260351948, 22.406248333796071 ], [ 120.83999711627105, 22.405250861246063 ], [ 120.839707732893956, 22.404474220005369 ], [ 120.839695151703481, 22.404456374128667 ], [ 120.839145609505465, 22.40531695746418 ], [ 120.837289652845726, 22.405288496398565 ], [ 120.83644605494662, 22.405100719731546 ], [ 120.834036100942669, 22.403924434874444 ], [ 120.83218580323387, 22.402999393082382 ], [ 120.83092944666717, 22.402691077673655 ], [ 120.829718794885011, 22.402725402195095 ], [ 120.828565253356786, 22.4028282523137 ], [ 120.827969898920728, 22.402954797941142 ], [ 120.828048896466512, 22.403007964044814 ], [ 120.828307798144365, 22.403350593361466 ], [ 120.828415684554983, 22.403679270695836 ], [ 120.82874121190649, 22.404050450207478 ], [ 120.829061661094158, 22.404386096707675 ], [ 120.829259645427356, 22.404660200610657 ], [ 120.829259663415428, 22.404972385732471 ], [ 120.829285696463756, 22.405283935037041 ], [ 120.829617579199279, 22.405832780560456 ], [ 120.82986125472425, 22.406213481986633 ], [ 120.830039589638716, 22.406843871314514 ], [ 120.830582133583221, 22.407433950310811 ], [ 120.830962892499613, 22.408304813620553 ], [ 120.830960101877494, 22.408979874599652 ], [ 120.831283710437503, 22.40953386792825 ], [ 120.832508758877381, 22.411582997649155 ], [ 120.834382051230676, 22.415146383257163 ], [ 120.835277985101229, 22.417335917486135 ], [ 120.835872943984057, 22.418392357993827 ], [ 120.836146587853051, 22.418266463236176 ] ] ] ] } },
{ "type": "Feature", "properties": { "番號": "141", "類型": "蕃", "分區": "準要", "郡\n支廳": "〃", "庄 (區)": null, "大字": null, "地名": "〃", "土地\n類型": "旱田、\n山林\n原野", "面積\n(公頃)": "50", "區分\n理由": "同上", "地        況": "Katsurin溪上游左岸之南向緩坡地。基岩及土壤狀況等，與番號130相同。海拔高度介於450至860公尺。\n東側以稜線與準要存置林野142相鄰。北側同樣以稜線與準要存置林野146鄰接。西側及南側以溪流，與準要存置林野140及139接壤。", "林        況": "同上", "參  考  事  項": "本地與番號142、146同樣獲認定為必須保留的蕃人所要地，乃針對現居於此的Tabakasu社145名和Kakuburan、Porigatsuto兩社141名、總計286名蕃人。人均面積為2.979公頃。\r" }, "geometry": { "type": "MultiPolygon", "coordinates": [ [ [ [ 120.853337968335268, 22.419961209387516 ], [ 120.854285927085257, 22.419858369480782 ], [ 120.854987176273795, 22.419576606503448 ], [ 120.855657198566192, 22.419142559664838 ], [ 120.856134222245771, 22.418904014138729 ], [ 120.856091835766065, 22.418363978799498 ], [ 120.856091781983679, 22.417431230613509 ], [ 120.856681759748454, 22.415337276710101 ], [ 120.85763342505993, 22.413490768595722 ], [ 120.858375713761092, 22.411872699048832 ], [ 120.85871706021706, 22.41148498874993 ], [ 120.859207530323772, 22.410756851194964 ], [ 120.859028394768558, 22.410601095897967 ], [ 120.858445912429929, 22.410635389137692 ], [ 120.858114702442052, 22.410749619702305 ], [ 120.857829161699414, 22.41058973424067 ], [ 120.857486519917316, 22.410521222873982 ], [ 120.8570296688155, 22.410509824229184 ], [ 120.85654358942999, 22.410499281382709 ], [ 120.856556493894303, 22.410714151471332 ], [ 120.856328105427508, 22.411351858037904 ], [ 120.856109219318029, 22.411723064650101 ], [ 120.855795181269997, 22.412532096581067 ], [ 120.85527175124146, 22.413303067592711 ], [ 120.854453276357305, 22.414150196017808 ], [ 120.853561025810237, 22.414765727381067 ], [ 120.852485556636495, 22.415336851296733 ], [ 120.851295869361209, 22.415812802519572 ], [ 120.849868249017362, 22.41646008670072 ], [ 120.848307366353126, 22.416859913718447 ], [ 120.847391932018411, 22.417059199433449 ], [ 120.847303385598892, 22.417391328955013 ], [ 120.847518312845153, 22.417496093663249 ], [ 120.848426703494098, 22.417837072555475 ], [ 120.849443240534399, 22.418613677538119 ], [ 120.850825267813988, 22.419561585399173 ], [ 120.851738987155287, 22.419881339239733 ], [ 120.852721222206512, 22.419995504347369 ], [ 120.853337968335268, 22.419961209387516 ] ] ] ] } },
{ "type": "Feature", "properties": { "番號": "142", "類型": "蕃", "分區": "準要", "郡\n支廳": "大武", "庄 (區)": null, "大字": null, "地名": "Kaguburan社蕃地", "土地\n類型": "旱田、\n山林\n原野", "面積\n(公頃)": "316", "區分\n理由": "第八條\n第二號", "地        況": "Katsurin溪左岸，為南向緩坡地。基岸岩及土壤狀況等，與番號130相同。海拔高度介於136至860公尺。\n東側以稜線與準要存置林野121相鄰。北側以稜線，與要存置林野42及準要存置林野146鄰接。西側以稜線與準要存置林野141接壤。南側以Katsurin溪為界，與準要存置林野139及要存置林野34毗鄰。", "林        況": "同上", "參  考  事  項": "同上\r" }, "geometry": { "type": "MultiPolygon", "coordinates": [ [ [ [ 120.877709572428344, 22.422119830107135 ], [ 120.878099764247835, 22.421520186848934 ], [ 120.878836893636802, 22.420798920053187 ], [ 120.87907673286152, 22.420673272634598 ], [ 120.879767694420593, 22.420244935476731 ], [ 120.88045295094706, 22.419913680553961 ], [ 120.881734008470858, 22.419442166455585 ], [ 120.882895146892352, 22.419042359383809 ], [ 120.883694621945537, 22.418813891424723 ], [ 120.88411340313732, 22.418842424067808 ], [ 120.884408444679295, 22.418709159630222 ], [ 120.884836738099352, 22.418642513418604 ], [ 120.886578462182513, 22.418328337959874 ], [ 120.888053690735688, 22.418023693622917 ], [ 120.889081587690782, 22.417738107257072 ], [ 120.890023821900058, 22.417395418133506 ], [ 120.89084232194827, 22.416986110311701 ], [ 120.891575155959686, 22.416462592705308 ], [ 120.892481203449947, 22.415783544997574 ], [ 120.893360595703413, 22.415006845604264 ], [ 120.893714615920018, 22.414332965041293 ], [ 120.89384021027827, 22.413647674455561 ], [ 120.893794470595594, 22.41269970008182 ], [ 120.893554589243607, 22.412094377544399 ], [ 120.89338324861879, 22.411717479701093 ], [ 120.892994874430926, 22.410826629424616 ], [ 120.89250371877749, 22.410107105349418 ], [ 120.89225698232741, 22.40959778037853 ], [ 120.89218083528381, 22.409612062078683 ], [ 120.891999812910939, 22.409825436100878 ], [ 120.891914357315443, 22.409926164004634 ], [ 120.891790637967944, 22.41011652692621 ], [ 120.891505122372152, 22.410392558449846 ], [ 120.891086349964766, 22.410516311205765 ], [ 120.891048296102539, 22.410811366077233 ], [ 120.890829390262098, 22.410839930496916 ], [ 120.890791329268808, 22.411011253475877 ], [ 120.890620017497781, 22.411134993903985 ], [ 120.890305935586142, 22.411182598741487 ], [ 120.890010902273588, 22.411458630741009 ], [ 120.889820565491732, 22.411763211038402 ], [ 120.889611179013244, 22.411820328498255 ], [ 120.889401796923337, 22.411953588661728 ], [ 120.889135301949423, 22.411972637615026 ], [ 120.888792664143381, 22.411972654686281 ], [ 120.888526176300715, 22.412115435533323 ], [ 120.888202578316623, 22.412191594359992 ], [ 120.887993189094431, 22.412201122630567 ], [ 120.887726683696499, 22.412039332662822 ], [ 120.887469705341005, 22.412039345466326 ], [ 120.887288863783155, 22.411953693934482 ], [ 120.886898637391283, 22.411953713376786 ], [ 120.886479868820075, 22.412144091001576 ], [ 120.886299041525305, 22.412305903257369 ], [ 120.88580412298947, 22.412353517106471 ], [ 120.885499559888558, 22.412420157147253 ], [ 120.885128384838467, 22.412696192944328 ], [ 120.884766714886993, 22.412753317992681 ], [ 120.884681059823365, 22.412829464964908 ], [ 120.884309869960148, 22.412848519135846 ], [ 120.884052899283432, 22.412981781672322 ], [ 120.883776895366992, 22.413153116509843 ], [ 120.883453293539063, 22.413162650471765 ], [ 120.883139203941752, 22.413077005578714 ], [ 120.882929813619754, 22.41306749817371 ], [ 120.88259670285214, 22.413229318018967 ], [ 120.882349253731832, 22.413429204948788 ], [ 120.88199899972598, 22.413394165030375 ], [ 120.881732498821961, 22.413310421333655 ], [ 120.881229965119658, 22.413340903455158 ], [ 120.880856883779956, 22.413569350159868 ], [ 120.880737350302226, 22.413666940298818 ], [ 120.88029990290751, 22.413574170177743 ], [ 120.879614625963768, 22.413551361511406 ], [ 120.879294838571283, 22.413688434315329 ], [ 120.878952196148504, 22.413608501547479 ], [ 120.87860954450818, 22.413368669098823 ], [ 120.877490262954026, 22.413402989086542 ], [ 120.876530873777469, 22.413345929860679 ], [ 120.8757770488548, 22.412969061027287 ], [ 120.875537188557487, 22.41272922345475 ], [ 120.874886176704095, 22.412729255891904 ], [ 120.874657735033821, 22.412443732126345 ], [ 120.874257983012612, 22.412306695173115 ], [ 120.873321431083156, 22.412158263559657 ], [ 120.872571814885831, 22.412144595221893 ], [ 120.871444918043963, 22.412159879910696 ], [ 120.87109464673847, 22.411824869453586 ], [ 120.870531188221619, 22.411657383572852 ], [ 120.86944995008453, 22.411215809744636 ], [ 120.868094628018241, 22.411231105812263 ], [ 120.8677904099617, 22.41131944494213 ], [ 120.86762255713829, 22.411368186205372 ], [ 120.866647963948409, 22.411733719758104 ], [ 120.865650509362979, 22.411771840809475 ], [ 120.865231737698011, 22.411908918548111 ], [ 120.864485563137492, 22.412160226661641 ], [ 120.863983024585991, 22.412106951805342 ], [ 120.863391392825505, 22.411925761639019 ], [ 120.862740376344604, 22.411845844232463 ], [ 120.862214999657766, 22.411868713221867 ], [ 120.861735293531311, 22.411640308998866 ], [ 120.861278442434269, 22.411628910354906 ], [ 120.860627430558139, 22.411628942791324 ], [ 120.860181981629651, 22.411286322798261 ], [ 120.859736534017628, 22.41096654561683 ], [ 120.859291096938165, 22.410829510934825 ], [ 120.859207530323772, 22.410756851194964 ], [ 120.85871706021706, 22.41148498874993 ], [ 120.858375713761092, 22.411872699048832 ], [ 120.85763342505993, 22.413490768595722 ], [ 120.856681759748454, 22.415337276710101 ], [ 120.856091781983679, 22.417431230613509 ], [ 120.856091835766065, 22.418363978799498 ], [ 120.856134222245771, 22.418904014138729 ], [ 120.856266314929613, 22.418837958468799 ], [ 120.856966805332874, 22.418601881157823 ], [ 120.857366545519298, 22.418533332796759 ], [ 120.859285306399343, 22.418342880395006 ], [ 120.860374130647841, 22.418297140504095 ], [ 120.861799878469654, 22.418188566087291 ], [ 120.86327766558523, 22.418237985197184 ], [ 120.864105719074274, 22.418447336375628 ], [ 120.865105105744078, 22.418904142814579 ], [ 120.866161604753117, 22.419465642628488 ], [ 120.867113393501967, 22.419760648182734 ], [ 120.867681619722887, 22.420081371016998 ], [ 120.868229859340616, 22.420412564469082 ], [ 120.868549667815046, 22.420640976651242 ], [ 120.869006532076938, 22.420880803407837 ], [ 120.869509082698912, 22.421143470698965 ], [ 120.870399962771174, 22.421520332694378 ], [ 120.871405054131685, 22.421874346183454 ], [ 120.872044646705362, 22.421908578520771 ], [ 120.872525829940713, 22.421892514859959 ], [ 120.872513046264231, 22.421719358825001 ], [ 120.873162296350742, 22.421633060706803 ], [ 120.874593759257351, 22.421602532273429 ], [ 120.875537926459117, 22.421769999165896 ], [ 120.876306975129069, 22.42206691738707 ], [ 120.877136941578385, 22.422439975277005 ], [ 120.877449130603651, 22.422577016586441 ], [ 120.877631455562351, 22.422618770213987 ], [ 120.877709572428344, 22.422119830107135 ] ] ] ] } },
{ "type": "Feature", "properties": { "番號": "147", "類型": "蕃", "分區": "準要", "郡\n支廳": "〃", "庄 (區)": null, "大字": null, "地名": "〃", "土地\n類型": "旱田、\n山林\n原野", "面積\n(公頃)": "177", "區分\n理由": "第八條\n第二號", "地        況": "大竹高溪中游右岸之支流源頭，為東向及北向緩坡地。基岩及土壤狀況等，與番號130相同。海拔高度介於363至1,060公尺。\n東側以小溪與準要存置林野146相鄰。北側以稜線與要存置林野40鄰接；其中一小部分與準要存置林野148接壤。西側以稜線，南側一部分以小溪與要存置林野39鄰接；其餘以稜線與準要存置林野140接壤。", "林        況": "同上", "參  考  事  項": "同番號138。\r" }, "geometry": { "type": "MultiPolygon", "coordinates": [ [ [ [ 120.847558977091964, 22.430967926298223 ], [ 120.847343233404658, 22.430816286156816 ], [ 120.847124301181225, 22.430387994323446 ], [ 120.846981499717231, 22.429769341915499 ], [ 120.846753058563962, 22.429493335978055 ], [ 120.846515103537158, 22.429283955387234 ], [ 120.846286662384159, 22.429007949449542 ], [ 120.846210504167047, 22.428722418079545 ], [ 120.845943981160332, 22.428256057261745 ], [ 120.845544211751815, 22.427818256604276 ], [ 120.845397152449905, 22.42763520416791 ], [ 120.845157269719593, 22.427007038759275 ], [ 120.844860309674758, 22.426881418091121 ], [ 120.844243523341675, 22.426219007252666 ], [ 120.844095020588057, 22.425762158387297 ], [ 120.843695240200361, 22.425134000948272 ], [ 120.843432493210273, 22.424128930254557 ], [ 120.843145448580444, 22.422647730878193 ], [ 120.843054011737522, 22.421490366220969 ], [ 120.843008259066451, 22.42031777074456 ], [ 120.842947265756948, 22.418931976436415 ], [ 120.842749263855524, 22.418353301698083 ], [ 120.842322814772743, 22.417393924787909 ], [ 120.842322784040604, 22.416860925809491 ], [ 120.842472780701115, 22.415845146965843 ], [ 120.842173067667986, 22.415851677493805 ], [ 120.841168008946269, 22.416064927173366 ], [ 120.839858399929838, 22.416567534336519 ], [ 120.839087491378208, 22.417028997590499 ], [ 120.838288026115379, 22.417428786672431 ], [ 120.837317244122445, 22.417866655650496 ], [ 120.836441633270951, 22.418199823657652 ], [ 120.836146587853051, 22.418266463236176 ], [ 120.835872943984057, 22.418392357993827 ], [ 120.836602987128771, 22.419688661263251 ], [ 120.837265500662468, 22.42108203988013 ], [ 120.838178946675256, 22.422162903599421 ], [ 120.838978484393806, 22.42301946925615 ], [ 120.837817346953088, 22.423438312059734 ], [ 120.836256470291914, 22.423942835343862 ], [ 120.835563587115232, 22.424058987520052 ], [ 120.833404975898631, 22.424184730609568 ], [ 120.831954485537153, 22.424356124027277 ], [ 120.830938008390206, 22.424618867064506 ], [ 120.830127113295276, 22.424870178448632 ], [ 120.829670269410443, 22.42498441529337 ], [ 120.828745153788276, 22.425098675485209 ], [ 120.827511678588124, 22.42546422200909 ], [ 120.826301033389356, 22.425612760661775 ], [ 120.824827692573137, 22.425647098338096 ], [ 120.824003182044152, 22.425647139445786 ], [ 120.824513694945978, 22.426331621135279 ], [ 120.825061953299141, 22.426986421145518 ], [ 120.827864073237265, 22.428783249487843 ], [ 120.828490100803336, 22.429131004638204 ], [ 120.829097609060639, 22.429468472405642 ], [ 120.82924364828844, 22.429565822101988 ], [ 120.830576618768902, 22.429535800820783 ], [ 120.832002608242945, 22.429489806139504 ], [ 120.833418842723631, 22.429455471300159 ], [ 120.835097766218496, 22.429421123359692 ], [ 120.836228469806372, 22.429398224164675 ], [ 120.836708169385659, 22.429512414315052 ], [ 120.838181522679406, 22.429695083356624 ], [ 120.839289397574476, 22.429912034843596 ], [ 120.840667010986309, 22.430239760525247 ], [ 120.841672100892637, 22.430567124068098 ], [ 120.842555356977371, 22.430772665346193 ], [ 120.844070575906983, 22.430742132703624 ], [ 120.845433509148549, 22.430673536299295 ], [ 120.846625699305946, 22.430687753607817 ], [ 120.847293861219654, 22.431001808972447 ], [ 120.847665062428518, 22.431178822266119 ], [ 120.847670325546261, 22.431183637003581 ], [ 120.847558977091964, 22.430967926298223 ] ] ] ] } },
{ "type": "Feature", "properties": { "番號": "121", "類型": null, "分區": "準要", "郡\n支廳": "大武", "庄 (區)": "大武", "大字": "鴿子籠", "地名": null, "土地\n類型": "旱田、\n山林\n原野", "面積\n(公頃)": "624", "區分\n理由": "第八條\n第四號", "地        況": "Katsurin溪左岸之南向緩坡地，基岩及土壤狀況等，與前述番號115相同。海拔高度在909公尺以下。\n東側以山麓為界。北側以稜線與準要存置林野120及要存置林野44及42為界。西側以稜線與準要存置林野142為界。南側以Katsurin溪及其溪畔為界。", "林        況": "同上", "參  考  事  項": "同上\r" }, "geometry": { "type": "MultiPolygon", "coordinates": [ [ [ [ 120.894898643198289, 22.431345679505544 ], [ 120.895759043906395, 22.431330408062401 ], [ 120.897441773571757, 22.431284638534336 ], [ 120.89856105792299, 22.431299811264289 ], [ 120.900143375667128, 22.431254046743799 ], [ 120.901554376869399, 22.43124921746875 ], [ 120.9018789396046, 22.431257973349197 ], [ 120.902082610959667, 22.431263467886442 ], [ 120.90216834257501, 22.431274646054518 ], [ 120.902187863198492, 22.431256765206538 ], [ 120.902594642223107, 22.430884156518928 ], [ 120.903574935170482, 22.430332073049094 ], [ 120.904250674368882, 22.430008432872604 ], [ 120.905154827229779, 22.429484906716091 ], [ 120.90591622093234, 22.429075601732155 ], [ 120.906706156252582, 22.428466420734871 ], [ 120.907366023692646, 22.427988592384409 ], [ 120.908036040178459, 22.427455560071216 ], [ 120.908919271958439, 22.427242316475091 ], [ 120.910167977015959, 22.426907226338496 ], [ 120.910822784917926, 22.426716836942326 ], [ 120.911249174655396, 22.426648287255198 ], [ 120.911835456755426, 22.426488358356305 ], [ 120.912604479446443, 22.426336034618103 ], [ 120.913107010033755, 22.426252252595759 ], [ 120.913888774373163, 22.42589034544066 ], [ 120.91491666302116, 22.42546199151159 ], [ 120.91553530414393, 22.425281121760221 ], [ 120.916629810214374, 22.424738550463676 ], [ 120.917362653499055, 22.424376836109424 ], [ 120.918323910991774, 22.423824753621982 ], [ 120.918695089295596, 22.42360582485945 ], [ 120.919285180010249, 22.423472545722454 ], [ 120.919865741480905, 22.423139392475225 ], [ 120.920408235929216, 22.422872865987976 ], [ 120.921103009443016, 22.422530189212356 ], [ 120.921514637581211, 22.422303326904931 ], [ 120.922218932652001, 22.422027274518125 ], [ 120.922999371645659, 22.421789289686501 ], [ 120.923332485668979, 22.42168457687308 ], [ 120.923808366530182, 22.421598892619059 ], [ 120.924198592337632, 22.421589355332625 ], [ 120.924626885715384, 22.421522709125124 ], [ 120.92536925768286, 22.421351351054167 ], [ 120.925959348937809, 22.421227589759482 ], [ 120.926530404211292, 22.421094311576653 ], [ 120.927158564682088, 22.420941994873662 ], [ 120.927910449970526, 22.420694493632507 ], [ 120.928519575556422, 22.420551695716536 ], [ 120.928862210035916, 22.420494571617144 ], [ 120.929157256484373, 22.420446967726562 ], [ 120.930051907507746, 22.420199459372423 ], [ 120.930661030895521, 22.420018590109283 ], [ 120.93086907850298, 22.419903600933647 ], [ 120.930325385667018, 22.41930480834526 ], [ 120.929858993992326, 22.418895564588784 ], [ 120.928802460033452, 22.417724923264 ], [ 120.928297992008282, 22.41722050303019 ], [ 120.927974384180175, 22.417125340783834 ], [ 120.927032113842174, 22.416839852620747 ], [ 120.926089852281322, 22.416706649852198 ], [ 120.925328430065306, 22.416621027258365 ], [ 120.923424883024111, 22.416554497250758 ], [ 120.921930595021252, 22.416440357662953 ], [ 120.921635538690239, 22.416316640480019 ], [ 120.920969298565197, 22.41631667367842 ], [ 120.919284656231014, 22.41620254357478 ], [ 120.918351915112041, 22.416116929516186 ], [ 120.917457243209356, 22.416002760048016 ], [ 120.916505459520749, 22.415793415050924 ], [ 120.915601252889076, 22.415384193095939 ], [ 120.915115832902359, 22.415098682159535 ], [ 120.914782706250548, 22.414984484708725 ], [ 120.913431166403512, 22.41456576720244 ], [ 120.912317571105476, 22.414175591350908 ], [ 120.91126106619285, 22.413509395364713 ], [ 120.909776296410996, 22.413404773129457 ], [ 120.90859609135326, 22.413262064368546 ], [ 120.907225521540752, 22.4129385261773 ], [ 120.906330832059538, 22.412519785898493 ], [ 120.90609287488553, 22.412272333975793 ], [ 120.906096173367374, 22.412245273126146 ], [ 120.90596406804444, 22.412239535939488 ], [ 120.905678547084051, 22.412422292647598 ], [ 120.905415873909575, 22.412696419458655 ], [ 120.905255976931372, 22.41270784883039 ], [ 120.904981862747647, 22.41263933405661 ], [ 120.904833396245564, 22.412810662531466 ], [ 120.904353701360733, 22.412776422216062 ], [ 120.904079577959934, 22.412548007769683 ], [ 120.90387398343438, 22.412342432719168 ], [ 120.90354276492576, 22.412308185005799 ], [ 120.903348602851054, 22.412296773274072 ], [ 120.903074481424767, 22.412102623042706 ], [ 120.902880309475478, 22.411919890233126 ], [ 120.902537668389698, 22.411862800277916 ], [ 120.902160767473589, 22.411874240460982 ], [ 120.901872021278891, 22.411795506119802 ], [ 120.901783859974444, 22.41177146659183 ], [ 120.901349833668661, 22.411451688868357 ], [ 120.900858703038097, 22.411166178205082 ], [ 120.900413262054386, 22.410960615101924 ], [ 120.900207666869704, 22.410743618644318 ], [ 120.900104863024282, 22.410526617065415 ], [ 120.899842172072013, 22.410492365936499 ], [ 120.899373894491873, 22.410389596617854 ], [ 120.899145461394824, 22.410252551134491 ], [ 120.898848496130611, 22.410035559227822 ], [ 120.898620066982829, 22.409967042175829 ], [ 120.898231743486676, 22.409955640116088 ], [ 120.897660685755056, 22.410047039807708 ], [ 120.897352309103141, 22.410001369549235 ], [ 120.896838337923541, 22.409750124236282 ], [ 120.896518541327552, 22.409727297357122 ], [ 120.896198748022456, 22.409761577504497 ], [ 120.895753320198637, 22.409784442505636 ], [ 120.89562768436366, 22.409750184548326 ], [ 120.895319292571614, 22.409441821966062 ], [ 120.895068018269129, 22.409327620429806 ], [ 120.894805330604569, 22.409350476326829 ], [ 120.894417005130407, 22.409304810050532 ], [ 120.894302787264209, 22.409213444497102 ], [ 120.893628936211556, 22.409270585093399 ], [ 120.893313421088081, 22.409221774303184 ], [ 120.892808987585894, 22.409316977811297 ], [ 120.892485398928983, 22.40955493987866 ], [ 120.89225698232741, 22.40959778037853 ], [ 120.89250371877749, 22.410107105349418 ], [ 120.892994874430926, 22.410826629424616 ], [ 120.89338324861879, 22.411717479701093 ], [ 120.893554589243607, 22.412094377544399 ], [ 120.893794470595594, 22.41269970008182 ], [ 120.89384021027827, 22.413647674455561 ], [ 120.893714615920018, 22.414332965041293 ], [ 120.893360595703413, 22.415006845604264 ], [ 120.892481203449947, 22.415783544997574 ], [ 120.891575155959686, 22.416462592705308 ], [ 120.89084232194827, 22.416986110311701 ], [ 120.890023821900058, 22.417395418133506 ], [ 120.889081587690782, 22.417738107257072 ], [ 120.888053690735688, 22.418023693622917 ], [ 120.886578462182513, 22.418328337959874 ], [ 120.884836738099352, 22.418642513418604 ], [ 120.884408444679295, 22.418709159630222 ], [ 120.88411340313732, 22.418842424067808 ], [ 120.883694621945537, 22.418813891424723 ], [ 120.882895146892352, 22.419042359383809 ], [ 120.881734008470858, 22.419442166455585 ], [ 120.88045295094706, 22.419913680553961 ], [ 120.879767694420593, 22.420244935476731 ], [ 120.87907673286152, 22.420673272634598 ], [ 120.878836893636802, 22.420798920053187 ], [ 120.878099764247835, 22.421520186848934 ], [ 120.877709572428344, 22.422119830107135 ], [ 120.877631455562351, 22.422618770213987 ], [ 120.878794319054535, 22.422885073683599 ], [ 120.879948475107796, 22.423019221153289 ], [ 120.880609849192567, 22.423021932064387 ], [ 120.882218353246316, 22.42319317297245 ], [ 120.883741195645555, 22.423326346797015 ], [ 120.886025466918895, 22.423659357265475 ], [ 120.887517542132528, 22.423910077921875 ], [ 120.888431254368086, 22.42410800340631 ], [ 120.888766286783934, 22.424260272114044 ], [ 120.889329749234165, 22.424496286409038 ], [ 120.889763773370277, 22.424777992778758 ], [ 120.890372940623919, 22.425356646962776 ], [ 120.890700377312058, 22.425828715404968 ], [ 120.890959285561436, 22.4262855587221 ], [ 120.891408578893518, 22.427275391475259 ], [ 120.891598959144645, 22.427724623937618 ], [ 120.892017779094374, 22.428425115933219 ], [ 120.892637140132777, 22.429723952677474 ], [ 120.893276788247462, 22.430721390204774 ], [ 120.89353569210887, 22.431102090814459 ], [ 120.893632414111636, 22.431141766379529 ], [ 120.8938326518997, 22.431223904333262 ], [ 120.894023013702451, 22.431353337437741 ], [ 120.894457022901662, 22.431376158607605 ], [ 120.894898643198289, 22.431345679505544 ] ] ] ] } },
{ "type": "Feature", "properties": { "番號": "120", "類型": null, "分區": "準要", "郡\n支廳": "〃", "庄 (區)": "〃", "大字": "甘那壁", "地名": null, "土地\n類型": "旱田、\n山林\n原野", "面積\n(公頃)": "284", "區分\n理由": "同上", "地        況": "正對太平洋之緩坡地。基岩及土壤狀況等，與番號115相同。海拔高度在848公尺以下。\n東側以山麓為界。北側以小溪，另有部分以稜線與準要存置林野119、143及144相鄰。南側以稜線為界與準要存置林野121鄰接。", "林        況": "同上", "參  考  事  項": "同上\r" }, "geometry": { "type": "MultiPolygon", "coordinates": [ [ [ [ 120.933533649735182, 22.433067440984843 ], [ 120.933514600573673, 22.432829496005045 ], [ 120.933704929626472, 22.4323916660042 ], [ 120.933819118601207, 22.43198239331182 ], [ 120.93406652154998, 22.430983008073124 ], [ 120.934675592209686, 22.429888426432868 ], [ 120.935027698823276, 22.429041321372299 ], [ 120.934989606546807, 22.428670127623086 ], [ 120.934932469505057, 22.4281371315919 ], [ 120.934665947659383, 22.427689806533358 ], [ 120.934228115714603, 22.427394775408853 ], [ 120.933676076121614, 22.427185410511523 ], [ 120.933495228541602, 22.426995062783842 ], [ 120.93328580365818, 22.426385931645552 ], [ 120.933323839386375, 22.425776788171415 ], [ 120.933533165454506, 22.424672708627806 ], [ 120.93351410641877, 22.424263442580642 ], [ 120.933028635397534, 22.423092772809461 ], [ 120.932191017677198, 22.422074405982425 ], [ 120.931753161036866, 22.421351072181121 ], [ 120.930982149768468, 22.42002813124034 ], [ 120.93086907850298, 22.419903600933647 ], [ 120.930661030895521, 22.420018590109283 ], [ 120.930051907507746, 22.420199459372423 ], [ 120.929157256484373, 22.420446967726562 ], [ 120.928862210035916, 22.420494571617144 ], [ 120.928519575556422, 22.420551695716536 ], [ 120.927910449970526, 22.420694493632507 ], [ 120.927158564682088, 22.420941994873662 ], [ 120.926530404211292, 22.421094311576653 ], [ 120.925959348937809, 22.421227589759482 ], [ 120.92536925768286, 22.421351351054167 ], [ 120.924626885715384, 22.421522709125124 ], [ 120.924198592337632, 22.421589355332625 ], [ 120.923808366530182, 22.421598892619059 ], [ 120.923332485668979, 22.42168457687308 ], [ 120.922999371645659, 22.421789289686501 ], [ 120.922218932652001, 22.422027274518125 ], [ 120.921514637581211, 22.422303326904931 ], [ 120.921103009443016, 22.422530189212356 ], [ 120.920408235929216, 22.422872865987976 ], [ 120.919865741480905, 22.423139392475225 ], [ 120.919285180010249, 22.423472545722454 ], [ 120.918695089295596, 22.42360582485945 ], [ 120.918323910991774, 22.423824753621982 ], [ 120.917362653499055, 22.424376836109424 ], [ 120.916629810214374, 22.424738550463676 ], [ 120.91553530414393, 22.425281121760221 ], [ 120.91491666302116, 22.42546199151159 ], [ 120.913888774373163, 22.42589034544066 ], [ 120.913107010033755, 22.426252252595759 ], [ 120.912604479446443, 22.426336034618103 ], [ 120.911835456755426, 22.426488358356305 ], [ 120.911249174655396, 22.426648287255198 ], [ 120.910822784917926, 22.426716836942326 ], [ 120.910167977015959, 22.426907226338496 ], [ 120.908919271958439, 22.427242316475091 ], [ 120.908036040178459, 22.427455560071216 ], [ 120.907366023692646, 22.427988592384409 ], [ 120.906706156252582, 22.428466420734871 ], [ 120.90591622093234, 22.429075601732155 ], [ 120.905154827229779, 22.429484906716091 ], [ 120.904250674368882, 22.430008432872604 ], [ 120.903574935170482, 22.430332073049094 ], [ 120.902594642223107, 22.430884156518928 ], [ 120.902187863198492, 22.431256765206538 ], [ 120.902418218119607, 22.43136970194816 ], [ 120.903080665685849, 22.431620939834531 ], [ 120.903583209683376, 22.431769393045396 ], [ 120.903788797631236, 22.431860754036805 ], [ 120.904279917073026, 22.431952100790291 ], [ 120.90546773335754, 22.432043412803836 ], [ 120.906861130994429, 22.432111871755232 ], [ 120.908460106027903, 22.432088949213888 ], [ 120.90957938947011, 22.432088893402323 ], [ 120.910104771365638, 22.432157395635929 ], [ 120.910847153237924, 22.432157358618039 ], [ 120.912286232599627, 22.43216870826549 ], [ 120.91293724834604, 22.432237204234234 ], [ 120.913009057803961, 22.432250951424191 ], [ 120.913474053473763, 22.432339970113162 ], [ 120.914313801082784, 22.432331362186446 ], [ 120.915741454559296, 22.432262762567952 ], [ 120.916352032481399, 22.432197311820808 ], [ 120.916700834418705, 22.432159922084715 ], [ 120.917340411764258, 22.431931462093381 ], [ 120.918151315907551, 22.431840050419616 ], [ 120.918459694523207, 22.431919984877911 ], [ 120.919202077698571, 22.431942790670899 ], [ 120.920001573100009, 22.432068386260422 ], [ 120.921257913598851, 22.432102587830641 ], [ 120.922148772480256, 22.432113964815063 ], [ 120.922754095265915, 22.432045406202889 ], [ 120.923850530878184, 22.43195398029312 ], [ 120.924718534714472, 22.431748351725584 ], [ 120.925403803674357, 22.431634103508813 ], [ 120.926340344947263, 22.431599792597396 ], [ 120.927185518781002, 22.431611171860748 ], [ 120.927448213671255, 22.431713951405406 ], [ 120.927802274021161, 22.43173677656096 ], [ 120.928453291719876, 22.431839536743066 ], [ 120.929150714583997, 22.432051511793709 ], [ 120.930035875889033, 22.43228941358938 ], [ 120.931282716984057, 22.432641511396557 ], [ 120.93162535859814, 22.432708119171917 ], [ 120.932006073271694, 22.432812796397783 ], [ 120.932634255695177, 22.433041193167568 ], [ 120.933452792433599, 22.433269580444904 ], [ 120.933908601030552, 22.433340593089806 ], [ 120.933533649735182, 22.433067440984843 ] ] ] ] } },
{ "type": "Feature", "properties": { "番號": "148", "類型": "蕃", "分區": "準要", "郡\n支廳": "大武", "庄 (區)": null, "大字": null, "地名": "Tabakasu社蕃地", "土地\n類型": "旱田、\n山林\n原野", "面積\n(公頃)": "358", "區分\n理由": "第八條\n第二號", "地        況": "大竹高溪右岸之北向緩坡地。基岩及土壤狀況等，與番號130相同。海拔高度介於300至1,060公尺。\n東側以小溪與要存置林野41相鄰。北側以大竹高溪溪畔為界。西側以稜線與要存置林野39鄰接。南側以稜線與要存置林野40接壤，僅極少部分與準要存置林野147毗鄰。", "林        況": "同上", "參  考  事  項": "本地與番號149、150、151、152同樣獲認定為必須保留的蕃人所要地，乃針對現居住於此的Taririku、Kinabayan、Kudakasu 3社共411名的蕃人。人均面積為2.7737公頃。\r" }, "geometry": { "type": "MultiPolygon", "coordinates": [ [ [ [ 120.840322303945172, 22.448664854786536 ], [ 120.840927691462682, 22.448067199456901 ], [ 120.84165864428202, 22.447930106095821 ], [ 120.842640872768769, 22.447930057080189 ], [ 120.843965760865743, 22.448306897391948 ], [ 120.84500511082733, 22.448569537882864 ], [ 120.845941660857662, 22.448683705213877 ], [ 120.847449266035596, 22.448660787165625 ], [ 120.84802031656649, 22.448443751939397 ], [ 120.849367987795688, 22.44779266450313 ], [ 120.850612870309305, 22.447187267825246 ], [ 120.850989753459885, 22.446867449631103 ], [ 120.851378071064488, 22.44677605900047 ], [ 120.852357169760396, 22.446143867011649 ], [ 120.853910398617188, 22.445058755880247 ], [ 120.855029638016916, 22.444293465794228 ], [ 120.855886179177816, 22.443368289126951 ], [ 120.856274475015354, 22.442899992085504 ], [ 120.857005390879365, 22.442123299977165 ], [ 120.857416518028913, 22.441460837888162 ], [ 120.857713455649389, 22.44119813072502 ], [ 120.8578534630429, 22.44113917107493 ], [ 120.857737907369085, 22.440908089232618 ], [ 120.857281027253407, 22.440394148732427 ], [ 120.857128731683972, 22.440184763876996 ], [ 120.856995474846457, 22.440032485104215 ], [ 120.857071584057536, 22.439469025252734 ], [ 120.856808873294028, 22.439092131943745 ], [ 120.856420537230733, 22.438863723183967 ], [ 120.856272036441098, 22.438441138552008 ], [ 120.856374797462337, 22.437915748725409 ], [ 120.856351931864566, 22.437516000638457 ], [ 120.85618059646599, 22.43723047402111 ], [ 120.856112024069219, 22.436453821799958 ], [ 120.855655157803398, 22.436179730829902 ], [ 120.854672920117537, 22.436019880129081 ], [ 120.853938936359356, 22.43586223787506 ], [ 120.853451621745023, 22.435732819572124 ], [ 120.85312419643715, 22.435458722145043 ], [ 120.853017586133348, 22.435253142144646 ], [ 120.852926193191379, 22.434857204607624 ], [ 120.85235537489983, 22.434608262240332 ], [ 120.851476596490315, 22.435669465820862 ], [ 120.850654310510023, 22.436446162484124 ], [ 120.849573143486921, 22.437238100605242 ], [ 120.848781286952729, 22.437542710947074 ], [ 120.847563053363359, 22.43813668486321 ], [ 120.846603715762143, 22.438974302544235 ], [ 120.845553012466354, 22.439888067499314 ], [ 120.844837296790544, 22.440177445508326 ], [ 120.843984516304687, 22.440299316390252 ], [ 120.842948977170821, 22.440101396996255 ], [ 120.841532717888484, 22.439705525542916 ], [ 120.840253512860968, 22.439294418709206 ], [ 120.839157029552695, 22.438563503362762 ], [ 120.837603668527308, 22.437360525981898 ], [ 120.836205352347363, 22.436178670464642 ], [ 120.834126574607126, 22.434305663397694 ], [ 120.833011507436908, 22.433153584576633 ], [ 120.831899770287919, 22.43198104222914 ], [ 120.82987428474236, 22.42998620413324 ], [ 120.82924364828844, 22.429565822101988 ], [ 120.829097609060639, 22.429468472405642 ], [ 120.828490100803336, 22.429131004638204 ], [ 120.828265551137775, 22.430238951259561 ], [ 120.827599477834355, 22.433132407623479 ], [ 120.826823055724546, 22.437008110521504 ], [ 120.826290203064204, 22.439425668298952 ], [ 120.82601670787956, 22.441836867918692 ], [ 120.825969152812917, 22.442417458493342 ], [ 120.825352292331161, 22.442120310598003 ], [ 120.825437966085303, 22.442367770147488 ], [ 120.825713998052109, 22.442681845075867 ], [ 120.826218455257404, 22.442995908607141 ], [ 120.826675327169255, 22.443367081549074 ], [ 120.827075082877698, 22.443566936228983 ], [ 120.827522417284158, 22.443595467427972 ], [ 120.827960230124489, 22.443557374225691 ], [ 120.828122044525315, 22.443785794297263 ], [ 120.828607470139701, 22.444166483650871 ], [ 120.828931082452812, 22.444337788611101 ], [ 120.829492631124239, 22.444394867628066 ], [ 120.830054177047089, 22.444404357449262 ], [ 120.830263583336247, 22.44468988217983 ], [ 120.830549126424586, 22.444889742557955 ], [ 120.831122744285466, 22.44495489818614 ], [ 120.831216483377872, 22.444861147809782 ], [ 120.831581947924832, 22.444587015801819 ], [ 120.831932202590281, 22.444632683954104 ], [ 120.833042957060911, 22.445269253004728 ], [ 120.83450493045008, 22.446167664081077 ], [ 120.836621749224193, 22.447522898754517 ], [ 120.837931442637412, 22.448482231587825 ], [ 120.838494917930902, 22.448939059748991 ], [ 120.83978932845352, 22.44895422369402 ], [ 120.840322303945172, 22.448664854786536 ] ] ] ] } },
{ "type": "Feature", "properties": { "番號": "146", "類型": "蕃", "分區": "準要", "郡\n支廳": "〃", "庄 (區)": null, "大字": null, "地名": "Tabakasu社蕃地", "土地\n類型": "旱田、\n山林\n原野", "面積\n(公頃)": "486", "區分\n理由": "第八條\n第二號", "地        況": "大竹高溪中游右岸之緩坡地。基岩及土壤狀況等，與番號130相同。海拔高度介於210至860公尺。\n東側以溪流，與要存置林野42、43及準要存置林野145相鄰。北側有小部分以大竹高溪溪畔為界；其餘大部分以稜線或小溪，與要存置林野41鄰接。西側以溪流，與要存置林野40及準要存置林野147接壤。南側以稜線，與要存置林野140、141及142毗鄰。", "林        況": "同上", "參  考  事  項": "(1) 同番號141\n(2) 設有Tabakasu警察官吏駐在所。" }, "geometry": { "type": "MultiPolygon", "coordinates": [ [ [ [ 120.875362433620055, 22.448395875199676 ], [ 120.875469004785529, 22.447923785095465 ], [ 120.875423289839148, 22.44740601696622 ], [ 120.875575553963742, 22.447070981455944 ], [ 120.87574304291779, 22.446675031020511 ], [ 120.875792506427203, 22.446179466432394 ], [ 120.876192221413916, 22.445675001052678 ], [ 120.8767061528536, 22.445237154844296 ], [ 120.876772746094375, 22.444704152572019 ], [ 120.876839347030284, 22.444304400036994 ], [ 120.877248568194901, 22.443600059580508 ], [ 120.877248545662312, 22.443209828208595 ], [ 120.877058167689611, 22.442800570656388 ], [ 120.877200891130741, 22.442067689982014 ], [ 120.877124797435272, 22.441518953690235 ], [ 120.877067587590247, 22.441106394957519 ], [ 120.877369197654616, 22.44087848390695 ], [ 120.877443270016528, 22.440184018364995 ], [ 120.877437460529435, 22.438471569179836 ], [ 120.877428420200374, 22.43828149159717 ], [ 120.877407475053261, 22.437841109063996 ], [ 120.877087662398438, 22.437540361324196 ], [ 120.876828759397142, 22.437174889245071 ], [ 120.876786857928579, 22.436767527853771 ], [ 120.876772254829874, 22.436606994375481 ], [ 120.876553971852545, 22.436433780604723 ], [ 120.8759542987994, 22.435448396982512 ], [ 120.875897169425329, 22.435048650620878 ], [ 120.875887629735743, 22.434667937562526 ], [ 120.876001811580593, 22.434134932920799 ], [ 120.876192128022723, 22.433478192583966 ], [ 120.876239652345959, 22.432364603128864 ], [ 120.876068292795551, 22.431660291637513 ], [ 120.875689715254524, 22.430793790650085 ], [ 120.875223255954452, 22.429213852745161 ], [ 120.874998614730032, 22.428813480212977 ], [ 120.874446482258335, 22.426995600618525 ], [ 120.87358976363133, 22.424844611863659 ], [ 120.872847304284576, 22.423502633668008 ], [ 120.872580758248958, 22.422636523664597 ], [ 120.872525829940713, 22.421892514859959 ], [ 120.872044646705362, 22.421908578520771 ], [ 120.871405054131685, 22.421874346183454 ], [ 120.870399962771174, 22.421520332694378 ], [ 120.869509082698912, 22.421143470698965 ], [ 120.869006532076938, 22.420880803407837 ], [ 120.868549667815046, 22.420640976651242 ], [ 120.868229859340616, 22.420412564469082 ], [ 120.867681619722887, 22.420081371016998 ], [ 120.867113393501967, 22.419760648182734 ], [ 120.866161604753117, 22.419465642628488 ], [ 120.865105105744078, 22.418904142814579 ], [ 120.864105719074274, 22.418447336375628 ], [ 120.86327766558523, 22.418237985197184 ], [ 120.861799878469654, 22.418188566087291 ], [ 120.860374130647841, 22.418297140504095 ], [ 120.859285306399343, 22.418342880395006 ], [ 120.857366545519298, 22.418533332796759 ], [ 120.856966805332874, 22.418601881157823 ], [ 120.856266314929613, 22.418837958468799 ], [ 120.856134222245771, 22.418904014138729 ], [ 120.855657198566192, 22.419142559664838 ], [ 120.854987176273795, 22.419576606503448 ], [ 120.854285927085257, 22.419858369480782 ], [ 120.853337968335268, 22.419961209387516 ], [ 120.852721222206512, 22.419995504347369 ], [ 120.851738987155287, 22.419881339239733 ], [ 120.850825267813988, 22.419561585399173 ], [ 120.849443240534399, 22.418613677538119 ], [ 120.848426703494098, 22.417837072555475 ], [ 120.847518312845153, 22.417496093663249 ], [ 120.847303385598892, 22.417391328955013 ], [ 120.846300010721151, 22.416902241236841 ], [ 120.844883740941256, 22.416323627215636 ], [ 120.843726366253875, 22.41597342842292 ], [ 120.84287357082853, 22.41583641404188 ], [ 120.842472780701115, 22.415845146965843 ], [ 120.842322784040604, 22.416860925809491 ], [ 120.842322814772743, 22.417393924787909 ], [ 120.842749263855524, 22.418353301698083 ], [ 120.842947265756948, 22.418931976436415 ], [ 120.843008259066451, 22.42031777074456 ], [ 120.843054011737522, 22.421490366220969 ], [ 120.843145448580444, 22.422647730878193 ], [ 120.843432493210273, 22.424128930254557 ], [ 120.843695240200361, 22.425134000948272 ], [ 120.844095020588057, 22.425762158387297 ], [ 120.844243523341675, 22.426219007252666 ], [ 120.844860309674758, 22.426881418091121 ], [ 120.845157269719593, 22.427007038759275 ], [ 120.845397152449905, 22.42763520416791 ], [ 120.845544211751815, 22.427818256604276 ], [ 120.845943981160332, 22.428256057261745 ], [ 120.846210504167047, 22.428722418079545 ], [ 120.846286662384159, 22.429007949449542 ], [ 120.846515103537158, 22.429283955387234 ], [ 120.846753058563962, 22.429493335978055 ], [ 120.846981499717231, 22.429769341915499 ], [ 120.847124301181225, 22.430387994323446 ], [ 120.847343233404658, 22.430816286156816 ], [ 120.847558977091964, 22.430967926298223 ], [ 120.847670325546261, 22.431183637003581 ], [ 120.848201890050873, 22.431669915983733 ], [ 120.849012825967492, 22.432126731808843 ], [ 120.849875144376554, 22.432355116939515 ], [ 120.850453828644632, 22.432476916418096 ], [ 120.850512233114316, 22.432574967078331 ], [ 120.850454481269452, 22.431872806571025 ], [ 120.850637142362032, 22.430502228669525 ], [ 120.85095684871105, 22.428960322837931 ], [ 120.850986667329693, 22.428875110166629 ], [ 120.851166310718767, 22.428811419574266 ], [ 120.852235441258316, 22.427983290041634 ], [ 120.853194797327475, 22.427465471779474 ], [ 120.855874905785882, 22.426064312295274 ], [ 120.857489068519911, 22.425333261810803 ], [ 120.858265752045554, 22.425988050389787 ], [ 120.859075386152753, 22.426747951378015 ], [ 120.86137499936261, 22.429047346534634 ], [ 120.861612007111702, 22.429334773442953 ], [ 120.861840456053983, 22.429745932679811 ], [ 120.862358240092433, 22.430096163322155 ], [ 120.862921721475942, 22.430659591269514 ], [ 120.864551253993895, 22.432380335225673 ], [ 120.864962449263899, 22.432898085137957 ], [ 120.866165549378209, 22.433948794515107 ], [ 120.867018375522221, 22.43461880781615 ], [ 120.868693615062568, 22.436720263008603 ], [ 120.869553468459557, 22.438214774574305 ], [ 120.870512948643224, 22.439847987799041 ], [ 120.871769390842033, 22.441641085890442 ], [ 120.872329105812739, 22.44290883405122 ], [ 120.87236452977416, 22.443221493277573 ], [ 120.872581630675541, 22.44490042915168 ], [ 120.873267013824659, 22.446762084158564 ], [ 120.873906695449364, 22.448338206288714 ], [ 120.874210193366082, 22.448801119180938 ], [ 120.87451762270986, 22.448933467647002 ], [ 120.875068097399918, 22.449007284712412 ], [ 120.875362433620055, 22.448395875199676 ] ] ] ] } },
{ "type": "Feature", "properties": { "番號": "145", "類型": "蕃", "分區": "準要", "郡\n支廳": "大武", "庄 (區)": null, "大字": null, "地名": "Toabaru社蕃地", "土地\n類型": "水田、\n旱田\n山林、\n原野", "面積\n(公頃)": "57", "區分\n理由": "第八條\n第二號", "地        況": "位於大竹高溪中游右岸，為北向緩坡地及平坦地。基岩及土壤狀況等，與番號130相同。海拔高度介於210至575公尺。\n東側及南側以小稜線，與要存置林野43相鄰。北側以大竹高溪溪畔為界。西側以小溪與要存置林野146鄰接。", "林        況": "同上", "參  考  事  項": "(1) 本地域內現在雖沒有蕃人居住，但是不僅是Toabaru社蕃人唯一的農耕用地。雖有警察官指導下開墾出來的水田約10公頃，但因水量不足，加上因地盤為碎石而有漏水現象，故無法充分達到使用的目的。現在僅只有2公頃多的面積用作水田耕作，剩餘的部分作為定耕旱田，現正種植花生。\n(2) 本地與番號153、154共同認定為必須保留的蕃人所要地，乃針對現居住於此的Toabaru社254名蕃人。人均面積為2.9724公頃。" }, "geometry": { "type": "MultiPolygon", "coordinates": [ [ [ [ 120.881353295501881, 22.44946534955352 ], [ 120.881584051256795, 22.448619043581626 ], [ 120.882183588816687, 22.44725796278826 ], [ 120.883325625254741, 22.445706498166228 ], [ 120.884088574115452, 22.444757848887889 ], [ 120.885078342369013, 22.443470987779314 ], [ 120.885816868838191, 22.442633381173295 ], [ 120.884164590547115, 22.442587777978268 ], [ 120.881842269371305, 22.44261835091643 ], [ 120.881179838614273, 22.4426589934071 ], [ 120.879992006430228, 22.442293567674948 ], [ 120.879535157332072, 22.442316433278059 ], [ 120.878773729418228, 22.442133728767779 ], [ 120.877829550784654, 22.441768290877707 ], [ 120.877124797435272, 22.441518953690235 ], [ 120.877200891130741, 22.442067689982014 ], [ 120.877058167689611, 22.442800570656388 ], [ 120.877248545662312, 22.443209828208595 ], [ 120.877248568194901, 22.443600059580508 ], [ 120.876839347030284, 22.444304400036994 ], [ 120.876772746094375, 22.444704152572019 ], [ 120.8767061528536, 22.445237154844296 ], [ 120.876192221413916, 22.445675001052678 ], [ 120.875792506427203, 22.446179466432394 ], [ 120.87574304291779, 22.446675031020511 ], [ 120.875575553963742, 22.447070981455944 ], [ 120.875423289839148, 22.44740601696622 ], [ 120.875469004785529, 22.447923785095465 ], [ 120.875362433620055, 22.448395875199676 ], [ 120.875068097399918, 22.449007284712412 ], [ 120.876078540411712, 22.449142782200642 ], [ 120.877106449459234, 22.449066588198878 ], [ 120.877715563560926, 22.448723915619354 ], [ 120.878438897962852, 22.448514487081596 ], [ 120.879105161244169, 22.448914203044485 ], [ 120.879447823246309, 22.44933297083395 ], [ 120.879790480850119, 22.449675595913963 ], [ 120.880304465057634, 22.450151462181932 ], [ 120.881142051641987, 22.450627312299659 ], [ 120.881178894263869, 22.450633554991704 ], [ 120.881353295501881, 22.44946534955352 ] ] ] ] } },
{ "type": "Feature", "properties": { "番號": "149", "類型": "蕃", "分區": "準要", "郡\n支廳": "〃", "庄 (區)": null, "大字": null, "地名": "Taririku社蕃地", "土地\n類型": "旱田、\n山林\n原野", "面積\n(公頃)": "188", "區分\n理由": "同上", "地        況": "大竹高溪上游右岸支流之左岸，為東向緩坡地。基岩及土壤狀況等，與番號130相同。海拔高度介於425至900公尺。\n東側以小溪與準要存置林野148相鄰。北側以大竹高溪溪畔為界。西側及南側以稜線或溪流，與要存置林野55及39鄰接。", "林        況": "同上", "參  考  事  項": "同上\r" }, "geometry": { "type": "MultiPolygon", "coordinates": [ [ [ [ 120.826077258593969, 22.450800536037821 ], [ 120.82641987885647, 22.450495948076689 ], [ 120.827714285237974, 22.450438776437686 ], [ 120.829180002845916, 22.450248346497578 ], [ 120.830036566692485, 22.449715304743279 ], [ 120.830360164711593, 22.449639145879047 ], [ 120.830874107197687, 22.449391656407663 ], [ 120.831902011959954, 22.449239319680416 ], [ 120.832606309906396, 22.449010856387954 ], [ 120.832986999938015, 22.448687230854656 ], [ 120.833272501793061, 22.448173253285375 ], [ 120.833082127639827, 22.44783062057115 ], [ 120.832777532073536, 22.447335708128882 ], [ 120.831825719581417, 22.446631435518263 ], [ 120.831387881459122, 22.446231708116265 ], [ 120.831349789697796, 22.445870032124176 ], [ 120.831045204027518, 22.445546440786277 ], [ 120.831109891091117, 22.444967752927699 ], [ 120.831122744285466, 22.44495489818614 ], [ 120.830549126424586, 22.444889742557955 ], [ 120.830263583336247, 22.44468988217983 ], [ 120.830054177047089, 22.444404357449262 ], [ 120.829492631124239, 22.444394867628066 ], [ 120.828931082452812, 22.444337788611101 ], [ 120.828607470139701, 22.444166483650871 ], [ 120.828122044525315, 22.443785794297263 ], [ 120.827960230124489, 22.443557374225691 ], [ 120.827522417284158, 22.443595467427972 ], [ 120.827075082877698, 22.443566936228983 ], [ 120.826675327169255, 22.443367081549074 ], [ 120.826218455257404, 22.442995908607141 ], [ 120.825713998052109, 22.442681845075867 ], [ 120.825437966085303, 22.442367770147488 ], [ 120.825352292331161, 22.442120310598003 ], [ 120.824811674454907, 22.441921573357469 ], [ 120.824172062680873, 22.441556120235479 ], [ 120.82378371735102, 22.441167811759943 ], [ 120.823052755263873, 22.441145005414125 ], [ 120.822253258349036, 22.440996567004184 ], [ 120.821408074406037, 22.440813866652366 ], [ 120.821145378124982, 22.440688244277371 ], [ 120.820642818193832, 22.440265677276063 ], [ 120.820174545129518, 22.440242857822987 ], [ 120.819701190482363, 22.440094239526946 ], [ 120.819133922374434, 22.439884875357407 ], [ 120.818669436393208, 22.439515606356085 ], [ 120.818625520165838, 22.439449767844028 ], [ 120.817594590482301, 22.439892566422525 ], [ 120.815630182622996, 22.440745462849097 ], [ 120.814244424786494, 22.441126245568729 ], [ 120.813513477190739, 22.441354710187245 ], [ 120.812462763267192, 22.442085732694188 ], [ 120.811889978209649, 22.442483606969965 ], [ 120.811661572749017, 22.442826260594313 ], [ 120.811242813465967, 22.443178441556576 ], [ 120.81140462512559, 22.443359272436947 ], [ 120.812356440957444, 22.444120652119359 ], [ 120.813155971642857, 22.444853485878848 ], [ 120.814031652871833, 22.445738601270655 ], [ 120.815050120219837, 22.446975869600891 ], [ 120.815500611107709, 22.447658798316219 ], [ 120.815395182183764, 22.447749176850955 ], [ 120.815100142750524, 22.447919560904339 ], [ 120.814433904652319, 22.447957665511336 ], [ 120.81397705141319, 22.447910099112104 ], [ 120.813872348262464, 22.44776733674227 ], [ 120.81362487988342, 22.447634099336923 ], [ 120.813053810722153, 22.447529431599353 ], [ 120.812853943579668, 22.447615102130342 ], [ 120.812615987420969, 22.447386685853306 ], [ 120.812035400539699, 22.447282018590077 ], [ 120.81170228423683, 22.447348660091592 ], [ 120.811578553894989, 22.447348666266201 ], [ 120.811064589942973, 22.447224959998746 ], [ 120.810655336838366, 22.44737726585749 ], [ 120.810250848914876, 22.447639026635507 ], [ 120.810150930736853, 22.447948361413189 ], [ 120.810080801365515, 22.44905291021491 ], [ 120.810012337791463, 22.450160790178284 ], [ 120.810651935081836, 22.450274972332831 ], [ 120.811691265995648, 22.450206392013936 ], [ 120.813290234799979, 22.450069255318528 ], [ 120.815140469387899, 22.449897841861027 ], [ 120.816819373158509, 22.449520851620534 ], [ 120.817687379846348, 22.449360908594972 ], [ 120.819057916787813, 22.449109569230561 ], [ 120.82004013939094, 22.449006727543857 ], [ 120.821345485446273, 22.448850474652186 ], [ 120.822516157657773, 22.448726684315048 ], [ 120.824096087355542, 22.448526730839006 ], [ 120.824295974284297, 22.448783702528832 ], [ 120.824705288402797, 22.449687876849552 ], [ 120.825257563356004, 22.451116450244928 ], [ 120.825601392475164, 22.45114320200787 ], [ 120.826077258593969, 22.450800536037821 ] ] ] ] } },
{ "type": "Feature", "properties": { "番號": "119", "類型": null, "分區": "準要", "郡\n支廳": "〃", "庄 (區)": "大武", "大字": "大竹高", "地名": null, "土地\n類型": "旱田、\n山林\n原野", "面積\n(公頃)": "334", "區分\n理由": "同上", "地        況": "大竹高溪下游右岸之緩坡地。基岩及土壤狀況等，與番號115相同。海拔高度在636公尺以下。\n東側以稜線與要存置林野12相鄰。北側以山麓與大竹高溪溪畔接壤。西側及南側以稜線與準要存置林野143及120鄰接。", "林        況": "同番號111。", "參  考  事  項": "(1) 同番號104之 (1)。\n(2) 同番號118之 (2)。" }, "geometry": { "type": "MultiPolygon", "coordinates": [ [ [ [ 120.925007270710921, 22.45894686610966 ], [ 120.926768042107469, 22.458842082002111 ], [ 120.927662683201603, 22.458423252495827 ], [ 120.92884286347001, 22.458137658461837 ], [ 120.929651864917233, 22.458061475379917 ], [ 120.930289555727938, 22.458128068410232 ], [ 120.931422168309638, 22.458204154573036 ], [ 120.931783820610406, 22.457842458701041 ], [ 120.932097892582121, 22.457623532764963 ], [ 120.933173343868489, 22.456747838049655 ], [ 120.933382721516537, 22.456538435177926 ], [ 120.93356348497727, 22.45527255379351 ], [ 120.935152953952709, 22.455453313370977 ], [ 120.935657401133724, 22.455596055752583 ], [ 120.936428355901498, 22.45593865941462 ], [ 120.936752904021077, 22.456165820613251 ], [ 120.937374246309645, 22.455871749758629 ], [ 120.938493517352015, 22.455658494340994 ], [ 120.939133106082778, 22.455628005339694 ], [ 120.939940189450226, 22.45530055145877 ], [ 120.940602600460295, 22.454919804911416 ], [ 120.941188871065037, 22.454561904974323 ], [ 120.94197310443451, 22.454105009652309 ], [ 120.942193896080795, 22.453769970766388 ], [ 120.941554271285824, 22.453176089650594 ], [ 120.941143083100769, 22.452780168145896 ], [ 120.941092267758449, 22.452528542862463 ], [ 120.940540226509384, 22.452290624482643 ], [ 120.939635990198468, 22.451367439402219 ], [ 120.939112470209864, 22.450577485041531 ], [ 120.938750783272326, 22.450339557160209 ], [ 120.938560427860111, 22.450320530984708 ], [ 120.938322464079462, 22.449958865046007 ], [ 120.937770404688052, 22.449406858035974 ], [ 120.937503878965785, 22.448892908126471 ], [ 120.937075572965483, 22.448740644102269 ], [ 120.936580634160308, 22.448436098007182 ], [ 120.936000015026224, 22.447769878372249 ], [ 120.935343232181523, 22.44672294904716 ], [ 120.934992236586126, 22.446206425601087 ], [ 120.934659100047256, 22.445920907104618 ], [ 120.934335420221359, 22.444578908202626 ], [ 120.934145027437978, 22.443912669094541 ], [ 120.933212257772198, 22.443332127554694 ], [ 120.932193833059131, 22.442827732983936 ], [ 120.931156365219636, 22.442190089639205 ], [ 120.931013595635889, 22.442123471899897 ], [ 120.930528175094835, 22.44182844315803 ], [ 120.930033234639438, 22.441495343541071 ], [ 120.929671548249985, 22.441266933487292 ], [ 120.929405047260843, 22.44118128624476 ], [ 120.929033842056313, 22.440933840990525 ], [ 120.928795892016623, 22.440810120974472 ], [ 120.928529383884026, 22.440600741846556 ], [ 120.928795864544625, 22.440334229109684 ], [ 120.929024283681684, 22.440229521505678 ], [ 120.929690491983123, 22.439678445153682 ], [ 120.930242494229802, 22.439240597105712 ], [ 120.930699313275028, 22.438698057596259 ], [ 120.93090869533205, 22.438564797431393 ], [ 120.931203711011264, 22.437984194644368 ], [ 120.931822321338444, 22.437270325997982 ], [ 120.932317210149819, 22.436708748919841 ], [ 120.932935807295607, 22.435766452185007 ], [ 120.933392627442686, 22.435242948357303 ], [ 120.933709860833645, 22.434830492925613 ], [ 120.93386212670967, 22.434525914542384 ], [ 120.934061980066517, 22.434202298112073 ], [ 120.934176187712509, 22.434116631882425 ], [ 120.934387072598426, 22.43374571247077 ], [ 120.934199917848389, 22.433552817458434 ], [ 120.933908601030552, 22.433340593089806 ], [ 120.933452792433599, 22.433269580444904 ], [ 120.932634255695177, 22.433041193167568 ], [ 120.932006073271694, 22.432812796397783 ], [ 120.93162535859814, 22.432708119171917 ], [ 120.931282716984057, 22.432641511396557 ], [ 120.930035875889033, 22.43228941358938 ], [ 120.929150714583997, 22.432051511793709 ], [ 120.928453291719876, 22.431839536743066 ], [ 120.927802274021161, 22.43173677656096 ], [ 120.927448213671255, 22.431713951405406 ], [ 120.927185518781002, 22.431611171860748 ], [ 120.926340344947263, 22.431599792597396 ], [ 120.925403803674357, 22.431634103508813 ], [ 120.924718534714472, 22.431748351725584 ], [ 120.923850530878184, 22.43195398029312 ], [ 120.922754095265915, 22.432045406202889 ], [ 120.922148772480256, 22.432113964815063 ], [ 120.921257913598851, 22.432102587830641 ], [ 120.920001573100009, 22.432068386260422 ], [ 120.919202077698571, 22.431942790670899 ], [ 120.918459694523207, 22.431919984877911 ], [ 120.918151315907551, 22.431840050419616 ], [ 120.917340411764258, 22.431931462093381 ], [ 120.916700834418705, 22.432159922084715 ], [ 120.916352032481399, 22.432197311820808 ], [ 120.917112749509428, 22.432919924665544 ], [ 120.917356423254063, 22.433270168935348 ], [ 120.91741735421283, 22.433574736697445 ], [ 120.917843799744915, 22.434473199293066 ], [ 120.918696660054152, 22.4357371255822 ], [ 120.919534275321297, 22.436711710368634 ], [ 120.920173905394805, 22.437396962766908 ], [ 120.92041756595799, 22.437518778934351 ], [ 120.920691713977078, 22.43817359247954 ], [ 120.921087693158057, 22.438904542647222 ], [ 120.92131613240781, 22.439148187892535 ], [ 120.921651202603286, 22.439955283796671 ], [ 120.922016728260715, 22.440741058225122 ], [ 120.922382247238502, 22.441411095749693 ], [ 120.922900089237586, 22.442766409971398 ], [ 120.923311311720155, 22.443756244551953 ], [ 120.923752997931246, 22.444867905931144 ], [ 120.924148987677086, 22.445781598569685 ], [ 120.924803877767474, 22.447015077628027 ], [ 120.925336912953952, 22.447761249487264 ], [ 120.925793802896308, 22.44844651098515 ], [ 120.925976568548137, 22.448888129522086 ], [ 120.926918826603824, 22.450278752765193 ], [ 120.927726008958132, 22.451664509611767 ], [ 120.928319990962365, 22.452989362935512 ], [ 120.928746439177857, 22.453933511122475 ], [ 120.92908149092915, 22.454420807675081 ], [ 120.929340389516611, 22.454710137010192 ], [ 120.928152626087652, 22.455532537443371 ], [ 120.927041004384591, 22.456354934080842 ], [ 120.926142580397766, 22.457192548620501 ], [ 120.925533482656249, 22.457816949162265 ], [ 120.924924393715258, 22.458593635105128 ], [ 120.924893958109251, 22.458959122010057 ], [ 120.925007270710921, 22.45894686610966 ] ] ] ] } },
{ "type": "Feature", "properties": { "番號": "143", "類型": null, "分區": "準要", "郡\n支廳": "〃", "庄 (區)": null, "大字": null, "地名": "Tabakasu社蕃地", "土地\n類型": "旱田、\n山林\n原野", "面積\n(公頃)": "193", "區分\n理由": "第八條\n第四號", "地        況": "大竹高溪下游右岸支流之右岸處，為西向緩坡地。基岩及土壤狀況等，與番號130相同。海拔高度在680公尺以下。\n東側及北側以稜線，與準要存置林野119相鄰。北側有部分區域以大竹高溪溪畔為界。西側以小溪與準要存置林野144鄰接。南側以稜線與準要存置林野120接壤。", "林        況": "同上", "參  考  事  項": "同番號119。\r" }, "geometry": { "type": "MultiPolygon", "coordinates": [ [ [ [ 120.924302964130263, 22.459023043967914 ], [ 120.924893958109251, 22.458959122010057 ], [ 120.924924393715258, 22.458593635105128 ], [ 120.925533482656249, 22.457816949162265 ], [ 120.926142580397766, 22.457192548620501 ], [ 120.927041004384591, 22.456354934080842 ], [ 120.928152626087652, 22.455532537443371 ], [ 120.929340389516611, 22.454710137010192 ], [ 120.92908149092915, 22.454420807675081 ], [ 120.928746439177857, 22.453933511122475 ], [ 120.928319990962365, 22.452989362935512 ], [ 120.927726008958132, 22.451664509611767 ], [ 120.926918826603824, 22.450278752765193 ], [ 120.925976568548137, 22.448888129522086 ], [ 120.925793802896308, 22.44844651098515 ], [ 120.925336912953952, 22.447761249487264 ], [ 120.924803877767474, 22.447015077628027 ], [ 120.924148987677086, 22.445781598569685 ], [ 120.923752997931246, 22.444867905931144 ], [ 120.923311311720155, 22.443756244551953 ], [ 120.922900089237586, 22.442766409971398 ], [ 120.922382247238502, 22.441411095749693 ], [ 120.922016728260715, 22.440741058225122 ], [ 120.921651202603286, 22.439955283796671 ], [ 120.92131613240781, 22.439148187892535 ], [ 120.921087693158057, 22.438904542647222 ], [ 120.920691713977078, 22.43817359247954 ], [ 120.92041756595799, 22.437518778934351 ], [ 120.920173905394805, 22.437396962766908 ], [ 120.919534275321297, 22.436711710368634 ], [ 120.918696660054152, 22.4357371255822 ], [ 120.917843799744915, 22.434473199293066 ], [ 120.91741735421283, 22.433574736697445 ], [ 120.917356423254063, 22.433270168935348 ], [ 120.917112749509428, 22.432919924665544 ], [ 120.916352032481399, 22.432197311820808 ], [ 120.915741454559296, 22.432262762567952 ], [ 120.914313801082784, 22.432331362186446 ], [ 120.913474053473763, 22.432339970113162 ], [ 120.913009057803961, 22.432250951424191 ], [ 120.91349666518407, 22.43273851257149 ], [ 120.913829833583833, 22.433576065665562 ], [ 120.914001184881371, 22.434137609538329 ], [ 120.914096369183952, 22.434261336680404 ], [ 120.914524738918303, 22.43551766987887 ], [ 120.914981677187328, 22.43704050110361 ], [ 120.915114936201093, 22.437230851209083 ], [ 120.915206962408078, 22.437605373528132 ], [ 120.915572507756252, 22.438732267265571 ], [ 120.915605262764601, 22.438975922273748 ], [ 120.916085013019213, 22.43996956058761 ], [ 120.916564763276369, 22.440963198899908 ], [ 120.916907441938974, 22.441671308921332 ], [ 120.916998835092741, 22.442071053540147 ], [ 120.917055984910604, 22.442824863424672 ], [ 120.91701136073064, 22.444714156409436 ], [ 120.917079981280054, 22.44632457110518 ], [ 120.917131406297727, 22.446832821066717 ], [ 120.917342726309386, 22.447295377429811 ], [ 120.917858650615955, 22.448405131549741 ], [ 120.918087105486833, 22.448919083379835 ], [ 120.918153744341822, 22.449176061669252 ], [ 120.918296207943868, 22.449437795093967 ], [ 120.918303842346759, 22.449788051135855 ], [ 120.918676968043854, 22.450328645691247 ], [ 120.918829259418033, 22.450465694952889 ], [ 120.918844499198656, 22.450663665213824 ], [ 120.918943497959873, 22.450914931185672 ], [ 120.919103404386703, 22.451067208607114 ], [ 120.919369905275246, 22.451150952278436 ], [ 120.919621178257742, 22.451242310979918 ], [ 120.919803935999724, 22.451546872661691 ], [ 120.91997906813306, 22.451653463702581 ], [ 120.920276030111026, 22.451813348553735 ], [ 120.920611062952986, 22.451973231505033 ], [ 120.920755739274469, 22.452095052605667 ], [ 120.920847123423783, 22.452338704686348 ], [ 120.920999411279169, 22.452414839786748 ], [ 120.921047958998443, 22.452542376386798 ], [ 120.921538137594453, 22.452823128131396 ], [ 120.921733264793858, 22.45306582325043 ], [ 120.921842741346637, 22.453460808044309 ], [ 120.921857034141183, 22.45374158353804 ], [ 120.921914153909114, 22.453974767706764 ], [ 120.922128317090952, 22.454226979712821 ], [ 120.922261577212595, 22.454436365487357 ], [ 120.922328208922934, 22.454569611887312 ], [ 120.922342492370618, 22.454688584143447 ], [ 120.922342501993668, 22.454855146299572 ], [ 120.922247353428261, 22.45535007860013 ], [ 120.922405868778, 22.45558636686803 ], [ 120.92266477001067, 22.455921381826862 ], [ 120.922778991841511, 22.456081275795988 ], [ 120.922763783733387, 22.456431532976143 ], [ 120.922779029677329, 22.456736103016059 ], [ 120.922862802296578, 22.457025441095375 ], [ 120.923106467265427, 22.457223399953399 ], [ 120.923258756440887, 22.457322377862166 ], [ 120.923296837424346, 22.457497504171702 ], [ 120.923304463476484, 22.457703089081381 ], [ 120.923258806599122, 22.45819040464189 ], [ 120.9233654195382, 22.458441670230659 ], [ 120.923555786177999, 22.458654860288426 ], [ 120.92375376259038, 22.458791907266153 ], [ 120.923822297185723, 22.45891373216514 ], [ 120.923845071031124, 22.459042742219694 ], [ 120.924302964130263, 22.459023043967914 ] ] ] ] } },
{ "type": "Feature", "properties": { "番號": "144", "類型": "蕃", "分區": "準要", "郡\n支廳": "〃", "庄 (區)": null, "大字": null, "地名": "〃", "土地\n類型": "旱田、\n山林\n原野", "面積\n(公頃)": "435", "區分\n理由": "第八條\n第二號", "地        況": "位於大竹高溪下游右岸，為北向緩坡地。基岩及土壤狀況等，與番號130相同。海拔高度在850公尺以下。\n東側以小溪與準要存置林野143相鄰。北側以大竹高溪溪畔為界。西側以稜線，與要存置林野45及44鄰接。南側以稜線與準要存置林野120接壤。", "林        況": "同上", "參  考  事  項": "本地域內認定為必須保留的蕃人所要地，乃針對現居於此的Jiyakobu、Tokoboru兩社共145名的蕃人。人均面積為3公頃。\r" }, "geometry": { "type": "MultiPolygon", "coordinates": [ [ [ [ 120.918973061856462, 22.459346916511436 ], [ 120.921866434886397, 22.459127861810298 ], [ 120.923845071031124, 22.459042742219694 ], [ 120.923822297185723, 22.45891373216514 ], [ 120.92375376259038, 22.458791907266153 ], [ 120.923555786177999, 22.458654860288426 ], [ 120.9233654195382, 22.458441670230659 ], [ 120.923258806599122, 22.45819040464189 ], [ 120.923304463476484, 22.457703089081381 ], [ 120.923296837424346, 22.457497504171702 ], [ 120.923258756440887, 22.457322377862166 ], [ 120.923106467265427, 22.457223399953399 ], [ 120.922862802296578, 22.457025441095375 ], [ 120.922779029677329, 22.456736103016059 ], [ 120.922763783733387, 22.456431532976143 ], [ 120.922778991841511, 22.456081275795988 ], [ 120.92266477001067, 22.455921381826862 ], [ 120.922405868778, 22.45558636686803 ], [ 120.922247353428261, 22.45535007860013 ], [ 120.922342501993668, 22.454855146299572 ], [ 120.922342492370618, 22.454688584143447 ], [ 120.922328208922934, 22.454569611887312 ], [ 120.922261577212595, 22.454436365487357 ], [ 120.922128317090952, 22.454226979712821 ], [ 120.921914153909114, 22.453974767706764 ], [ 120.921857034141183, 22.45374158353804 ], [ 120.921842741346637, 22.453460808044309 ], [ 120.921733264793858, 22.45306582325043 ], [ 120.921538137594453, 22.452823128131396 ], [ 120.921047958998443, 22.452542376386798 ], [ 120.920999411279169, 22.452414839786748 ], [ 120.920847123423783, 22.452338704686348 ], [ 120.920755739274469, 22.452095052605667 ], [ 120.920611062952986, 22.451973231505033 ], [ 120.920276030111026, 22.451813348553735 ], [ 120.91997906813306, 22.451653463702581 ], [ 120.919803935999724, 22.451546872661691 ], [ 120.919621178257742, 22.451242310979918 ], [ 120.919369905275246, 22.451150952278436 ], [ 120.919103404386703, 22.451067208607114 ], [ 120.918943497959873, 22.450914931185672 ], [ 120.918844499198656, 22.450663665213824 ], [ 120.918829259418033, 22.450465694952889 ], [ 120.918676968043854, 22.450328645691247 ], [ 120.918303842346759, 22.449788051135855 ], [ 120.918296207943868, 22.449437795093967 ], [ 120.918153744341822, 22.449176061669252 ], [ 120.918087105486833, 22.448919083379835 ], [ 120.917858650615955, 22.448405131549741 ], [ 120.917342726309386, 22.447295377429811 ], [ 120.917131406297727, 22.446832821066717 ], [ 120.917079981280054, 22.44632457110518 ], [ 120.91701136073064, 22.444714156409436 ], [ 120.917055984910604, 22.442824863424672 ], [ 120.916998835092741, 22.442071053540147 ], [ 120.916907441938974, 22.441671308921332 ], [ 120.916564763276369, 22.440963198899908 ], [ 120.916085013019213, 22.43996956058761 ], [ 120.915605262764601, 22.438975922273748 ], [ 120.915572507756252, 22.438732267265571 ], [ 120.915206962408078, 22.437605373528132 ], [ 120.915114936201093, 22.437230851209083 ], [ 120.914981677187328, 22.43704050110361 ], [ 120.914524738918303, 22.43551766987887 ], [ 120.914096369183952, 22.434261336680404 ], [ 120.914001184881371, 22.434137609538329 ], [ 120.913829833583833, 22.433576065665562 ], [ 120.91349666518407, 22.43273851257149 ], [ 120.913009057803961, 22.432250951424191 ], [ 120.91293724834604, 22.432237204234234 ], [ 120.912286232599627, 22.43216870826549 ], [ 120.910847153237924, 22.432157358618039 ], [ 120.910104771365638, 22.432157395635929 ], [ 120.90957938947011, 22.432088893402323 ], [ 120.908460106027903, 22.432088949213888 ], [ 120.906861130994429, 22.432111871755232 ], [ 120.90546773335754, 22.432043412803836 ], [ 120.904279917073026, 22.431952100790291 ], [ 120.903788797631236, 22.431860754036805 ], [ 120.903583209683376, 22.431769393045396 ], [ 120.903080665685849, 22.431620939834531 ], [ 120.902418218119607, 22.43136970194816 ], [ 120.902187863198492, 22.431256765206538 ], [ 120.90216834257501, 22.431274646054518 ], [ 120.902082610959667, 22.431263467886442 ], [ 120.9018789396046, 22.431257973349197 ], [ 120.901904520621244, 22.431902961253403 ], [ 120.90181320722111, 22.432885206669734 ], [ 120.90174478050497, 22.434632685107275 ], [ 120.901624932604321, 22.435937903913164 ], [ 120.901663078729996, 22.437241845795523 ], [ 120.901710754115413, 22.438745661798155 ], [ 120.901834571789593, 22.440258991841635 ], [ 120.902007227808014, 22.441438465423115 ], [ 120.90195023493041, 22.44340295000254 ], [ 120.901973136144008, 22.444419453945443 ], [ 120.902224451344694, 22.445241782599869 ], [ 120.901984612143949, 22.445367430025915 ], [ 120.901641969073495, 22.445276075877469 ], [ 120.90092240464287, 22.444842098369481 ], [ 120.900534054109244, 22.4443624187141 ], [ 120.900202834935726, 22.444316749616657 ], [ 120.898615278494503, 22.444293986009068 ], [ 120.897290410366324, 22.444259787890285 ], [ 120.896013856082547, 22.444211127618008 ], [ 120.896700999454751, 22.445017516636678 ], [ 120.897624527540131, 22.445983213853278 ], [ 120.89839360213314, 22.446729373977234 ], [ 120.899398716976492, 22.447490750862453 ], [ 120.900091630487637, 22.447901886887067 ], [ 120.900327691406048, 22.44827497435514 ], [ 120.901599332216051, 22.449554108317631 ], [ 120.902253294910906, 22.450110171226807 ], [ 120.903328875491368, 22.45147116837088 ], [ 120.905190882627892, 22.453268915703699 ], [ 120.905929965219485, 22.453906384440192 ], [ 120.906023207896823, 22.453727807944968 ], [ 120.906384850327399, 22.453194790976564 ], [ 120.906518115952309, 22.45349935513628 ], [ 120.906765601322348, 22.453927645487155 ], [ 120.906803692533543, 22.454279803585855 ], [ 120.906917944722721, 22.454965082207575 ], [ 120.907232051359614, 22.455345780043213 ], [ 120.907249252154585, 22.455476879162394 ], [ 120.907599180326599, 22.455702152411174 ], [ 120.908008454228394, 22.455911524414965 ], [ 120.908493875359937, 22.456216070995485 ], [ 120.90909351953627, 22.456701450792568 ], [ 120.910226170124673, 22.457434267765045 ], [ 120.911139901137346, 22.457957703231664 ], [ 120.912139291045165, 22.458471616582727 ], [ 120.912824581464861, 22.458728563992711 ], [ 120.914928034148886, 22.459375671953403 ], [ 120.916098713787719, 22.45938513135027 ], [ 120.918973061856462, 22.459346916511436 ] ] ] ] } },
{ "type": "Feature", "properties": { "番號": "152", "類型": "蕃", "分區": "準要", "郡\n支廳": "大武", "庄 (區)": null, "大字": null, "地名": "Kinabayan社蕃地", "土地\n類型": "旱田、\n山林\n原野", "面積\n(公頃)": "250", "區分\n理由": "第八條\n第二號", "地        況": "大竹高溪上游左岸，為南向或西向緩坡地。基岩及土壤狀況等，與番號130相同。海拔高度介於390至940公尺。\n東側以小溪與要存置林野51相鄰。北側以稜線與要存置林野52鄰接。西側以溪流與準要存置林野151接壤。南側以大竹高溪溪畔為界。", "林        況": "同上", "參  考  事  項": "同上\r" }, "geometry": { "type": "MultiPolygon", "coordinates": [ [ [ [ 120.839993552595431, 22.466453875453013 ], [ 120.841615330783497, 22.465745667222421 ], [ 120.843122905597482, 22.465197364398314 ], [ 120.845018790748, 22.46443203545472 ], [ 120.847211622083137, 22.463552477620855 ], [ 120.848239563992337, 22.464043546785945 ], [ 120.849895719509789, 22.465299818836325 ], [ 120.8508114515747, 22.466145481139609 ], [ 120.850819059628193, 22.465927018348896 ], [ 120.850845522959915, 22.465167132386586 ], [ 120.850651290866125, 22.463945051556809 ], [ 120.850308580400309, 22.46268871392067 ], [ 120.849830702503382, 22.461158269268768 ], [ 120.849556545581621, 22.460351170209027 ], [ 120.849267173515713, 22.459772500044565 ], [ 120.849175755897392, 22.458950163317912 ], [ 120.848977731041359, 22.457975546489308 ], [ 120.848673112150124, 22.457077077693835 ], [ 120.848398933238073, 22.455889265071981 ], [ 120.848155201348249, 22.454533936963458 ], [ 120.848139877973054, 22.452889255148008 ], [ 120.847835593522134, 22.450319182541122 ], [ 120.846711820588567, 22.450362880946546 ], [ 120.84487299179041, 22.45026398719142 ], [ 120.844187712147644, 22.450195492950588 ], [ 120.842554471102687, 22.450184153054074 ], [ 120.840749915746969, 22.450252771556237 ], [ 120.839128107825957, 22.450447016415648 ], [ 120.837015183010422, 22.450595600159485 ], [ 120.835136584114039, 22.450739175344189 ], [ 120.833857417981321, 22.451001931550223 ], [ 120.833274949469995, 22.451276074392627 ], [ 120.832989450919172, 22.451847158999659 ], [ 120.832943831199898, 22.452977880585841 ], [ 120.832841111115641, 22.4542113976877 ], [ 120.832692655831664, 22.454576890127843 ], [ 120.832612717559002, 22.454759636633064 ], [ 120.832370205069026, 22.454747317474382 ], [ 120.832522308078978, 22.45532518179019 ], [ 120.832826923458484, 22.456162736444565 ], [ 120.833436092618115, 22.456771847750666 ], [ 120.833847288841525, 22.457304826224391 ], [ 120.834167111451691, 22.457776895087356 ], [ 120.834273736297192, 22.458233746050929 ], [ 120.834228099658446, 22.459071318188666 ], [ 120.834334730667436, 22.459634768952185 ], [ 120.83456318494774, 22.460137299461582 ], [ 120.834822091525226, 22.460563685735501 ], [ 120.835004863400755, 22.461111904153867 ], [ 120.835339901160211, 22.461355544111242 ], [ 120.835385630221751, 22.462116968972197 ], [ 120.835766378558006, 22.462802234389887 ], [ 120.83614711016827, 22.46319815749289 ], [ 120.836177598559615, 22.463746383513989 ], [ 120.836756311911614, 22.46437072487246 ], [ 120.837609125856915, 22.464827538570255 ], [ 120.83802030359999, 22.465040717636253 ], [ 120.838239611610405, 22.465382968184233 ], [ 120.838376701088265, 22.465976874508048 ], [ 120.838639415198585, 22.466410874858294 ], [ 120.839104165996389, 22.466994227314675 ], [ 120.839993552595431, 22.466453875453013 ] ] ] ] } },
{ "type": "Feature", "properties": { "番號": "150", "類型": "蕃", "分區": "準要", "郡\n支廳": "〃", "庄 (區)": null, "大字": null, "地名": "〃", "土地\n類型": "旱田、\n山林\n原野", "面積\n(公頃)": "174", "區分\n理由": "同上", "地        況": "介於大竹高溪上游左岸與其支流右岸之間，為東向緩坡地。基岩及土壤狀況等，與番號130相同。海拔高度介於425至1,210公尺。\n東側以小溪溪畔，其中有部分以小溪，與準要存置林野151及要存置林野54相鄰。北側及西側以稜線，與要存置林野54及55鄰接。南側則以大竹高溪溪畔為界。", "林        況": "同上", "參  考  事  項": "同上\r" }, "geometry": { "type": "MultiPolygon", "coordinates": [ [ [ [ 120.815476326342875, 22.46898325863658 ], [ 120.816641266023254, 22.468480658512188 ], [ 120.81804602710811, 22.467544032922838 ], [ 120.818982526351633, 22.466778751840032 ], [ 120.819416507894587, 22.466321873862338 ], [ 120.820809866205479, 22.465705048266685 ], [ 120.821986238364744, 22.465396611514215 ], [ 120.824510298962224, 22.464734043828834 ], [ 120.826246297097697, 22.464151465357286 ], [ 120.827660793956213, 22.463557124618479 ], [ 120.828012903310309, 22.462757608520899 ], [ 120.828307899204518, 22.461834363364002 ], [ 120.828897930061174, 22.460663639652196 ], [ 120.829478439352513, 22.459426291543586 ], [ 120.829753739691583, 22.458911137477255 ], [ 120.82977345670956, 22.458874242128747 ], [ 120.830072297767387, 22.458609631273522 ], [ 120.83007226212203, 22.457992875282738 ], [ 120.829935175956891, 22.457456075985075 ], [ 120.829523980169014, 22.456930711778782 ], [ 120.829364061382165, 22.456565234729503 ], [ 120.829353910249964, 22.456251108877353 ], [ 120.829055076023153, 22.456170358021112 ], [ 120.828655313378562, 22.455850578573596 ], [ 120.828541037401351, 22.454754129178696 ], [ 120.828586680211686, 22.454023156834428 ], [ 120.82895210581691, 22.453075161790657 ], [ 120.829111969828062, 22.452492662040804 ], [ 120.828963459110753, 22.451898756276098 ], [ 120.82839238612064, 22.451727463670384 ], [ 120.827410160239438, 22.451773198324133 ], [ 120.826564988839124, 22.451807504730144 ], [ 120.826034385696644, 22.451974569295587 ], [ 120.825623240063507, 22.452317232036947 ], [ 120.824755235373871, 22.452511439287022 ], [ 120.823818693872326, 22.45254575025518 ], [ 120.823110599385274, 22.452956956265254 ], [ 120.822219760085801, 22.45328822154654 ], [ 120.821294649079519, 22.453482431650404 ], [ 120.82046280794421, 22.453611439898623 ], [ 120.81846411083454, 22.45402271033679 ], [ 120.817935319770882, 22.454072311794395 ], [ 120.817950121918457, 22.454950032289204 ], [ 120.817995864167301, 22.45593988532606 ], [ 120.817630475306203, 22.457523672081514 ], [ 120.81741736026639, 22.458939937260162 ], [ 120.817265129583234, 22.459853657467423 ], [ 120.817128113168238, 22.460523720220639 ], [ 120.816945422269498, 22.461376527776896 ], [ 120.816732288759567, 22.462472993549863 ], [ 120.816207018989445, 22.464346130631437 ], [ 120.815670309476999, 22.465899468875623 ], [ 120.815202163210387, 22.468069559715445 ], [ 120.815086606572152, 22.468941075793079 ], [ 120.815053751530741, 22.469188865082206 ], [ 120.815476326342875, 22.46898325863658 ] ] ] ] } },
{ "type": "Feature", "properties": { "番號": "153", "類型": "蕃", "分區": "準要", "郡\n支廳": "〃", "庄 (區)": null, "大字": null, "地名": "Paribugai社蕃地", "土地\n類型": "旱田、\n山林\n原野", "面積\n(公頃)": "187", "區分\n理由": "同上", "地        況": "介於大竹高溪中游左岸之二支流之間，為東向緩坡地。基岩及土壤狀況等，與番號130相同。海拔高度介於210至1,000公尺。\n東側以溪流，與準要存置林野154及要存置林野48相鄰。北側以溪流，西側以稜線與要存置林野50鄰接。南側則以大竹高溪溪畔為界。", "林        況": "同上", "參  考  事  項": "同番號145。\r" }, "geometry": { "type": "MultiPolygon", "coordinates": [ [ [ [ 120.860008917593362, 22.470178078678913 ], [ 120.860654208268244, 22.469995303942344 ], [ 120.861413705276689, 22.469704020139474 ], [ 120.862470134592243, 22.469058657903762 ], [ 120.862902228541344, 22.468878431908301 ], [ 120.863720724717354, 22.468402499090054 ], [ 120.864634393112908, 22.467840900971844 ], [ 120.865462397098568, 22.467193646585493 ], [ 120.865690815160136, 22.467069903274712 ], [ 120.866347499683556, 22.466413139608349 ], [ 120.866985163630389, 22.466013358538859 ], [ 120.868174839771484, 22.465347050421574 ], [ 120.868869618824689, 22.465099551921515 ], [ 120.869421631017858, 22.464833024874128 ], [ 120.869970621197922, 22.464605629546796 ], [ 120.869969291678984, 22.464552570875156 ], [ 120.870272401909219, 22.464049823503647 ], [ 120.87048556356109, 22.463440671188476 ], [ 120.870531230997301, 22.46313609807271 ], [ 120.870729181909326, 22.462831517353312 ], [ 120.870972820504832, 22.462572619978292 ], [ 120.871125084614064, 22.462237584457181 ], [ 120.871185982159332, 22.461963467665186 ], [ 120.871551453697379, 22.461811164000061 ], [ 120.872008286517499, 22.461506570356509 ], [ 120.8725260256859, 22.461080145339267 ], [ 120.873119926835912, 22.461003972978883 ], [ 120.87359199504445, 22.460821206909717 ], [ 120.873850857586675, 22.460486166069529 ], [ 120.873957431373896, 22.460059761582759 ], [ 120.874505643079161, 22.459907448796926 ], [ 120.874991428428203, 22.459774933852824 ], [ 120.875008170621967, 22.459770366833933 ], [ 120.875218177776048, 22.459473843954076 ], [ 120.875456094850279, 22.459026493667398 ], [ 120.875665473625361, 22.458836126444925 ], [ 120.875798695812378, 22.45838878138553 ], [ 120.875874819947796, 22.458084206754084 ], [ 120.876065162188993, 22.457874804805886 ], [ 120.876236469546313, 22.457674921646237 ], [ 120.876379211651852, 22.457265647466823 ], [ 120.876531484125152, 22.457075283096323 ], [ 120.876931215042475, 22.456846835019512 ], [ 120.877178669086206, 22.456732608605705 ], [ 120.877235753114164, 22.456347133299452 ], [ 120.877207162565213, 22.455699921712924 ], [ 120.876902573620811, 22.455319223379131 ], [ 120.876816898218848, 22.45504321034095 ], [ 120.876835906156458, 22.454567317470321 ], [ 120.876883465596222, 22.454062869659502 ], [ 120.87672165175816, 22.453843967451942 ], [ 120.87664548912538, 22.453482293392984 ], [ 120.876731130982705, 22.453177718288654 ], [ 120.876778699222839, 22.452825555892488 ], [ 120.876782477166969, 22.452321110267405 ], [ 120.876496919921593, 22.451875689680676 ], [ 120.876496892210028, 22.451395990625329 ], [ 120.876645349462876, 22.451064762439156 ], [ 120.875896793080955, 22.450951355930226 ], [ 120.874252106051358, 22.450509810305267 ], [ 120.872576940329438, 22.449687552658808 ], [ 120.871754582295736, 22.449215508907436 ], [ 120.871221567262253, 22.448819593423874 ], [ 120.870688560144771, 22.448560734814023 ], [ 120.869698694682981, 22.448164842126353 ], [ 120.868426152045117, 22.44775214869443 ], [ 120.867984789533381, 22.447578302378268 ], [ 120.86801049380783, 22.448623304037518 ], [ 120.868058152764121, 22.449841584998037 ], [ 120.868286656051325, 22.451193106673809 ], [ 120.868600817699971, 22.452525588397112 ], [ 120.868705533485169, 22.452887261037159 ], [ 120.868551537691189, 22.454137873056975 ], [ 120.868427882158144, 22.455432305279476 ], [ 120.868370838551741, 22.456517341728752 ], [ 120.868351846567464, 22.457269251927599 ], [ 120.86822814539407, 22.457773703549723 ], [ 120.868037810849984, 22.458116355242151 ], [ 120.867590491888862, 22.458354323539222 ], [ 120.866933779846221, 22.458535195258118 ], [ 120.865991542883947, 22.458830295296224 ], [ 120.865130211662716, 22.459214422745777 ], [ 120.863940545400908, 22.460052051946526 ], [ 120.863217232436938, 22.460632676221795 ], [ 120.862179866157078, 22.461755832989098 ], [ 120.861808725793864, 22.46263149268761 ], [ 120.861513735975933, 22.463659434005923 ], [ 120.861338104536941, 22.464520212322086 ], [ 120.861109734344836, 22.46547200760633 ], [ 120.860843271273836, 22.466043091241829 ], [ 120.860481625526049, 22.466519001243338 ], [ 120.859824943745565, 22.467223354112321 ], [ 120.859028267136495, 22.467840070542273 ], [ 120.85828117034275, 22.468601534964844 ], [ 120.857377039742047, 22.469510533736511 ], [ 120.857205735963021, 22.46977228286239 ], [ 120.857243812887859, 22.469876977188608 ], [ 120.857538866534199, 22.469953105162713 ], [ 120.858124212490608, 22.470062531073456 ], [ 120.858803980175949, 22.470275220819495 ], [ 120.859369332924445, 22.470280903284568 ], [ 120.860008917593362, 22.470178078678913 ] ] ] ] } },
{ "type": "Feature", "properties": { "番號": "154", "類型": "蕃", "分區": "準要", "郡\n支廳": "〃", "庄 (區)": null, "大字": null, "地名": "Toabaru社蕃地", "土地\n類型": "旱田、\n山林\n原野", "面積\n(公頃)": "511", "區分\n理由": "同上", "地        況": "大竹高溪中游左岸，為南向緩坡地。基岩及土壤狀況等，與番號130相同。海拔高度介於91至727公尺。\n東側、北側及西側部分與要存置林野48連接。西側部分則與準要存置林野153接壤。南側以大竹高溪溪畔為界。", "林        況": "同上", "參  考  事  項": "(1) 同上\n(2) 設有Toabaru警察官吏駐在所。" }, "geometry": { "type": "MultiPolygon", "coordinates": [ [ [ [ 120.874160459962567, 22.473225825105757 ], [ 120.876273365413184, 22.472746020497205 ], [ 120.877392642333561, 22.472631750525139 ], [ 120.877826642303631, 22.472494671971667 ], [ 120.878386280762257, 22.472437536986142 ], [ 120.880293608129961, 22.47203769249802 ], [ 120.88169840663987, 22.471752087175531 ], [ 120.883480107395755, 22.47147788443521 ], [ 120.885730083116314, 22.471260765338247 ], [ 120.88804431045844, 22.471165471364642 ], [ 120.889917404386253, 22.47129101327338 ], [ 120.892829820418982, 22.471199496558622 ], [ 120.893298042542497, 22.47034286773513 ], [ 120.89405177305251, 22.469086475451174 ], [ 120.89438296119404, 22.468595338461583 ], [ 120.895821960703344, 22.467224697905653 ], [ 120.896546879184797, 22.466429160795457 ], [ 120.897186419556334, 22.465561102025102 ], [ 120.898435061217427, 22.464129556830162 ], [ 120.899653273477085, 22.463170097929542 ], [ 120.901099895968983, 22.461951742436991 ], [ 120.901633819894613, 22.461606218261245 ], [ 120.903750451779274, 22.459733002081293 ], [ 120.905425484504576, 22.458255750019923 ], [ 120.905758817403935, 22.457622065599001 ], [ 120.90555807286421, 22.457635458811371 ], [ 120.903479360697773, 22.45689317121839 ], [ 120.899927286866799, 22.455819736400645 ], [ 120.898648087944409, 22.455511422299516 ], [ 120.897505950076066, 22.455305894006656 ], [ 120.896603671861897, 22.45532878185368 ], [ 120.894570682308739, 22.455237512081869 ], [ 120.893531345008242, 22.45519187833612 ], [ 120.892236455493574, 22.45511998811233 ], [ 120.891619706129887, 22.455097176084994 ], [ 120.890854465206345, 22.454811679136061 ], [ 120.890340501242619, 22.454686069325767 ], [ 120.889312557476046, 22.454160735965399 ], [ 120.888718620274446, 22.453612538129708 ], [ 120.888181794652496, 22.453155708689401 ], [ 120.88778203536981, 22.452893036306598 ], [ 120.887325179023705, 22.452790266455128 ], [ 120.886925426998545, 22.45265322953599 ], [ 120.886308671688553, 22.452527624852753 ], [ 120.88520080548588, 22.452459151709352 ], [ 120.884401309349116, 22.452322134739703 ], [ 120.882333679740228, 22.451896790558965 ], [ 120.87967663163009, 22.451571730355173 ], [ 120.878163294828539, 22.451229163699445 ], [ 120.876645349462876, 22.451064762439156 ], [ 120.876496892210028, 22.451395990625329 ], [ 120.876496919921593, 22.451875689680676 ], [ 120.876782477166969, 22.452321110267405 ], [ 120.876778699222839, 22.452825555892488 ], [ 120.876731130982705, 22.453177718288654 ], [ 120.87664548912538, 22.453482293392984 ], [ 120.87672165175816, 22.453843967451942 ], [ 120.876883465596222, 22.454062869659502 ], [ 120.876835906156458, 22.454567317470321 ], [ 120.876816898218848, 22.45504321034095 ], [ 120.876902573620811, 22.455319223379131 ], [ 120.877207162565213, 22.455699921712924 ], [ 120.877235753114164, 22.456347133299452 ], [ 120.877178669086206, 22.456732608605705 ], [ 120.876931215042475, 22.456846835019512 ], [ 120.876531484125152, 22.457075283096323 ], [ 120.876379211651852, 22.457265647466823 ], [ 120.876236469546313, 22.457674921646237 ], [ 120.876065162188993, 22.457874804805886 ], [ 120.875874819947796, 22.458084206754084 ], [ 120.875798695812378, 22.45838878138553 ], [ 120.875665473625361, 22.458836126444925 ], [ 120.875456094850279, 22.459026493667398 ], [ 120.875218177776048, 22.459473843954076 ], [ 120.875008170621967, 22.459770366833933 ], [ 120.874991428428203, 22.459774933852824 ], [ 120.874954900908335, 22.460006364298817 ], [ 120.874600864935744, 22.460406131191572 ], [ 120.874623739803766, 22.460965778953945 ], [ 120.87442961006208, 22.461514016145149 ], [ 120.874167012177097, 22.46309018331673 ], [ 120.873767361154123, 22.464700621554126 ], [ 120.873527605146108, 22.466265366185553 ], [ 120.873150775527805, 22.467510318289261 ], [ 120.872881026456838, 22.468862911802457 ], [ 120.872709749817574, 22.469593890360738 ], [ 120.872778433265182, 22.47228933882257 ], [ 120.87293840490058, 22.47356852834103 ], [ 120.874160459962567, 22.473225825105757 ] ] ] ] } },
{ "type": "Feature", "properties": { "番號": "118", "類型": null, "分區": "準要", "郡\n支廳": "大武", "庄 (區)": "太麻里", "大字": "大得吉", "地名": null, "土地\n類型": "旱田、\n山林\n原野", "面積\n(公頃)": "92", "區分\n理由": "第八條\n第四號", "地        況": "大竹高溪下游左岸之南向緩坡地。基岩及土壤狀況等，與番號115相同。海拔高度在454公尺以下。\n東側以小溪與要存置林野11及準要存置林野117相鄰。西側以稜線與準要存置林野156鄰接。南側則以大竹高溪溪畔為界。", "林        況": "同番號104。", "參  考  事  項": "(1) 同番號104之 (1)。\n(2) 本區域與番號119、120、121、143是認定為必須保留的蕃人所要地，乃針對行政區內的大竹高社183名、甘那壁的鴿子籠社33名。兩社總計520名蕃人。人均面積為2.365公頃。" }, "geometry": { "type": "MultiPolygon", "coordinates": [ [ [ [ 120.940634958145324, 22.475539106620769 ], [ 120.940223691101565, 22.473780230836429 ], [ 120.940147533523671, 22.47350612092696 ], [ 120.939888599698023, 22.472607650021963 ], [ 120.9397666936798, 22.471237087543997 ], [ 120.939740737247774, 22.470056877019761 ], [ 120.939592185599565, 22.468754844301671 ], [ 120.939397985900385, 22.468092412526602 ], [ 120.939312759103345, 22.46734447340496 ], [ 120.939213735242532, 22.466659194067471 ], [ 120.939237279275531, 22.46658339918104 ], [ 120.939328620293068, 22.466080852813484 ], [ 120.939450815411689, 22.465592819607274 ], [ 120.939572618842774, 22.465189257226601 ], [ 120.939633461799787, 22.46397097102302 ], [ 120.939595323600059, 22.462805989650612 ], [ 120.939511535136106, 22.462242537870136 ], [ 120.939511516528782, 22.461920594052881 ], [ 120.939113176059678, 22.461738043728044 ], [ 120.937971040282449, 22.461566779676989 ], [ 120.934240096283574, 22.461576483775456 ], [ 120.929262335877169, 22.461662392820791 ], [ 120.927587229436995, 22.461862351035663 ], [ 120.926930170771442, 22.461905898380468 ], [ 120.926607650874175, 22.462188137270125 ], [ 120.926422903054458, 22.462336756808106 ], [ 120.927381635536122, 22.463492375485984 ], [ 120.927960341710204, 22.463994888410305 ], [ 120.928630427639874, 22.464664910710059 ], [ 120.930305628379529, 22.466096309815057 ], [ 120.932148335633357, 22.467436329307571 ], [ 120.933777824039424, 22.468395645944199 ], [ 120.93505706578722, 22.469446351304729 ], [ 120.937128232552809, 22.471380272412731 ], [ 120.938009635382741, 22.472458599358635 ], [ 120.939159451170667, 22.473768196340504 ], [ 120.940164611336556, 22.475313842907422 ], [ 120.940499656064659, 22.47567931112247 ], [ 120.940671731376668, 22.475916750540186 ], [ 120.940634958145324, 22.475539106620769 ] ] ] ] } },
{ "type": "Feature", "properties": { "番號": "155", "類型": "蕃", "分區": "準要", "郡\n支廳": "大武", "庄 (區)": null, "大字": null, "地名": "Raripa社蕃地", "土地\n類型": "旱田、\n山林\n原野", "面積\n(公頃)": "282", "區分\n理由": "第八條\n第二號", "地        況": "介於大竹高溪下游左岸之二支流之間，為南向緩坡地。基岩及土壤狀況等，與番號130相同。海拔高度介於30至515公尺。\n東側以小溪與準要存置林野156相鄰。北側以溪流，其中一部分以蕃社界，與準要存置林野158鄰接。西側及南側則以溪畔為界。", "林        況": "同上", "參  考  事  項": "本地與番號158、159、161同樣獲認定為必須保留的蕃人所要地，乃針對現居住於此的大板鹿、Raripa、Tokotowan、Kakerabuchiyan、Chiyokozoru 5社381名的蕃人。人均面積為2.895公頃。\r" }, "geometry": { "type": "MultiPolygon", "coordinates": [ [ [ [ 120.934865885008463, 22.4820340180569 ], [ 120.935336443596768, 22.482047971687216 ], [ 120.935213094909258, 22.481411399305273 ], [ 120.934881814963774, 22.480314960987748 ], [ 120.934584784922052, 22.478978671455486 ], [ 120.934409736371023, 22.478260400737721 ], [ 120.934162223455772, 22.477356218549062 ], [ 120.93412414048025, 22.477146828028545 ], [ 120.93408604484172, 22.476718527248355 ], [ 120.934038446353156, 22.476547208552844 ], [ 120.933895669055573, 22.476347341099565 ], [ 120.933819487140383, 22.475652542774405 ], [ 120.933562468077284, 22.474948235644938 ], [ 120.933686152140211, 22.474148731124938 ], [ 120.933524331706138, 22.473815614898626 ], [ 120.933362499162016, 22.473273106250016 ], [ 120.933400544704398, 22.472835283829237 ], [ 120.933343421897007, 22.472549751560344 ], [ 120.933124498472381, 22.472273745210202 ], [ 120.933057844189136, 22.471750267482001 ], [ 120.932934094620407, 22.471417149353684 ], [ 120.932632675016023, 22.470980137040161 ], [ 120.932328104809315, 22.470923045227188 ], [ 120.932137733432228, 22.47062800177499 ], [ 120.931909289541068, 22.470304406711858 ], [ 120.931756993430241, 22.47008550405728 ], [ 120.931480969766199, 22.469914196768745 ], [ 120.931376263885468, 22.469723845249337 ], [ 120.931271553051886, 22.469447833193243 ], [ 120.931214434099502, 22.469228925785067 ], [ 120.930976476895964, 22.468981473895454 ], [ 120.930671903386596, 22.468867275056429 ], [ 120.930538637204819, 22.468553193076328 ], [ 120.930262606386577, 22.468258153900138 ], [ 120.93009128034798, 22.468134430569137 ], [ 120.929767674708117, 22.468077339704546 ], [ 120.929529721907144, 22.467906030513213 ], [ 120.929253694390738, 22.467668098360907 ], [ 120.929139461990559, 22.467325461916818 ], [ 120.928938977067588, 22.46701356446318 ], [ 120.928653433486289, 22.466804186297683 ], [ 120.928501136826625, 22.466575765803444 ], [ 120.928282203500231, 22.466128438374788 ], [ 120.928063274026059, 22.465747735807891 ], [ 120.927777732645822, 22.465576428991195 ], [ 120.927263751228438, 22.465148151968684 ], [ 120.927254221958307, 22.464948277857413 ], [ 120.927159034345621, 22.464767443697962 ], [ 120.926806859600873, 22.464434336970346 ], [ 120.926568904599137, 22.464224956426623 ], [ 120.926416616743225, 22.46414882133033 ], [ 120.926188168454075, 22.463749083561893 ], [ 120.926140564470117, 22.463482586488581 ], [ 120.925732061719259, 22.462892500959359 ], [ 120.926422903054458, 22.462336756808106 ], [ 120.926607650874175, 22.462188137270125 ], [ 120.926930170771442, 22.461905898380468 ], [ 120.926150059836814, 22.461957601160929 ], [ 120.924741449981099, 22.46216706391121 ], [ 120.923618371599858, 22.462376512407495 ], [ 120.921857627698401, 22.4629571884069 ], [ 120.920791677612769, 22.463547347558549 ], [ 120.919649602302414, 22.464423045642754 ], [ 120.919030994773834, 22.465184503541995 ], [ 120.918688391108802, 22.465774626583766 ], [ 120.918241084313721, 22.466221987289721 ], [ 120.916994391719257, 22.468439705726993 ], [ 120.916366308307943, 22.469924519777667 ], [ 120.91609986949581, 22.470914388208644 ], [ 120.915624093773843, 22.472817979521253 ], [ 120.915205380870361, 22.473969658805203 ], [ 120.914837651354958, 22.47472605071966 ], [ 120.915189970467239, 22.474839277890819 ], [ 120.915566936109769, 22.475947135376732 ], [ 120.916035263902359, 22.476917931433377 ], [ 120.916435049604928, 22.477637459996174 ], [ 120.916720565231529, 22.477363332004654 ], [ 120.917565723226204, 22.477100597460417 ], [ 120.91899338196076, 22.477123368948813 ], [ 120.919952779632553, 22.477328906314007 ], [ 120.921471838825866, 22.477877057874572 ], [ 120.922682535909942, 22.478630810130937 ], [ 120.923687639755201, 22.479201830173299 ], [ 120.925126764000538, 22.479989835225926 ], [ 120.925690705643248, 22.480283194393508 ], [ 120.926014312940225, 22.480368838763333 ], [ 120.926204674417278, 22.480492561140679 ], [ 120.926909003015467, 22.480797096751953 ], [ 120.927384900374022, 22.480996947562922 ], [ 120.928498497360692, 22.481415676773871 ], [ 120.929317044603636, 22.481824902888466 ], [ 120.929897632978751, 22.481958123603583 ], [ 120.930630503153594, 22.482062783197154 ], [ 120.932857648643676, 22.482062671913848 ], [ 120.934865885008463, 22.4820340180569 ] ] ] ] } },
{ "type": "Feature", "properties": { "番號": "156", "類型": "蕃", "分區": "準要", "郡\n支廳": "〃", "庄 (區)": null, "大字": null, "地名": "〃", "土地\n類型": "旱田、\n山林\n原野", "面積\n(公頃)": "106", "區分\n理由": "第八條\n第四號", "地        況": "大竹高溪下游左岸支流之左岸，為南向緩坡地。基岩及土壤狀況等，與番號130相同。海拔高度455公尺以下。\n東側及南側以稜線，與要存置林野118及117為界。北側以蕃社界與準要存置林野157為界。西側以溪流與準要存置林野155為界。", "林        況": "同上", "參  考  事  項": "同番號115。\r" }, "geometry": { "type": "MultiPolygon", "coordinates": [ [ [ [ 120.940806682978277, 22.48255615530708 ], [ 120.940863754905976, 22.481962239407856 ], [ 120.94080655940013, 22.48042035262382 ], [ 120.940726543189299, 22.479255373337267 ], [ 120.940612296904177, 22.478672887402958 ], [ 120.940703602883858, 22.477565006581788 ], [ 120.94069209838058, 22.47612591016037 ], [ 120.940671731376668, 22.475916750540186 ], [ 120.940499656064659, 22.47567931112247 ], [ 120.940164611336556, 22.475313842907422 ], [ 120.939159451170667, 22.473768196340504 ], [ 120.938009635382741, 22.472458599358635 ], [ 120.937128232552809, 22.471380272412731 ], [ 120.93505706578722, 22.469446351304729 ], [ 120.933777824039424, 22.468395645944199 ], [ 120.932148335633357, 22.467436329307571 ], [ 120.930305628379529, 22.466096309815057 ], [ 120.928630427639874, 22.464664910710059 ], [ 120.927960341710204, 22.463994888410305 ], [ 120.927381635536122, 22.463492375485984 ], [ 120.926422903054458, 22.462336756808106 ], [ 120.925732061719259, 22.462892500959359 ], [ 120.926140564470117, 22.463482586488581 ], [ 120.926188168454075, 22.463749083561893 ], [ 120.926416616743225, 22.46414882133033 ], [ 120.926568904599137, 22.464224956426623 ], [ 120.926806859600873, 22.464434336970346 ], [ 120.927159034345621, 22.464767443697962 ], [ 120.927254221958307, 22.464948277857413 ], [ 120.927263751228438, 22.465148151968684 ], [ 120.927777732645822, 22.465576428991195 ], [ 120.928063274026059, 22.465747735807891 ], [ 120.928282203500231, 22.466128438374788 ], [ 120.928501136826625, 22.466575765803444 ], [ 120.928653433486289, 22.466804186297683 ], [ 120.928938977067588, 22.46701356446318 ], [ 120.929139461990559, 22.467325461916818 ], [ 120.929253694390738, 22.467668098360907 ], [ 120.929529721907144, 22.467906030513213 ], [ 120.929767674708117, 22.468077339704546 ], [ 120.93009128034798, 22.468134430569137 ], [ 120.930262606386577, 22.468258153900138 ], [ 120.930538637204819, 22.468553193076328 ], [ 120.930671903386596, 22.468867275056429 ], [ 120.930976476895964, 22.468981473895454 ], [ 120.931214434099502, 22.469228925785067 ], [ 120.931271553051886, 22.469447833193243 ], [ 120.931376263885468, 22.469723845249337 ], [ 120.931480969766199, 22.469914196768745 ], [ 120.931756993430241, 22.47008550405728 ], [ 120.931909289541068, 22.470304406711858 ], [ 120.932137733432228, 22.47062800177499 ], [ 120.932328104809315, 22.470923045227188 ], [ 120.932632675016023, 22.470980137040161 ], [ 120.932934094620407, 22.471417149353684 ], [ 120.933057844189136, 22.471750267482001 ], [ 120.933124498472381, 22.472273745210202 ], [ 120.933343421897007, 22.472549751560344 ], [ 120.933400544704398, 22.472835283829237 ], [ 120.933362499162016, 22.473273106250016 ], [ 120.933524331706138, 22.473815614898626 ], [ 120.933686152140211, 22.474148731124938 ], [ 120.933562468077284, 22.474948235644938 ], [ 120.933819487140383, 22.475652542774405 ], [ 120.933895669055573, 22.476347341099565 ], [ 120.934038446353156, 22.476547208552844 ], [ 120.93408604484172, 22.476718527248355 ], [ 120.93412414048025, 22.477146828028545 ], [ 120.934162223455772, 22.477356218549062 ], [ 120.934409736371023, 22.478260400737721 ], [ 120.934584784922052, 22.478978671455486 ], [ 120.934881814963774, 22.480314960987748 ], [ 120.935213094909258, 22.481411399305273 ], [ 120.935336443596768, 22.482047971687216 ], [ 120.935827175944809, 22.482062523536751 ], [ 120.937191703950177, 22.482146053694454 ], [ 120.938288150518318, 22.482244984417463 ], [ 120.93870693749524, 22.482374406079856 ], [ 120.93959018546775, 22.482442890375506 ], [ 120.94029070123031, 22.482648440658959 ], [ 120.940794587529979, 22.482665073060637 ], [ 120.940806682978277, 22.48255615530708 ] ] ] ] } },
{ "type": "Feature", "properties": { "番號": "151", "類型": "蕃", "分區": "準要", "郡\n支廳": "〃", "庄 (區)": null, "大字": null, "地名": "〃", "土地\n類型": "旱田、\n山林\n原野", "面積\n(公頃)": "170", "區分\n理由": "同上", "地        況": "介於大竹高溪上游左岸之二支流之間，為南向緩坡地。基岩及土壤狀況等，與番號130相同。海拔高度介於425至1,100公尺。\n東側以溪流，與準要存置林野152及要存置林野52、53相鄰。北側及西側以稜線，與要存置林野60及54鄰接。南側以山麓與大竹高溪毗鄰。", "林        況": "同上", "參  考  事  項": "(1) 同上\n(2) 設有Taririku警察官吏駐在所。" }, "geometry": { "type": "MultiPolygon", "coordinates": [ [ [ [ 120.830750448983608, 22.484716322542539 ], [ 120.833019438602861, 22.484122295954208 ], [ 120.834708998387768, 22.483681218284271 ], [ 120.837358690096167, 22.482972958608109 ], [ 120.838877693424749, 22.482550290626904 ], [ 120.842338325737643, 22.482378796573613 ], [ 120.842681120329232, 22.482321972212201 ], [ 120.842477730412995, 22.481390905501137 ], [ 120.84211216544891, 22.479928983658027 ], [ 120.841700916326914, 22.478482292639388 ], [ 120.841189553748535, 22.477259085487386 ], [ 120.840435671198406, 22.475888554298241 ], [ 120.839122127017575, 22.474175408851313 ], [ 120.839384728826232, 22.472667769989656 ], [ 120.839624554178371, 22.472302272981217 ], [ 120.839773006796321, 22.471891094908834 ], [ 120.839955733768619, 22.471662657638696 ], [ 120.839967133891449, 22.471297172041606 ], [ 120.840078763626792, 22.471070737069596 ], [ 120.840170106635924, 22.470602454815616 ], [ 120.84011297126483, 22.470099915756858 ], [ 120.840181482320745, 22.469814377157466 ], [ 120.840044394157275, 22.469243313649766 ], [ 120.839918731219015, 22.468740778013849 ], [ 120.839987237652963, 22.468375289565227 ], [ 120.839620820060304, 22.467761362482847 ], [ 120.83956461002883, 22.46766718343309 ], [ 120.839176253455122, 22.467084711066949 ], [ 120.839104165996389, 22.466994227314675 ], [ 120.838639415198585, 22.466410874858294 ], [ 120.838376701088265, 22.465976874508048 ], [ 120.838239611610405, 22.465382968184233 ], [ 120.83802030359999, 22.465040717636253 ], [ 120.837609125856915, 22.464827538570255 ], [ 120.836756311911614, 22.46437072487246 ], [ 120.836177598559615, 22.463746383513989 ], [ 120.83614711016827, 22.46319815749289 ], [ 120.835766378558006, 22.462802234389887 ], [ 120.835385630221751, 22.462116968972197 ], [ 120.835339901160211, 22.461355544111242 ], [ 120.835004863400755, 22.461111904153867 ], [ 120.834822091525226, 22.460563685735501 ], [ 120.83456318494774, 22.460137299461582 ], [ 120.834334730667436, 22.459634768952185 ], [ 120.834228099658446, 22.459071318188666 ], [ 120.834273736297192, 22.458233746050929 ], [ 120.834167111451691, 22.457776895087356 ], [ 120.833847288841525, 22.457304826224391 ], [ 120.833436092618115, 22.456771847750666 ], [ 120.832826923458484, 22.456162736444565 ], [ 120.832522308078978, 22.45532518179019 ], [ 120.832370205069026, 22.454747317474382 ], [ 120.83193886113628, 22.454725406048897 ], [ 120.831093652128345, 22.454108692249751 ], [ 120.830636786478706, 22.453846022688655 ], [ 120.830168522004286, 22.453971681542114 ], [ 120.829917283942166, 22.454485657408902 ], [ 120.829734584011348, 22.455182372371599 ], [ 120.829757454914798, 22.455673491741948 ], [ 120.829637554435934, 22.456067536278031 ], [ 120.829477669310933, 22.456284550997562 ], [ 120.829353910249964, 22.456251108877353 ], [ 120.829364061382165, 22.456565234729503 ], [ 120.829523980169014, 22.456930711778782 ], [ 120.829935175956891, 22.457456075985075 ], [ 120.83007226212203, 22.457992875282738 ], [ 120.830072297767387, 22.458609631273522 ], [ 120.82977345670956, 22.458874242128747 ], [ 120.829753739691583, 22.458911137477255 ], [ 120.83151139127412, 22.458860830384715 ], [ 120.832173835017443, 22.459043539827103 ], [ 120.832687855169425, 22.460139969256243 ], [ 120.832939213373848, 22.46170468949494 ], [ 120.833464680546328, 22.463246553231233 ], [ 120.833962044814584, 22.464344887055329 ], [ 120.83429710634968, 22.464999697669626 ], [ 120.8345103358118, 22.465563143110025 ], [ 120.834921547017785, 22.466355006806666 ], [ 120.835545995616414, 22.467847372827315 ], [ 120.835987682018441, 22.468959034400498 ], [ 120.836109570456912, 22.470025026317405 ], [ 120.836033501814228, 22.471288999180807 ], [ 120.835940205799588, 22.47221855410282 ], [ 120.835749876763074, 22.472656384220691 ], [ 120.835350195367866, 22.473741437874288 ], [ 120.834684027781691, 22.47499782595283 ], [ 120.833884606640879, 22.476159042299237 ], [ 120.833078061807143, 22.477572481751363 ], [ 120.832659350498204, 22.478752714763541 ], [ 120.83218355271238, 22.480275592851715 ], [ 120.831500198306202, 22.48195298757792 ], [ 120.831123335667513, 22.482626869447785 ], [ 120.830529509380781, 22.483997468014952 ], [ 120.830289676766185, 22.484237329557519 ], [ 120.830152203968467, 22.484812369191957 ], [ 120.830750448983608, 22.484716322542539 ] ] ] ] } },
{ "type": "Feature", "properties": { "番號": "159", "類型": "蕃", "分區": "準要", "郡\n支廳": "〃", "庄 (區)": null, "大字": null, "地名": "Tokotowan社蕃地", "土地\n類型": "旱田、\n山林\n原野", "面積\n(公頃)": "55", "區分\n理由": "同上", "地        況": "位於大竹高溪下游左岸支流左岸，為西向緩坡地。基岩及土壤狀況等，與番號130相同。海拔高度介於210至500公尺。\n東側及南側為準要存置林野158所圍繞。北側以蕃社界與要存置林野65接壤。西側以小溪流與準要存置林野161連接。", "林        況": "同上", "參  考  事  項": "同上\r" }, "geometry": { "type": "MultiPolygon", "coordinates": [ [ [ [ 120.919789366851219, 22.492514783216105 ], [ 120.920428929595076, 22.492035052221194 ], [ 120.921164422650691, 22.491412548866549 ], [ 120.921655497122728, 22.490727240002425 ], [ 120.921769686572503, 22.490327485110072 ], [ 120.921723942029629, 22.489299560922458 ], [ 120.921552564300171, 22.488283064419871 ], [ 120.921418099979448, 22.487823835470412 ], [ 120.921349565813188, 22.487709624843077 ], [ 120.92131148393085, 22.48751926999217 ], [ 120.920991683824738, 22.487435529003502 ], [ 120.920854619459007, 22.487275636179966 ], [ 120.920550043731822, 22.487123365998521 ], [ 120.920329224786983, 22.486986320171365 ], [ 120.919803845098869, 22.486955889347886 ], [ 120.919537345964571, 22.48690260277569 ], [ 120.9192860685651, 22.486735101389478 ], [ 120.918996727793385, 22.486697044498964 ], [ 120.918494175197281, 22.486400113076932 ], [ 120.918242905289418, 22.486362054283564 ], [ 120.91793070833657, 22.486087956158084 ], [ 120.917504306282382, 22.485943306333795 ], [ 120.917016988641251, 22.485760588202414 ], [ 120.916689570834009, 22.485615933430825 ], [ 120.916392614124831, 22.485547419839186 ], [ 120.91559311010505, 22.485273346065377 ], [ 120.915067725563475, 22.485159158267475 ], [ 120.914189620783588, 22.485154252874835 ], [ 120.913407871528463, 22.485170646758394 ], [ 120.913462067665179, 22.485238974196552 ], [ 120.9132053298231, 22.485968291353867 ], [ 120.913167305783404, 22.486777309473627 ], [ 120.913310083646238, 22.486986694771129 ], [ 120.913062646163155, 22.487386456328803 ], [ 120.913024597335109, 22.487767171745869 ], [ 120.913072206851638, 22.488128847206035 ], [ 120.913243542822258, 22.488423891616844 ], [ 120.913481496746201, 22.488614236481123 ], [ 120.913471990049032, 22.488804593713926 ], [ 120.913500564134324, 22.489166270125313 ], [ 120.91364334144744, 22.489366137584305 ], [ 120.913795636476891, 22.489566004567585 ], [ 120.914052622527507, 22.48969924145268 ], [ 120.914336780965499, 22.490094534782131 ], [ 120.914736570668126, 22.490882591773811 ], [ 120.914957375259789, 22.491151670787175 ], [ 120.91504755758217, 22.491079516157011 ], [ 120.916218266422902, 22.491593420880154 ], [ 120.917693555952539, 22.492345256320661 ], [ 120.918967721632271, 22.492994062461804 ], [ 120.919789366851219, 22.492514783216105 ] ] ] ] } },
{ "type": "Feature", "properties": { "番號": "157", "類型": "蕃", "分區": "準要", "郡\n支廳": "〃", "庄 (區)": null, "大字": null, "地名": "Kakerabuchiyan社蕃地", "土地\n類型": "旱田、\n山林\n原野", "面積\n(公頃)": "64", "區分\n理由": "同上", "地        況": "大竹高溪下游左岸之支流源頭，為南向緩坡地。基岩及土壤狀況等，與番號130相同。海拔高度介於455至757公尺。\n東側及北側以稜線，與準要存置林野117相鄰。西側以溪流與準要存置林野158接壤。南側以蕃社界與準要存置林野156鄰接。", "林        況": "同上", "參  考  事  項": "同上\r" }, "geometry": { "type": "MultiPolygon", "coordinates": [ [ [ [ 120.930917226914943, 22.492932599355044 ], [ 120.931564401278948, 22.492409085938309 ], [ 120.933049108178494, 22.491428674456834 ], [ 120.933886645121376, 22.491047919091901 ], [ 120.934410106812152, 22.490828982664411 ], [ 120.934971633854929, 22.490514865960325 ], [ 120.935361852484078, 22.49038159673114 ], [ 120.936142283680653, 22.490010362062169 ], [ 120.937132098008661, 22.489524902879936 ], [ 120.937998194704122, 22.489258360143616 ], [ 120.93896897029218, 22.488715794892737 ], [ 120.939292570418587, 22.48867770736965 ], [ 120.939701819517168, 22.488458776656234 ], [ 120.94022131590097, 22.48824697881102 ], [ 120.940621049487191, 22.488066119923449 ], [ 120.940973182375615, 22.487675870993762 ], [ 120.940887430939938, 22.486086396446268 ], [ 120.940801687223484, 22.484630171621756 ], [ 120.940761021735725, 22.482967328160225 ], [ 120.940794587529979, 22.482665073060637 ], [ 120.94029070123031, 22.482648440658959 ], [ 120.93959018546775, 22.482442890375506 ], [ 120.93870693749524, 22.482374406079856 ], [ 120.938288150518318, 22.482244984417463 ], [ 120.937191703950177, 22.482146053694454 ], [ 120.935827175944809, 22.482062523536751 ], [ 120.935336443596768, 22.482047971687216 ], [ 120.935386749899422, 22.482307590198822 ], [ 120.935386789553135, 22.482992874490584 ], [ 120.935196472691558, 22.483640096944971 ], [ 120.934587435828547, 22.485315266767415 ], [ 120.934301942916292, 22.48598152965598 ], [ 120.93388091059434, 22.486524448145722 ], [ 120.932624719761762, 22.489075291373659 ], [ 120.932320173794139, 22.489436984420646 ], [ 120.931596903431881, 22.490750482150133 ], [ 120.930182625793634, 22.493436219728203 ], [ 120.930917226914943, 22.492932599355044 ] ] ] ] } },
{ "type": "Feature", "properties": { "番號": "158", "類型": "蕃", "分區": "準要", "郡\n支廳": "大武", "庄 (區)": null, "大字": null, "地名": "Kakerabuchiyan社蕃地", "土地\n類型": "旱田、\n山林\n原野", "面積\n(公頃)": "307", "區分\n理由": "第八條\n第二號", "地        況": "位於大竹高溪下游左岸支流之左岸，為東向、西向、南向緩坡地。基岩及土壤狀況等，與番號130相同。海拔高度介於121至850公尺。\n東側以小溪流及稜線，與準要存置林野157及117相鄰。北側以稜線與要存置林野66鄰接。西側以蕃社界與準要存置林野159接壤，部分區域以小溪流與準要存置林野161毗鄰。南側以小溪流，部分區域以蕃社界與準要存置林野155連接。", "林        況": "同上", "參  考  事  項": "同番號115。\r" }, "geometry": { "type": "MultiPolygon", "coordinates": [ [ [ [ 120.928073820068647, 22.497227546750892 ], [ 120.928553452095201, 22.4961767534963 ], [ 120.929250086061714, 22.495091685180316 ], [ 120.930093269652772, 22.493605908579628 ], [ 120.930182625793634, 22.493436219728203 ], [ 120.931596903431881, 22.490750482150133 ], [ 120.932320173794139, 22.489436984420646 ], [ 120.932624719761762, 22.489075291373659 ], [ 120.93388091059434, 22.486524448145722 ], [ 120.934301942916292, 22.48598152965598 ], [ 120.934587435828547, 22.485315266767415 ], [ 120.935196472691558, 22.483640096944971 ], [ 120.935386789553135, 22.482992874490584 ], [ 120.935386749899422, 22.482307590198822 ], [ 120.935336443596768, 22.482047971687216 ], [ 120.934865885008463, 22.4820340180569 ], [ 120.932857648643676, 22.482062671913848 ], [ 120.930630503153594, 22.482062783197154 ], [ 120.929897632978751, 22.481958123603583 ], [ 120.929317044603636, 22.481824902888466 ], [ 120.928498497360692, 22.481415676773871 ], [ 120.927384900374022, 22.480996947562922 ], [ 120.926909003015467, 22.480797096751953 ], [ 120.926204674417278, 22.480492561140679 ], [ 120.926014312940225, 22.480368838763333 ], [ 120.925690705643248, 22.480283194393508 ], [ 120.925126764000538, 22.479989835225926 ], [ 120.923687639755201, 22.479201830173299 ], [ 120.922682535909942, 22.478630810130937 ], [ 120.921471838825866, 22.477877057874572 ], [ 120.919952779632553, 22.477328906314007 ], [ 120.91899338196076, 22.477123368948813 ], [ 120.917565723226204, 22.477100597460417 ], [ 120.916720565231529, 22.477363332004654 ], [ 120.916435049604928, 22.477637459996174 ], [ 120.916035263902359, 22.476917931433377 ], [ 120.915566936109769, 22.475947135376732 ], [ 120.915189970467239, 22.474839277890819 ], [ 120.914837651354958, 22.47472605071966 ], [ 120.914701001918957, 22.475007128317852 ], [ 120.913996756436376, 22.476139786195823 ], [ 120.913235370523097, 22.476682340987345 ], [ 120.912645284230578, 22.476891762898731 ], [ 120.912112297627843, 22.476986967903905 ], [ 120.911756382325848, 22.477159366864392 ], [ 120.911470861409924, 22.477342123615461 ], [ 120.91110539960637, 22.477661941225914 ], [ 120.911196794129978, 22.478084528661352 ], [ 120.91108259607141, 22.478335805286548 ], [ 120.910762827896676, 22.478804098886247 ], [ 120.910534424512321, 22.479181016678172 ], [ 120.910523032328044, 22.479683559087967 ], [ 120.910523048187642, 22.47995767281861 ], [ 120.910294641500428, 22.48027748358415 ], [ 120.910226135751032, 22.480654393388082 ], [ 120.910320975109101, 22.480984657624681 ], [ 120.91057796721627, 22.481222590731178 ], [ 120.910930142544274, 22.481565215298328 ], [ 120.910958714418072, 22.481888820359163 ], [ 120.911025361012761, 22.482279048382601 ], [ 120.911253802174656, 22.482555054266644 ], [ 120.911472711851445, 22.482593114679435 ], [ 120.911653559475326, 22.482783462400292 ], [ 120.911710690557868, 22.483211762250324 ], [ 120.912081899666902, 22.483525832350708 ], [ 120.912395998072327, 22.483763762601782 ], [ 120.912491195063581, 22.484106400008173 ], [ 120.91264349394595, 22.484372891857927 ], [ 120.912862412435132, 22.484563237675133 ], [ 120.913090847539038, 22.484734547341073 ], [ 120.913243144218228, 22.484962967838989 ], [ 120.913407871528463, 22.485170646758394 ], [ 120.914189620783588, 22.485154252874835 ], [ 120.915067725563475, 22.485159158267475 ], [ 120.91559311010505, 22.485273346065377 ], [ 120.916392614124831, 22.485547419839186 ], [ 120.916689570834009, 22.485615933430825 ], [ 120.917016988641251, 22.485760588202414 ], [ 120.917504306282382, 22.485943306333795 ], [ 120.91793070833657, 22.486087956158084 ], [ 120.918242905289418, 22.486362054283564 ], [ 120.918494175197281, 22.486400113076932 ], [ 120.918996727793385, 22.486697044498964 ], [ 120.9192860685651, 22.486735101389478 ], [ 120.919537345964571, 22.48690260277569 ], [ 120.919803845098869, 22.486955889347886 ], [ 120.920329224786983, 22.486986320171365 ], [ 120.920550043731822, 22.487123365998521 ], [ 120.920854619459007, 22.487275636179966 ], [ 120.920991683824738, 22.487435529003502 ], [ 120.92131148393085, 22.48751926999217 ], [ 120.921349565813188, 22.487709624843077 ], [ 120.921418099979448, 22.487823835470412 ], [ 120.921552564300171, 22.488283064419871 ], [ 120.921723942029629, 22.489299560922458 ], [ 120.921769686572503, 22.490327485110072 ], [ 120.921655497122728, 22.490727240002425 ], [ 120.921164422650691, 22.491412548866549 ], [ 120.920428929595076, 22.492035052221194 ], [ 120.919789366851219, 22.492514783216105 ], [ 120.918967721632271, 22.492994062461804 ], [ 120.919749443241088, 22.493392115703596 ], [ 120.920444222544901, 22.49383577084102 ], [ 120.921597837844317, 22.495012117914836 ], [ 120.92307125369264, 22.496279820236953 ], [ 120.923802244041724, 22.496793746926109 ], [ 120.924236260487277, 22.496942203494335 ], [ 120.924990094014987, 22.497467550444536 ], [ 120.925960928818697, 22.497947200922088 ], [ 120.927404255487843, 22.498738938774888 ], [ 120.927605642379149, 22.498849409694621 ], [ 120.928073820068647, 22.497227546750892 ] ] ] ] } },
{ "type": "Feature", "properties": { "番號": "161", "類型": "蕃", "分區": "準要", "郡\n支廳": "大武", "庄 (區)": null, "大字": "大板鹿社", "地名": "大板鹿社蕃地", "土地\n類型": "旱田、\n山林\n原野", "面積\n(公頃)": "459", "區分\n理由": "第八條\n第二號", "地        況": "介於大竹高溪下游左岸二支流之間，為東向及南向緩坡地。基岩及土壤狀況等，與番號130相同。海拔高度介於121至980公尺。\n東側以溪流，與準要存置林野158及159為界。北側以稜線，與要存置林野64及63為界。西側有部分以稜線、有部分以小溪流，與準要存置林野162為界。南側以溪流與要存置林野47相鄰。", "林        況": "同上", "參  考  事  項": "(1) 同番號155。\n(2) 設有大板鹿警察官吏駐在所。" }, "geometry": { "type": "MultiPolygon", "coordinates": [ [ [ [ 120.903078649382223, 22.500953919728559 ], [ 120.903961852004713, 22.50023813413306 ], [ 120.904875538664541, 22.499994431786313 ], [ 120.905286684605798, 22.499659383325039 ], [ 120.906291719288518, 22.499034962889077 ], [ 120.907418568390838, 22.498197336792767 ], [ 120.908042898829379, 22.497649078103425 ], [ 120.908514937869441, 22.496963770163028 ], [ 120.909200149062372, 22.495852052423039 ], [ 120.909974846301793, 22.495077261677967 ], [ 120.910859938799376, 22.49412543363033 ], [ 120.911307239498015, 22.493573376666781 ], [ 120.912592076078582, 22.492621528642275 ], [ 120.91370560864533, 22.491926670809637 ], [ 120.914857212075589, 22.491231811077729 ], [ 120.914957375259789, 22.491151670787175 ], [ 120.914736570668126, 22.490882591773811 ], [ 120.914336780965499, 22.490094534782131 ], [ 120.914052622527507, 22.48969924145268 ], [ 120.913795636476891, 22.489566004567585 ], [ 120.91364334144744, 22.489366137584305 ], [ 120.913500564134324, 22.489166270125313 ], [ 120.913471990049032, 22.488804593713926 ], [ 120.913481496746201, 22.488614236481123 ], [ 120.913243542822258, 22.488423891616844 ], [ 120.913072206851638, 22.488128847206035 ], [ 120.913024597335109, 22.487767171745869 ], [ 120.913062646163155, 22.487386456328803 ], [ 120.913310083646238, 22.486986694771129 ], [ 120.913167305783404, 22.486777309473627 ], [ 120.9132053298231, 22.485968291353867 ], [ 120.913462067665179, 22.485238974196552 ], [ 120.913407871528463, 22.485170646758394 ], [ 120.913243144218228, 22.484962967838989 ], [ 120.913090847539038, 22.484734547341073 ], [ 120.912862412435132, 22.484563237675133 ], [ 120.91264349394595, 22.484372891857927 ], [ 120.912491195063581, 22.484106400008173 ], [ 120.912395998072327, 22.483763762601782 ], [ 120.912081899666902, 22.483525832350708 ], [ 120.911710690557868, 22.483211762250324 ], [ 120.911653559475326, 22.482783462400292 ], [ 120.911472711851445, 22.482593114679435 ], [ 120.911253802174656, 22.482555054266644 ], [ 120.911025361012761, 22.482279048382601 ], [ 120.910958714418072, 22.481888820359163 ], [ 120.910930142544274, 22.481565215298328 ], [ 120.91057796721627, 22.481222590731178 ], [ 120.910320975109101, 22.480984657624681 ], [ 120.910226135751032, 22.480654393388082 ], [ 120.910294641500428, 22.48027748358415 ], [ 120.910523048187642, 22.47995767281861 ], [ 120.910523032328044, 22.479683559087967 ], [ 120.910534424512321, 22.479181016678172 ], [ 120.910762827896676, 22.478804098886247 ], [ 120.91108259607141, 22.478335805286548 ], [ 120.911196794129978, 22.478084528661352 ], [ 120.91110539960637, 22.477661941225914 ], [ 120.911470861409924, 22.477342123615461 ], [ 120.911756382325848, 22.477159366864392 ], [ 120.912112297627843, 22.476986967903905 ], [ 120.911607847104861, 22.476787118510231 ], [ 120.911322295245981, 22.476434972774815 ], [ 120.911127594157691, 22.475950924314912 ], [ 120.910759762978685, 22.476003491107175 ], [ 120.910394278049196, 22.475923559526965 ], [ 120.910091612607047, 22.475887882754854 ], [ 120.909623345590475, 22.475967855985633 ], [ 120.909040854085688, 22.475842249624222 ], [ 120.908332725421303, 22.475659542511224 ], [ 120.907830197266406, 22.475785203075809 ], [ 120.907259130321961, 22.475716703170658 ], [ 120.906779440060404, 22.475762412756016 ], [ 120.906482481363994, 22.475659634940833 ], [ 120.906037036381932, 22.475385543460099 ], [ 120.905762926810795, 22.475396978558759 ], [ 120.905306075102999, 22.475374158569497 ], [ 120.904723579628083, 22.475180023773177 ], [ 120.904483737799282, 22.475259985593414 ], [ 120.903866994399849, 22.475339966242075 ], [ 120.903672826377971, 22.475225761885621 ], [ 120.903181712870492, 22.475237207824694 ], [ 120.90299897932141, 22.47535143100939 ], [ 120.902713451131206, 22.475408552301097 ], [ 120.902427911709481, 22.475271509697688 ], [ 120.901959640720023, 22.475282954495789 ], [ 120.901834014790424, 22.475420017639202 ], [ 120.901331485306343, 22.475522835394276 ], [ 120.90095457250213, 22.475328690326766 ], [ 120.900669299242921, 22.475405291447903 ], [ 120.900486568335367, 22.475565200255911 ], [ 120.900197232396252, 22.475610900332772 ], [ 120.899816522854678, 22.475595690810426 ], [ 120.899496728460221, 22.475610935327065 ], [ 120.899024663814643, 22.475854615564842 ], [ 120.89864395383151, 22.475831791772347 ], [ 120.898232791119085, 22.475877497935418 ], [ 120.897866301444495, 22.476207764697172 ], [ 120.897785246840613, 22.477703953773442 ], [ 120.897526451291824, 22.479196363724405 ], [ 120.897100156274618, 22.480901981622782 ], [ 120.896445401700419, 22.482013697838966 ], [ 120.895531777575584, 22.483338626571246 ], [ 120.894404947788331, 22.484511280552741 ], [ 120.893643591271172, 22.485562087945468 ], [ 120.893323847114047, 22.48644535931685 ], [ 120.893278220251062, 22.487450445319393 ], [ 120.893280689717756, 22.489005850328212 ], [ 120.893242716930871, 22.490700027442266 ], [ 120.893138089827318, 22.491870726783752 ], [ 120.892947773518756, 22.492527467141155 ], [ 120.892567101224785, 22.493155663501039 ], [ 120.891948509713629, 22.494193138805404 ], [ 120.891653500179459, 22.494878437915556 ], [ 120.891558351122455, 22.495363852428898 ], [ 120.891567800234341, 22.495477164003692 ], [ 120.892646772416057, 22.495812322968831 ], [ 120.893320633369981, 22.495926503336417 ], [ 120.894280035082318, 22.496200569110229 ], [ 120.894714046929195, 22.49626907584571 ], [ 120.895844776136215, 22.496691611329023 ], [ 120.896849885372987, 22.497354002615737 ], [ 120.89720395435161, 22.497525306000234 ], [ 120.897912131999362, 22.498553197120085 ], [ 120.898620304356783, 22.499489716990581 ], [ 120.899202801839024, 22.499718115979562 ], [ 120.899855523016498, 22.499652124720338 ], [ 120.900769236369285, 22.499869085739689 ], [ 120.901340319204991, 22.500211699356385 ], [ 120.901968524878995, 22.500839845260757 ], [ 120.90223122840861, 22.501091103051124 ], [ 120.902527663947694, 22.501215901742462 ], [ 120.903078649382223, 22.500953919728559 ] ] ] ] } },
{ "type": "Feature", "properties": { "番號": "117", "類型": null, "分區": "準要", "郡\n支廳": "〃", "庄 (區)": "〃", "大字": "大得吉", "地名": null, "土地\n類型": "旱田、\n山林\n原野", "面積\n(公頃)": "390", "區分\n理由": "同上", "地        況": "正對太平洋之緩坡地。基岩及土壤狀況等，與番號115相同。海拔高度在910公尺以下。\n東側以山麓為界。北側以小溪與準要存置林野116相鄰。西側以稜線，部分與要存置林野66鄰接，其餘與準要存置林野158、157、156及118接壤。南側有部分以小稜線，其餘則以小溪與要存置林野11毗鄰。", "林        況": "同番號111。", "參  考  事  項": "(1) 同番號104之 (1)。\n(2) 同番號115之 (2)。" }, "geometry": { "type": "MultiPolygon", "coordinates": [ [ [ [ 120.927468496959932, 22.502082784637327 ], [ 120.929276792947491, 22.500873928826607 ], [ 120.931313513007964, 22.499646025928946 ], [ 120.93202731633103, 22.499208169708009 ], [ 120.932741121307416, 22.498798867001131 ], [ 120.933788036961758, 22.498227744401756 ], [ 120.934273434950398, 22.498132541756426 ], [ 120.935158557704057, 22.497704194812727 ], [ 120.93695739769457, 22.497561337310056 ], [ 120.938718171775676, 22.497504142248847 ], [ 120.939563342411361, 22.497460793831273 ], [ 120.93990597752601, 22.497415091080491 ], [ 120.940397092310263, 22.497426487930586 ], [ 120.941196567187234, 22.497198019861255 ], [ 120.942224460620977, 22.496855326324198 ], [ 120.942715560189896, 22.49660403086483 ], [ 120.944314492077439, 22.495838716804776 ], [ 120.945696421371522, 22.49509625640858 ], [ 120.945959107672095, 22.495050557657198 ], [ 120.946857553856816, 22.494598891363903 ], [ 120.948542127757918, 22.493532809381737 ], [ 120.949665160308498, 22.492533380337804 ], [ 120.950721613485285, 22.492304899437045 ], [ 120.952587048764585, 22.491667111103222 ], [ 120.952941812906062, 22.491526587700069 ], [ 120.952658580252745, 22.491042787729175 ], [ 120.952211202454293, 22.49026234744715 ], [ 120.951735257186954, 22.489234444826927 ], [ 120.951068944394621, 22.487978123628185 ], [ 120.951116521402497, 22.487778246670825 ], [ 120.951639940105693, 22.486816918963417 ], [ 120.951630409169852, 22.486588491349305 ], [ 120.951278199170446, 22.485646243076758 ], [ 120.951192524860545, 22.485389265756055 ], [ 120.951163932056488, 22.484703982912965 ], [ 120.950859307334383, 22.483704625238651 ], [ 120.950726016361287, 22.482962240604671 ], [ 120.950545103770395, 22.481648788123479 ], [ 120.950487916528616, 22.480249668926916 ], [ 120.950345139234841, 22.480049801481282 ], [ 120.949897805512578, 22.480030788156295 ], [ 120.949174476766373, 22.480335395082513 ], [ 120.948879387392523, 22.479640607715176 ], [ 120.949526551290774, 22.478936255436576 ], [ 120.949773991517432, 22.478584083101858 ], [ 120.949783491062902, 22.478269994002936 ], [ 120.949821532743286, 22.477765546736308 ], [ 120.949516932817602, 22.477194491726785 ], [ 120.949450260361587, 22.476356925392583 ], [ 120.949212282243849, 22.475747795706049 ], [ 120.948403244507233, 22.475195801566528 ], [ 120.948222329196113, 22.473834759896285 ], [ 120.948222268096984, 22.47277827998052 ], [ 120.948069967587514, 22.472483234637131 ], [ 120.947222855139856, 22.471864617533448 ], [ 120.94794614537193, 22.470893762025188 ], [ 120.947945347805984, 22.470883489850593 ], [ 120.947437993238438, 22.470911702004621 ], [ 120.946261591723669, 22.4707061754746 ], [ 120.944891019564167, 22.470340758976551 ], [ 120.944205727539014, 22.470055258085665 ], [ 120.943429060160923, 22.469678390520421 ], [ 120.943006453119949, 22.469324348081681 ], [ 120.942618125043424, 22.469232996237448 ], [ 120.942047041639626, 22.468878961212642 ], [ 120.940939133324065, 22.468079518212583 ], [ 120.940733541422901, 22.467919628813664 ], [ 120.940676423903938, 22.467725467786508 ], [ 120.940368040674443, 22.467565583520329 ], [ 120.939888324697804, 22.467165858311066 ], [ 120.939237279275531, 22.46658339918104 ], [ 120.939213735242532, 22.466659194067471 ], [ 120.939312759103345, 22.46734447340496 ], [ 120.939397985900385, 22.468092412526602 ], [ 120.939592185599565, 22.468754844301671 ], [ 120.939740737247774, 22.470056877019761 ], [ 120.9397666936798, 22.471237087543997 ], [ 120.939888599698023, 22.472607650021963 ], [ 120.940147533523671, 22.47350612092696 ], [ 120.940223691101565, 22.473780230836429 ], [ 120.940634958145324, 22.475539106620769 ], [ 120.940671731376668, 22.475916750540186 ], [ 120.94069209838058, 22.47612591016037 ], [ 120.940703602883858, 22.477565006581788 ], [ 120.940612296904177, 22.478672887402958 ], [ 120.940726543189299, 22.479255373337267 ], [ 120.94080655940013, 22.48042035262382 ], [ 120.940863754905976, 22.481962239407856 ], [ 120.940806682978277, 22.48255615530708 ], [ 120.940794587529979, 22.482665073060637 ], [ 120.940761021735725, 22.482967328160225 ], [ 120.940801687223484, 22.484630171621756 ], [ 120.940887430939938, 22.486086396446268 ], [ 120.940973182375615, 22.487675870993762 ], [ 120.940621049487191, 22.488066119923449 ], [ 120.94022131590097, 22.48824697881102 ], [ 120.939701819517168, 22.488458776656234 ], [ 120.939292570418587, 22.48867770736965 ], [ 120.93896897029218, 22.488715794892737 ], [ 120.937998194704122, 22.489258360143616 ], [ 120.937132098008661, 22.489524902879936 ], [ 120.936142283680653, 22.490010362062169 ], [ 120.935361852484078, 22.49038159673114 ], [ 120.934971633854929, 22.490514865960325 ], [ 120.934410106812152, 22.490828982664411 ], [ 120.933886645121376, 22.491047919091901 ], [ 120.933049108178494, 22.491428674456834 ], [ 120.931564401278948, 22.492409085938309 ], [ 120.930917226914943, 22.492932599355044 ], [ 120.930182625793634, 22.493436219728203 ], [ 120.930093269652772, 22.493605908579628 ], [ 120.929250086061714, 22.495091685180316 ], [ 120.928553452095201, 22.4961767534963 ], [ 120.928073820068647, 22.497227546750892 ], [ 120.927605642379149, 22.498849409694621 ], [ 120.927404255487843, 22.498738938774888 ], [ 120.927064689055442, 22.500867705325785 ], [ 120.927019045038463, 22.501575834731423 ], [ 120.927224628362751, 22.501587245855767 ], [ 120.926995949255797, 22.502273422640204 ], [ 120.927468496959932, 22.502082784637327 ] ] ] ] } },
{ "type": "Feature", "properties": { "番號": "162", "類型": "蕃", "分區": "準要", "郡\n支廳": "〃", "庄 (區)": null, "大字": "Toakau社", "地名": "Toakau社蕃地", "土地\n類型": "旱田、\n山林\n原野", "面積\n(公頃)": "544", "區分\n理由": "同上", "地        況": "介於大竹高溪下游左岸支流之左岸，與虷子崙溪中游右岸之間，為緩坡地。基岩及土壤狀況等，與番號130相同。海拔高度介於210至1,060公尺。\n東側以稜線及小溪流，與準要存置林野161及要存置林野63連接。西側以稜線，與要存置林野62、61及60鄰接。南側以稜線與要存置林野49接壤；另有部分以溪流，與要存置林野48相鄰。", "林        況": "同上", "參  考  事  項": "同番號160。\r" }, "geometry": { "type": "MultiPolygon", "coordinates": [ [ [ [ 120.890313470889453, 22.51299227124294 ], [ 120.891432745765783, 22.512843736959937 ], [ 120.892552021301341, 22.512706624083975 ], [ 120.893168768016125, 22.512683750413323 ], [ 120.893568510128716, 22.51264946619413 ], [ 120.895156061949791, 22.512592279732047 ], [ 120.895699737359323, 22.512566532925604 ], [ 120.896035813114437, 22.512490626072257 ], [ 120.896755338583972, 22.512250740545618 ], [ 120.897003372033453, 22.512141831237301 ], [ 120.89670255055843, 22.51199143798538 ], [ 120.896074377402996, 22.511924844546151 ], [ 120.895360518316366, 22.511401399152334 ], [ 120.895132088704585, 22.511325267873918 ], [ 120.894798969175341, 22.511334802378776 ], [ 120.894465846335507, 22.511287229853352 ], [ 120.893999466636089, 22.511087378580868 ], [ 120.893552128989299, 22.511001740416081 ], [ 120.893152385442079, 22.511011278253868 ], [ 120.892752650721235, 22.511173101505932 ], [ 120.892371940400025, 22.511144567038144 ], [ 120.891934117158129, 22.51100182136657 ], [ 120.891382098417552, 22.511154134399646 ], [ 120.891010906915042, 22.511144635132318 ], [ 120.890392243744301, 22.510944791477218 ], [ 120.890173325226485, 22.510754445660634 ], [ 120.88966888072359, 22.510659292513541 ], [ 120.889449966067261, 22.510535571565629 ], [ 120.889240553681333, 22.510145350664931 ], [ 120.889231003418104, 22.509583798672384 ], [ 120.888926405039982, 22.509041297117562 ], [ 120.888707471077737, 22.508584451822983 ], [ 120.887993615292729, 22.508118113448205 ], [ 120.887708074964394, 22.507965842316423 ], [ 120.887117972662878, 22.507899246966588 ], [ 120.886670631699786, 22.507756501767069 ], [ 120.885908196922315, 22.507307813478398 ], [ 120.885670230836595, 22.506908076163867 ], [ 120.885394201605237, 22.506641590492581 ], [ 120.885175282535812, 22.506441726834094 ], [ 120.884680345817202, 22.506175252112339 ], [ 120.884366242961036, 22.505861179151967 ], [ 120.884175857187898, 22.505318671877358 ], [ 120.883899826302326, 22.505023632689074 ], [ 120.883623779975679, 22.504462094021441 ], [ 120.883385796796816, 22.503767303709502 ], [ 120.883290552904384, 22.502615650007368 ], [ 120.883499922273558, 22.50226347950953 ], [ 120.884144745294137, 22.50222378959916 ], [ 120.883792564957005, 22.50179550447832 ], [ 120.883126285627398, 22.501119771263053 ], [ 120.882431449287992, 22.500377414604273 ], [ 120.881184571032946, 22.499387621746866 ], [ 120.880413610600101, 22.4989498397251 ], [ 120.879909159472533, 22.498740472501776 ], [ 120.879490346848613, 22.498169423128168 ], [ 120.879171772631068, 22.497341466414134 ], [ 120.878966178037231, 22.497135891380498 ], [ 120.878851938973682, 22.496679040839116 ], [ 120.879685683704935, 22.496553363680867 ], [ 120.881638684826768, 22.495959352901753 ], [ 120.883466069275244, 22.495662304970551 ], [ 120.885818827716548, 22.495296702337136 ], [ 120.887372111163259, 22.49515956780203 ], [ 120.889690636227385, 22.495319351565506 ], [ 120.890373918518875, 22.495412687397327 ], [ 120.891470361468066, 22.495446896795084 ], [ 120.891567800234341, 22.495477164003692 ], [ 120.891558351122455, 22.495363852428898 ], [ 120.891653500179459, 22.494878437915556 ], [ 120.891948509713629, 22.494193138805404 ], [ 120.892567101224785, 22.493155663501039 ], [ 120.892947773518756, 22.492527467141155 ], [ 120.893138089827318, 22.491870726783752 ], [ 120.893242716930871, 22.490700027442266 ], [ 120.893280689717756, 22.489005850328212 ], [ 120.893278220251062, 22.487450445319393 ], [ 120.893323847114047, 22.48644535931685 ], [ 120.893643591271172, 22.485562087945468 ], [ 120.894404947788331, 22.484511280552741 ], [ 120.895531777575584, 22.483338626571246 ], [ 120.896445401700419, 22.482013697838966 ], [ 120.897100156274618, 22.480901981622782 ], [ 120.897526451291824, 22.479196363724405 ], [ 120.897785246840613, 22.477703953773442 ], [ 120.897866301444495, 22.476207764697172 ], [ 120.8974104877164, 22.476349623786643 ], [ 120.89675566132729, 22.476220213901279 ], [ 120.896405409797168, 22.476227845669516 ], [ 120.895887652180249, 22.476334471322854 ], [ 120.895659222576768, 22.476258340029322 ], [ 120.89520236953598, 22.476212677229473 ], [ 120.894760751888967, 22.476288841997118 ], [ 120.894471424314887, 22.47647921321505 ], [ 120.89396889372081, 22.476562995296874 ], [ 120.893793760246325, 22.476433561446644 ], [ 120.893504415492956, 22.476326976113587 ], [ 120.893169394949425, 22.476380292744647 ], [ 120.892918136919533, 22.476547819249941 ], [ 120.89275062951063, 22.476623970324244 ], [ 120.892362307550798, 22.476639218265319 ], [ 120.892081723346408, 22.47660611020579 ], [ 120.891676265311119, 22.476549023432383 ], [ 120.891407870655129, 22.476634697385435 ], [ 120.891139480954394, 22.476806031882667 ], [ 120.890859659422063, 22.476794624456403 ], [ 120.890419938265879, 22.476748960800716 ], [ 120.890128701419471, 22.476840346598081 ], [ 120.889631892462489, 22.477114485161351 ], [ 120.888849538126493, 22.477148788465694 ], [ 120.888529752753982, 22.477320125531996 ], [ 120.888164277384817, 22.477405804336193 ], [ 120.887998664157138, 22.477320152065417 ], [ 120.887833051589837, 22.477245921200534 ], [ 120.887617713178457, 22.477244742228969 ], [ 120.886813465281648, 22.47723050565191 ], [ 120.88659930756792, 22.477073472018461 ], [ 120.886228116336198, 22.477068731644042 ], [ 120.88588072600362, 22.47717820414103 ], [ 120.885366771496109, 22.477216301171911 ], [ 120.884838536007678, 22.477178256209243 ], [ 120.884683173272421, 22.477078936103513 ], [ 120.883897154496282, 22.477452543891946 ], [ 120.88340605219814, 22.477658153737853 ], [ 120.88241243889513, 22.478286380717865 ], [ 120.881791144228188, 22.478664841016844 ], [ 120.880999305421582, 22.479274022242937 ], [ 120.880603383375032, 22.479532927232185 ], [ 120.87959836709301, 22.48047714702918 ], [ 120.878456293924131, 22.481390916596173 ], [ 120.87757308591479, 22.48201533093965 ], [ 120.877085807883759, 22.482517897166399 ], [ 120.876735573521884, 22.48282248550316 ], [ 120.876217834390232, 22.48324891054515 ], [ 120.875806693689981, 22.483675330261182 ], [ 120.875349863540805, 22.484025609552429 ], [ 120.874725535672937, 22.484619553884322 ], [ 120.874268707286603, 22.485000290261077 ], [ 120.873674836995278, 22.485609461615677 ], [ 120.873020055959174, 22.486264321641894 ], [ 120.872426170683113, 22.486614607788468 ], [ 120.871931273081145, 22.487023899588241 ], [ 120.871169886009795, 22.487547418773683 ], [ 120.869956400483488, 22.487951987574515 ], [ 120.869468104615905, 22.488208378377415 ], [ 120.869577283255083, 22.488328686097599 ], [ 120.870110338012495, 22.489409885934808 ], [ 120.870917585909083, 22.49192255501087 ], [ 120.871740021606357, 22.493734710391031 ], [ 120.872547192806465, 22.494922496308948 ], [ 120.873149616444337, 22.495739572642961 ], [ 120.874440292969794, 22.497018705630325 ], [ 120.874679473268102, 22.497410047522905 ], [ 120.874942876061283, 22.497841021763218 ], [ 120.876050862702982, 22.499988190765919 ], [ 120.876895862934404, 22.501382321517408 ], [ 120.877154775715582, 22.50191530753461 ], [ 120.877398445151883, 22.502189409101778 ], [ 120.876697944707473, 22.502250358304067 ], [ 120.876728434928552, 22.502829041371371 ], [ 120.877017838817594, 22.503955938997464 ], [ 120.87739860661722, 22.504976232259661 ], [ 120.877733688495809, 22.505981299264107 ], [ 120.87788602226837, 22.506849318532375 ], [ 120.878556155149596, 22.508326453573023 ], [ 120.879453646399568, 22.508665996853605 ], [ 120.879683077551348, 22.50875279636934 ], [ 120.880239682398482, 22.508903911801717 ], [ 120.881895836635735, 22.51013734083411 ], [ 120.882147134151751, 22.510651291547354 ], [ 120.882524059573313, 22.51106244331767 ], [ 120.882752510597726, 22.511507866735069 ], [ 120.883837572030245, 22.512227361044349 ], [ 120.884191643676516, 22.512444350048401 ], [ 120.884934024266187, 22.512421470091237 ], [ 120.885345204860926, 22.512684141862657 ], [ 120.885950545554337, 22.512923961106104 ], [ 120.886590134799334, 22.51290108629135 ], [ 120.887675162457555, 22.513038088876588 ], [ 120.888371856014203, 22.51298094698609 ], [ 120.889159927595159, 22.513060857397949 ], [ 120.890313470889453, 22.51299227124294 ] ] ] ] } },
{ "type": "Feature", "properties": { "番號": "163", "類型": null, "分區": "準要", "郡\n支廳": "〃", "庄 (區)": null, "大字": "Tsudakasu社", "地名": "Tsudakasu社蕃地", "土地\n類型": "旱田、\n山林\n原野", "面積\n(公頃)": "344", "區分\n理由": "同上", "地        況": "位於虷子崙溪中游右岸及其支流右岸，為東向及北向緩坡地。基岩及土壤狀況等，與番號130相同。海拔高度介於272至1,000公尺。\n東側以小溪流與要存置林野61連接。北側有部分以虷子崙溪溪畔為界；有部分與要存置林野59接壤；另有部分以溪流，與要存置林野58及準要存置林野164鄰接。南側以稜線或溪流，與要存置林野60相鄰。", "林        況": "同上", "參  考  事  項": "(1) 本地與番號164、165同樣獲認定為必須保留的蕃人所要地，乃針對現居住於的Tobirou、那保那保2社共227名的蕃人。人均面積為3公頃。\n(2) 設有近黃警察官吏駐在所。" }, "geometry": { "type": "MultiPolygon", "coordinates": [ [ [ [ 120.868985636696337, 22.513584056358269 ], [ 120.869728001422502, 22.513287062638444 ], [ 120.870264786767436, 22.51304718623938 ], [ 120.871201313584166, 22.512761604212802 ], [ 120.872125272383911, 22.512662830755399 ], [ 120.872140470209629, 22.511548659733482 ], [ 120.872254635369643, 22.510730119882691 ], [ 120.872254557033997, 22.509378586774307 ], [ 120.872194151488543, 22.507192913291959 ], [ 120.872239759093077, 22.505856606442904 ], [ 120.872342425359292, 22.503697955470088 ], [ 120.872308084817234, 22.502373074029592 ], [ 120.873473047438068, 22.502270223106159 ], [ 120.873530132566458, 22.501904735242928 ], [ 120.873542018108282, 22.501704423800572 ], [ 120.873951203302497, 22.500381423751616 ], [ 120.874284262753747, 22.499334444835526 ], [ 120.874605247266814, 22.497956562999651 ], [ 120.874628035274128, 22.49748721477588 ], [ 120.874442483242376, 22.497765579841953 ], [ 120.873966618887323, 22.498136799347375 ], [ 120.872919713556982, 22.498888760959264 ], [ 120.872596126611256, 22.499155276626023 ], [ 120.871730073895307, 22.500183246522823 ], [ 120.870673673454363, 22.501325440009477 ], [ 120.869912305705384, 22.502182083581097 ], [ 120.869204841543635, 22.502518415936809 ], [ 120.868662373020086, 22.503232280982292 ], [ 120.868186514180024, 22.50369867888741 ], [ 120.86717768357903, 22.504517263491145 ], [ 120.866197387929873, 22.505021757987151 ], [ 120.865959462094594, 22.505316822894908 ], [ 120.865159991490671, 22.505621433731147 ], [ 120.864541351447784, 22.505821339294677 ], [ 120.86433197104283, 22.505983153030563 ], [ 120.862999522053727, 22.506525736505214 ], [ 120.862163727077458, 22.506786972313265 ], [ 120.862039125926984, 22.506570708748349 ], [ 120.861818294145294, 22.50621284904847 ], [ 120.861757359574895, 22.505847367078786 ], [ 120.861696411768165, 22.505253456973644 ], [ 120.861627867436951, 22.504964118096417 ], [ 120.861292825254253, 22.504644335464864 ], [ 120.860889255506308, 22.504324556260581 ], [ 120.860805483710251, 22.504050446687053 ], [ 120.860593550207497, 22.503952740807193 ], [ 120.860311824007226, 22.503922297813777 ], [ 120.859931104721866, 22.503739574347421 ], [ 120.85983971610537, 22.503419779527153 ], [ 120.859611266181673, 22.502993391764818 ], [ 120.859207706139074, 22.502841126524913 ], [ 120.858964038896531, 22.502605096304102 ], [ 120.858735589414664, 22.502186322812058 ], [ 120.858362478126978, 22.501896999165929 ], [ 120.857981766340359, 22.501843718308418 ], [ 120.857745715918611, 22.50165337333301 ], [ 120.857666895006147, 22.501408070836444 ], [ 120.857541226728472, 22.500814163963749 ], [ 120.857152886651932, 22.500517226806561 ], [ 120.856821665451392, 22.500437293523305 ], [ 120.856673170532233, 22.500117501556687 ], [ 120.856239148057881, 22.499866252310763 ], [ 120.855508185367, 22.499832024645706 ], [ 120.855017053278203, 22.499523671220381 ], [ 120.854731499257042, 22.499135357665239 ], [ 120.854263227553162, 22.499135381083072 ], [ 120.853726415711819, 22.498918401196306 ], [ 120.853418015198713, 22.498461560340484 ], [ 120.852949732908101, 22.498278841246734 ], [ 120.852584228736063, 22.497867688873423 ], [ 120.85250423492333, 22.497091037199255 ], [ 120.851887461684171, 22.496657054575373 ], [ 120.851830336194951, 22.49632583662941 ], [ 120.851579047943218, 22.495971785577751 ], [ 120.851030820131129, 22.495846177513648 ], [ 120.850436897351457, 22.49554925062888 ], [ 120.849900081538493, 22.495263742294981 ], [ 120.848929270366398, 22.495195262394631 ], [ 120.848746516957547, 22.494966843391445 ], [ 120.848106927650775, 22.494989718185696 ], [ 120.847672913769685, 22.494886947223051 ], [ 120.847433059345718, 22.494749902331037 ], [ 120.847010472678406, 22.494749923460564 ], [ 120.846587898578221, 22.494966951324255 ], [ 120.846188156417014, 22.495001235533206 ], [ 120.846519433850418, 22.496051988422913 ], [ 120.846896418163226, 22.497479645460764 ], [ 120.84688505578147, 22.498496151262273 ], [ 120.846679780927715, 22.49888144366134 ], [ 120.84597172580176, 22.499970319885207 ], [ 120.845461620681149, 22.500739386811919 ], [ 120.845080932261851, 22.50108966233816 ], [ 120.844852527768012, 22.501447544519937 ], [ 120.844418548069939, 22.501934879599101 ], [ 120.844212989628787, 22.502353674811108 ], [ 120.844416492831655, 22.502602143691597 ], [ 120.844378463320183, 22.503315983544045 ], [ 120.844169125644612, 22.504215429832968 ], [ 120.842622507530081, 22.504405863983436 ], [ 120.841923475686528, 22.504626903180775 ], [ 120.840309283090733, 22.504840183528621 ], [ 120.837895603947146, 22.50508396095719 ], [ 120.835992076239066, 22.505358169955354 ], [ 120.834872798338537, 22.505457211476958 ], [ 120.83485759778813, 22.505936911350489 ], [ 120.834751027145728, 22.506416615794883 ], [ 120.834735831450871, 22.506980072656422 ], [ 120.834690209950409, 22.508076530055675 ], [ 120.834850133209059, 22.508518149810183 ], [ 120.834751157768196, 22.50867044019494 ], [ 120.834766408183114, 22.509051153014468 ], [ 120.834780100525109, 22.509324203831873 ], [ 120.834882665798276, 22.509302219873824 ], [ 120.835558423224512, 22.50929266822487 ], [ 120.835745634464573, 22.509253445359349 ], [ 120.835996893392718, 22.509101147355768 ], [ 120.836347140559724, 22.509017372844479 ], [ 120.836682169969492, 22.50911634161368 ], [ 120.836963904130428, 22.509283841493559 ], [ 120.837260855606544, 22.509260983821743 ], [ 120.838144081295837, 22.508941140225346 ], [ 120.838600925136319, 22.508826903295148 ], [ 120.838859800002552, 22.508705061998221 ], [ 120.839293806174098, 22.508674583198449 ], [ 120.839529836751808, 22.508522285958307 ], [ 120.84040546900421, 22.508560313508209 ], [ 120.840862319462005, 22.508560290651975 ], [ 120.841052666758344, 22.508438452784137 ], [ 120.841494287984361, 22.50842320214679 ], [ 120.841753178736127, 22.50857547462531 ], [ 120.842042531480743, 22.508819116838108 ], [ 120.842743032865272, 22.508773396162574 ], [ 120.842895327824806, 22.508971359602757 ], [ 120.84351969893973, 22.509123613795261 ], [ 120.843694839069954, 22.509367261720993 ], [ 120.84388519474993, 22.5093900950117 ], [ 120.843885204017937, 22.509549994712913 ], [ 120.844441043150056, 22.509626109618228 ], [ 120.844913122393251, 22.509633700270729 ], [ 120.845088257668479, 22.509793591209672 ], [ 120.845362379856226, 22.509999162824712 ], [ 120.845871461534159, 22.51004656792011 ], [ 120.845967073533146, 22.510040640172246 ], [ 120.846946959776702, 22.509979889234721 ], [ 120.847489485133693, 22.510246361591605 ], [ 120.847936826692987, 22.510398624638675 ], [ 120.848745831041583, 22.510370030643774 ], [ 120.849078957229082, 22.510474710208495 ], [ 120.849573883513017, 22.510560345999266 ], [ 120.850106867426462, 22.510417551743171 ], [ 120.850877784349763, 22.510103424476746 ], [ 120.851621011140992, 22.509900181423752 ], [ 120.852656514101582, 22.509473730419153 ], [ 120.853357009289113, 22.509321409945642 ], [ 120.855481355902896, 22.509184246779718 ], [ 120.856722471562051, 22.509275555942295 ], [ 120.85768185924988, 22.509305965029064 ], [ 120.858016876726495, 22.509199348470204 ], [ 120.858580286765047, 22.508529264411312 ], [ 120.85886960198691, 22.508125693560334 ], [ 120.859760453719758, 22.50801143492448 ], [ 120.860698908600284, 22.508148444858417 ], [ 120.861422284358227, 22.508652854138123 ], [ 120.862916610667924, 22.509423724338227 ], [ 120.864058762124557, 22.509861487789532 ], [ 120.864353826256561, 22.510118454679546 ], [ 120.864962991610057, 22.510660941023389 ], [ 120.865124822043697, 22.511165378391691 ], [ 120.865181945450516, 22.511460428541515 ], [ 120.865543766210067, 22.511919616564015 ], [ 120.865554408256813, 22.511919249058987 ], [ 120.866141927429709, 22.512302376132496 ], [ 120.866493655452373, 22.51256614645429 ], [ 120.866507423662867, 22.512576471606319 ], [ 120.867044234834012, 22.512782030067211 ], [ 120.867523941025496, 22.513010434198552 ], [ 120.867809495054516, 22.513398747738421 ], [ 120.867980825220812, 22.513592903079349 ], [ 120.868001802834371, 22.51370974106133 ], [ 120.868471687250249, 22.513709717548995 ], [ 120.868985636696337, 22.513584056358269 ] ] ] ] } },
{ "type": "Feature", "properties": { "番號": "164", "類型": "蕃", "分區": "準要", "郡\n支廳": "大武", "庄 (區)": null, "大字": null, "地名": "那保那保社蕃地", "土地\n類型": "旱田、\n山林\n原野", "面積\n(公頃)": "211", "區分\n理由": "第八條\n第二號", "地        況": "介於虷子崙溪中游右岸及其支流之間，為東向及南向緩坡地。基岩及土壤狀況等，與番號130相同。海拔高度介於272至1,095公尺。\n東側以虷子崙溪溪畔為界。北側有部分以溪流、部分以稜線，與準要存置林野165及要存置林野56連接。西側以小溪流，與要存置林野57接壤。南側有部分以溪流與準要存置林野163鄰接；另有部分約略沿斷崖崖線，與要存置林野58相鄰。", "林        況": "同上", "參  考  事  項": "同上\r" }, "geometry": { "type": "MultiPolygon", "coordinates": [ [ [ [ 120.858627576568296, 22.518923844463949 ], [ 120.858696088237878, 22.518649727267817 ], [ 120.859015856388595, 22.518181433578469 ], [ 120.859141470389787, 22.517838785083249 ], [ 120.859506932857087, 22.517530388805206 ], [ 120.859689655150049, 22.517222001673403 ], [ 120.860443423269203, 22.516616629383787 ], [ 120.861105839181548, 22.51631963965389 ], [ 120.861688317525335, 22.516216817842079 ], [ 120.862236531423349, 22.516102576338447 ], [ 120.86300173470751, 22.515737053025706 ], [ 120.863332947959918, 22.515679929416557 ], [ 120.863744102091076, 22.515485744925076 ], [ 120.864018197781689, 22.515234460258778 ], [ 120.864702726172922, 22.51465788290631 ], [ 120.86571916938037, 22.513812647942178 ], [ 120.866552897576923, 22.513401435580622 ], [ 120.866861274264608, 22.513447105776851 ], [ 120.867706462784994, 22.513709755839731 ], [ 120.868001802834371, 22.51370974106133 ], [ 120.867980825220812, 22.513592903079349 ], [ 120.867809495054516, 22.513398747738421 ], [ 120.867523941025496, 22.513010434198552 ], [ 120.867044234834012, 22.512782030067211 ], [ 120.866507423662867, 22.512576471606319 ], [ 120.866493655452373, 22.51256614645429 ], [ 120.865565679531898, 22.513026093851277 ], [ 120.864240834471161, 22.513391645160393 ], [ 120.862173596858625, 22.513574491110994 ], [ 120.860026392531751, 22.51344896307879 ], [ 120.858987049180897, 22.51330053679634 ], [ 120.857033975816748, 22.512649614328293 ], [ 120.85630301114054, 22.512581122461739 ], [ 120.854309633651212, 22.512399669422297 ], [ 120.852596442281481, 22.51236168378859 ], [ 120.851273471809591, 22.512228500236677 ], [ 120.850312176259507, 22.512123852104843 ], [ 120.849731603207303, 22.512257130904779 ], [ 120.849322333623377, 22.512123901633348 ], [ 120.848951147047984, 22.512200062920734 ], [ 120.847371203703759, 22.51216207061913 ], [ 120.846961936876326, 22.512076430543686 ], [ 120.846638316266123, 22.511762358038293 ], [ 120.84632420730469, 22.511343588824154 ], [ 120.84627659995769, 22.511019984668486 ], [ 120.846067201891657, 22.510877227555351 ], [ 120.846143327634167, 22.510601206405539 ], [ 120.846000535938288, 22.510153875100848 ], [ 120.845967073533146, 22.510040640172246 ], [ 120.845871461534159, 22.51004656792011 ], [ 120.845362379856226, 22.509999162824712 ], [ 120.845088257668479, 22.509793591209672 ], [ 120.844913122393251, 22.509633700270729 ], [ 120.844441043150056, 22.509626109618228 ], [ 120.843885204017937, 22.509549994712913 ], [ 120.84388519474993, 22.5093900950117 ], [ 120.843694839069954, 22.509367261720993 ], [ 120.84351969893973, 22.509123613795261 ], [ 120.842895327824806, 22.508971359602757 ], [ 120.842743032865272, 22.508773396162574 ], [ 120.842042531480743, 22.508819116838108 ], [ 120.841753178736127, 22.50857547462531 ], [ 120.841494287984361, 22.50842320214679 ], [ 120.841052666758344, 22.508438452784137 ], [ 120.840862319462005, 22.508560290651975 ], [ 120.84040546900421, 22.508560313508209 ], [ 120.839529836751808, 22.508522285958307 ], [ 120.839293806174098, 22.508674583198449 ], [ 120.838859800002552, 22.508705061998221 ], [ 120.838600925136319, 22.508826903295148 ], [ 120.838144081295837, 22.508941140225346 ], [ 120.837260855606544, 22.509260983821743 ], [ 120.836963904130428, 22.509283841493559 ], [ 120.836682169969492, 22.50911634161368 ], [ 120.836347140559724, 22.509017372844479 ], [ 120.835996893392718, 22.509101147355768 ], [ 120.835745634464573, 22.509253445359349 ], [ 120.835558423224512, 22.50929266822487 ], [ 120.834882665798276, 22.509302219873824 ], [ 120.834780100525109, 22.509324203831873 ], [ 120.834791627560406, 22.509554074395105 ], [ 120.834791767696188, 22.511971605639093 ], [ 120.834867964617047, 22.512923385784312 ], [ 120.834829962720306, 22.514113117633986 ], [ 120.834791906747483, 22.514370101207206 ], [ 120.834725327972478, 22.515150567385703 ], [ 120.834639692792194, 22.515569356613561 ], [ 120.834614673282999, 22.51600138203138 ], [ 120.834741274485822, 22.515909297034227 ], [ 120.836005247744225, 22.516259490273956 ], [ 120.837466180696055, 22.516719826784268 ], [ 120.838105788118995, 22.517009137095485 ], [ 120.840100754775619, 22.517922749843663 ], [ 120.840648985038996, 22.51809023637982 ], [ 120.841039357975575, 22.518311775398743 ], [ 120.842164600839965, 22.518338671311714 ], [ 120.84332576351747, 22.518357648873977 ], [ 120.844163317715541, 22.518271946399363 ], [ 120.845648055194275, 22.517815015797304 ], [ 120.847399261168903, 22.51688217989453 ], [ 120.847779966565682, 22.516825053805327 ], [ 120.848674613816058, 22.516510920333516 ], [ 120.849578772712121, 22.516092090154526 ], [ 120.850549569978398, 22.515920720463843 ], [ 120.850988928160319, 22.515861053350253 ], [ 120.851933093252725, 22.515990448713939 ], [ 120.853478824893244, 22.516926926738336 ], [ 120.855161614311967, 22.517909083525783 ], [ 120.855884981154176, 22.518259303804559 ], [ 120.85697382702223, 22.518586662976155 ], [ 120.857575360454931, 22.518822675280706 ], [ 120.858543667168377, 22.519025565477609 ], [ 120.858627576568296, 22.518923844463949 ] ] ] ] } },
{ "type": "Feature", "properties": { "番號": "160", "類型": "蕃", "分區": "準要", "郡\n支廳": "〃", "庄 (區)": null, "大字": null, "地名": "Rurakushi社蕃地", "土地\n類型": "旱田、\n山林\n原野", "面積\n(公頃)": "45", "區分\n理由": "同上", "地        況": "虷子崙溪下游右岸的北向緩坡地。基岩及土壤狀況等，與番號130相同。海拔高度介於181至600公尺。\n東側及南側以小溪流，西側以稜線，為要存置林野67所圍繞。北側以虷子崙溪溪畔為界。", "林        況": "同上", "參  考  事  項": "(1) 本地域內現在雖沒有蕃人居住，但是此處是Toabaru社唯一的農耕用地，故必須保留。\n(2) 本地獲認定為必須保留的蕃人所要地，乃針對現居住於番號162、166的Toakau社207名的蕃人。人均面積為3公頃。" }, "geometry": { "type": "MultiPolygon", "coordinates": [ [ [ [ 120.909023845713023, 22.518716933364626 ], [ 120.909661487999699, 22.517945956566077 ], [ 120.910251557158176, 22.517441481617471 ], [ 120.911237529351865, 22.51635125910348 ], [ 120.911705746029668, 22.515403259002973 ], [ 120.911842742875734, 22.514398168449613 ], [ 120.911717050757773, 22.51339309104084 ], [ 120.911271549475444, 22.512148180113805 ], [ 120.910460584443783, 22.511188822611153 ], [ 120.909752425312234, 22.510480730887636 ], [ 120.908975730680439, 22.509635585722641 ], [ 120.908404741181144, 22.510903390321651 ], [ 120.907822307917769, 22.511782867702131 ], [ 120.90741117236476, 22.512296851530518 ], [ 120.90697720157543, 22.512936471965972 ], [ 120.906554632846465, 22.513244871064622 ], [ 120.906160632991032, 22.5138245271221 ], [ 120.905692384520549, 22.514224299754407 ], [ 120.905338350632789, 22.514658330889986 ], [ 120.904858688848705, 22.515195160965018 ], [ 120.904219138038059, 22.515880477318266 ], [ 120.903531531977478, 22.516375279645032 ], [ 120.903566938240061, 22.516491389819855 ], [ 120.903906450583406, 22.517304156556651 ], [ 120.903963582267309, 22.51774197425571 ], [ 120.904734548751037, 22.518284452451567 ], [ 120.905800572719215, 22.518969683452216 ], [ 120.906847553526504, 22.519521665668538 ], [ 120.907923090792465, 22.520130753482601 ], [ 120.908090200375497, 22.520217640594396 ], [ 120.909023845713023, 22.518716933364626 ] ] ] ] } },
{ "type": "Feature", "properties": { "番號": "166", "類型": "蕃", "分區": "準要", "郡\n支廳": "〃", "庄 (區)": null, "大字": null, "地名": "近黃社蕃地", "土地\n類型": "旱田、\n山林\n原野", "面積\n(公頃)": "32", "區分\n理由": "同上", "地        況": "虷子崙溪中游左岸之南向緩坡地。基岩及土壤狀況等，與番號130相同。海拔高度介於212至516公尺。\n東側及南側以虷子崙溪溪畔為界。北側與要存置林野68相鄰。西側以稜線與準要存置林野167相鄰。", "林        況": "同上", "參  考  事  項": "同番號160。\r" }, "geometry": { "type": "MultiPolygon", "coordinates": [ [ [ [ 120.899912796572821, 22.520943323011238 ], [ 120.90075032647826, 22.520440739229432 ], [ 120.901709656660216, 22.519481293116339 ], [ 120.902379655328474, 22.518643689817097 ], [ 120.902651580744504, 22.518357784811887 ], [ 120.902600694582617, 22.518318775869272 ], [ 120.902200911419797, 22.51764493292767 ], [ 120.901823965479821, 22.516879717595092 ], [ 120.901526937899192, 22.515589113590305 ], [ 120.901458389813826, 22.515235053437088 ], [ 120.90121849171264, 22.514344195779927 ], [ 120.900887216252897, 22.513327707229163 ], [ 120.900601670193339, 22.513076450586258 ], [ 120.899847859765529, 22.51295085283752 ], [ 120.899550905024711, 22.512916603477571 ], [ 120.899094055294981, 22.512928047741667 ], [ 120.898397363742717, 22.513019453848049 ], [ 120.897883418305696, 22.513213643464816 ], [ 120.897597913955366, 22.513681935395851 ], [ 120.897198184426856, 22.513933226329019 ], [ 120.896638561232677, 22.514253053699242 ], [ 120.895998997164611, 22.514709941942971 ], [ 120.895723233315692, 22.514804752667029 ], [ 120.896758353724422, 22.515931368172552 ], [ 120.897420851029963, 22.517039211404416 ], [ 120.897683587687837, 22.517861539489559 ], [ 120.897877819968826, 22.519083620213383 ], [ 120.898380412360595, 22.520065835977277 ], [ 120.898597440803741, 22.520488417137575 ], [ 120.89927133619878, 22.521196510580999 ], [ 120.899477768192966, 22.521415432609029 ], [ 120.899912796572821, 22.520943323011238 ] ] ] ] } },
{ "type": "Feature", "properties": { "番號": "116", "類型": null, "分區": "準要", "郡\n支廳": "〃", "庄 (區)": "〃", "大字": "察腊密", "地名": null, "土地\n類型": "旱田、\n山林\n原野", "面積\n(公頃)": "743", "區分\n理由": "同上", "地        況": "虷子崙溪下游右岸之緩坡地。基岩及土壤狀況等，與番號115相同。海拔高度在910公尺以下。\n東側正對太平洋，以山麓為界。北側以稜線與準要存置林野115相鄰；另與虷子崙溪溪畔鄰接。西側以稜線與要存置林野67及66接壤。南側以小溪與準要存置林野117連接。", "林        況": "同番號104。", "參  考  事  項": "(1) 同番號104之 (1)。\n(2) 同番號115之 (2)。\n(3) 設有瀧警察官吏派出所。" }, "geometry": { "type": "MultiPolygon", "coordinates": [ [ [ [ 120.913824909398002, 22.521391508193986 ], [ 120.914365495804205, 22.5210488389679 ], [ 120.915218254026101, 22.520546254439981 ], [ 120.91659639414965, 22.520112172053413 ], [ 120.917479632461479, 22.520013142334186 ], [ 120.917797491171982, 22.519991045042147 ], [ 120.918437072418399, 22.519831113355078 ], [ 120.919293659576113, 22.519705435024623 ], [ 120.919967511883371, 22.519671137083872 ], [ 120.920264471245702, 22.519785336276943 ], [ 120.920561422660313, 22.519762478604495 ], [ 120.921258120132862, 22.519773865142394 ], [ 120.921566503402943, 22.51993374938527 ], [ 120.922320303195733, 22.519876604632504 ], [ 120.922982735563295, 22.519865150074349 ], [ 120.92340532612458, 22.519933657357484 ], [ 120.92386217383968, 22.519887948871958 ], [ 120.924981457230231, 22.519887892855333 ], [ 120.925769540000701, 22.520161967143 ], [ 120.926237823543104, 22.520367529002897 ], [ 120.926991655118812, 22.520858611704849 ], [ 120.927517054890487, 22.52123549178496 ], [ 120.927776629376794, 22.52144889926214 ], [ 120.928164125609783, 22.52135333026121 ], [ 120.929287163639856, 22.520449079468836 ], [ 120.929858192367874, 22.519858944951594 ], [ 120.929991439836641, 22.519849420445205 ], [ 120.930124666885192, 22.519487735944843 ], [ 120.930410185112734, 22.519259293550984 ], [ 120.930752805219583, 22.518954705598258 ], [ 120.931095413185531, 22.518440725217523 ], [ 120.931257188967834, 22.518002896588392 ], [ 120.931447534453113, 22.517850601660236 ], [ 120.931761589273009, 22.517336622710371 ], [ 120.932618132369441, 22.516451420947075 ], [ 120.933626960573008, 22.515594765080344 ], [ 120.934215776359451, 22.514813606685301 ], [ 120.934912431435194, 22.514094023306278 ], [ 120.935677610092029, 22.51330590807088 ], [ 120.936819639976562, 22.51164974720075 ], [ 120.937345015892902, 22.511615456701783 ], [ 120.938658434828227, 22.511169956198835 ], [ 120.939743428587093, 22.510724467125701 ], [ 120.94081701630931, 22.510541670939091 ], [ 120.942016223311299, 22.510107597561266 ], [ 120.942290333517789, 22.510107583848949 ], [ 120.943215438915303, 22.509822002448786 ], [ 120.944197643984907, 22.509422204144983 ], [ 120.94471159532381, 22.509330807196658 ], [ 120.945005931597564, 22.509346734850677 ], [ 120.945481857082939, 22.510031995332891 ], [ 120.945643700166812, 22.510755342875587 ], [ 120.946033972283772, 22.511545303851793 ], [ 120.945967362066924, 22.511783253118065 ], [ 120.946119670889431, 22.512221066016362 ], [ 120.946195834679258, 22.512601775700109 ], [ 120.946300554374375, 22.513030073141795 ], [ 120.946433837146472, 22.513629690226903 ], [ 120.947290380775954, 22.512754006337623 ], [ 120.947804289963173, 22.511935446617226 ], [ 120.948565670783807, 22.511307231265064 ], [ 120.949060573778112, 22.510993117875994 ], [ 120.949841017057565, 22.510831275599955 ], [ 120.950878437545498, 22.510650384794456 ], [ 120.951373357637408, 22.510631324361462 ], [ 120.952591609195579, 22.510355246139152 ], [ 120.953752764387701, 22.510250491844037 ], [ 120.955266077245255, 22.51018379128173 ], [ 120.956636624921316, 22.510126615698876 ], [ 120.957690427416296, 22.510008224542375 ], [ 120.958067319669041, 22.509848306025788 ], [ 120.959175175089669, 22.509734036562726 ], [ 120.960331100776529, 22.509551022450712 ], [ 120.960341626626871, 22.509494865979701 ], [ 120.959804783813496, 22.5087410801383 ], [ 120.959530637879951, 22.508124338009342 ], [ 120.959404970288062, 22.507541852666851 ], [ 120.958788160803394, 22.506479692901245 ], [ 120.95884525253561, 22.506228419147227 ], [ 120.958593945813746, 22.505554568851757 ], [ 120.958559657555796, 22.505131978600858 ], [ 120.958045840098279, 22.503426883786823 ], [ 120.957778203881745, 22.502434613318293 ], [ 120.957341925010383, 22.501902405707188 ], [ 120.956799362871436, 22.500998238315731 ], [ 120.956304378284969, 22.499903711802162 ], [ 120.955933116282097, 22.49867592938169 ], [ 120.955590434437838, 22.49791451954858 ], [ 120.955571354912166, 22.497153093535541 ], [ 120.955304783928639, 22.495858681019509 ], [ 120.9549620850065, 22.494802218235652 ], [ 120.954305291565532, 22.493574450084687 ], [ 120.953857921477407, 22.492927259525597 ], [ 120.953343923526006, 22.492213447436342 ], [ 120.952941812906062, 22.491526587700069 ], [ 120.952587048764585, 22.491667111103222 ], [ 120.950721613485285, 22.492304899437045 ], [ 120.949665160308498, 22.492533380337804 ], [ 120.948542127757918, 22.493532809381737 ], [ 120.946857553856816, 22.494598891363903 ], [ 120.945959107672095, 22.495050557657198 ], [ 120.945696421371522, 22.49509625640858 ], [ 120.944314492077439, 22.495838716804776 ], [ 120.942715560189896, 22.49660403086483 ], [ 120.942224460620977, 22.496855326324198 ], [ 120.941196567187234, 22.497198019861255 ], [ 120.940397092310263, 22.497426487930586 ], [ 120.93990597752601, 22.497415091080491 ], [ 120.939563342411361, 22.497460793831273 ], [ 120.938718171775676, 22.497504142248847 ], [ 120.93695739769457, 22.497561337310056 ], [ 120.935158557704057, 22.497704194812727 ], [ 120.934273434950398, 22.498132541756426 ], [ 120.933788036961758, 22.498227744401756 ], [ 120.932741121307416, 22.498798867001131 ], [ 120.93202731633103, 22.499208169708009 ], [ 120.931313513007964, 22.499646025928946 ], [ 120.929276792947491, 22.500873928826607 ], [ 120.927468496959932, 22.502082784637327 ], [ 120.926995949255797, 22.502273422640204 ], [ 120.926961985057218, 22.502375335950035 ], [ 120.926813526554255, 22.502683721315641 ], [ 120.926379564366016, 22.503471819979779 ], [ 120.926014125101446, 22.504179965381852 ], [ 120.925691971841886, 22.504549749489428 ], [ 120.924397640124383, 22.505889925780053 ], [ 120.92387992314481, 22.506697064317603 ], [ 120.923042432972736, 22.507884932364153 ], [ 120.922859736951054, 22.508646368526737 ], [ 120.92270085543781, 22.508942260526194 ], [ 120.922418162587221, 22.50946873180256 ], [ 120.921961349288807, 22.510108353356408 ], [ 120.921382714522181, 22.510839352249349 ], [ 120.920758379714883, 22.511311468241313 ], [ 120.920240648622482, 22.511874950144698 ], [ 120.91970768388903, 22.51234706156794 ], [ 120.919098569482685, 22.51268211993666 ], [ 120.918519935601282, 22.513428347379001 ], [ 120.917834705066937, 22.514205037238639 ], [ 120.917073323976254, 22.514829445503906 ], [ 120.916569289304121, 22.515236072761667 ], [ 120.915552851520886, 22.516172678879538 ], [ 120.914947547289486, 22.516561036959025 ], [ 120.913816894925915, 22.517463384582456 ], [ 120.913268716196029, 22.518182960570421 ], [ 120.912971770736235, 22.518308610893047 ], [ 120.912697690974696, 22.518834009269845 ], [ 120.912686336607209, 22.51998757181083 ], [ 120.913029041948363, 22.521152538037406 ], [ 120.913337710113979, 22.521622838539397 ], [ 120.913824909398002, 22.521391508193986 ] ] ] ] } },
{ "type": "Feature", "properties": { "番號": "165", "類型": "蕃", "分區": "準要", "郡\n支廳": "〃", "庄 (區)": null, "大字": null, "地名": "Tobirou社蕃地", "土地\n類型": "旱田、\n山林\n原野", "面積\n(公頃)": "126", "區分\n理由": "同上", "地        況": "虷子崙溪中游右岸，為東北向緩坡地。基岩及土壤狀況等，與番號130相同。海拔高度介於970以下至272公尺。\n東側以虷子崙溪溪畔為界。北側以斷崖上緣，西側以小稜線，與要存置林野56相鄰。南側以溪流或稜線，與準要存置林野164相鄰。", "林        況": "同上", "參  考  事  項": "同上\r" }, "geometry": { "type": "MultiPolygon", "coordinates": [ [ [ [ 120.852563966273451, 22.526332500979148 ], [ 120.85256743984344, 22.526312148433377 ], [ 120.852748267149352, 22.526151351348219 ], [ 120.853005231167117, 22.525903874661779 ], [ 120.853509654737351, 22.52563734990769 ], [ 120.853966487510647, 22.525332756179957 ], [ 120.854556558942988, 22.524866352515328 ], [ 120.854794483660996, 22.524552251909107 ], [ 120.855022903360165, 22.524457062081474 ], [ 120.855565375714832, 22.523809821856688 ], [ 120.85573669186968, 22.523762224084475 ], [ 120.855841367438657, 22.523429094471624 ], [ 120.856107847518274, 22.523153063794609 ], [ 120.856343549596161, 22.522807237171008 ], [ 120.856651894493808, 22.522304679826092 ], [ 120.856823206783858, 22.522190457180535 ], [ 120.857188662624239, 22.521767846826982 ], [ 120.857234328457352, 22.521436623737827 ], [ 120.857759642869866, 22.520340142371008 ], [ 120.858250701451311, 22.519380719605529 ], [ 120.858543667168377, 22.519025565477609 ], [ 120.857575360454931, 22.518822675280706 ], [ 120.85697382702223, 22.518586662976155 ], [ 120.855884981154176, 22.518259303804559 ], [ 120.855161614311967, 22.517909083525783 ], [ 120.853478824893244, 22.516926926738336 ], [ 120.851933093252725, 22.515990448713939 ], [ 120.850988928160319, 22.515861053350253 ], [ 120.850549569978398, 22.515920720463843 ], [ 120.849578772712121, 22.516092090154526 ], [ 120.848674613816058, 22.516510920333516 ], [ 120.847779966565682, 22.516825053805327 ], [ 120.847399261168903, 22.51688217989453 ], [ 120.845648055194275, 22.517815015797304 ], [ 120.844163317715541, 22.518271946399363 ], [ 120.84332576351747, 22.518357648873977 ], [ 120.842164600839965, 22.518338671311714 ], [ 120.841039357975575, 22.518311775398743 ], [ 120.841212452481514, 22.518410007584958 ], [ 120.84262880635643, 22.520435332932585 ], [ 120.843100933737958, 22.521272879172706 ], [ 120.843451212251139, 22.521729717932583 ], [ 120.843161983162602, 22.523618071760772 ], [ 120.842926969280882, 22.524889381345059 ], [ 120.843012637023435, 22.525032144648502 ], [ 120.843412384815224, 22.525094942375691 ], [ 120.843715043933983, 22.525020688075411 ], [ 120.844171884117713, 22.524843633390113 ], [ 120.844503086782098, 22.524603767254707 ], [ 120.844800032288077, 22.524478116908018 ], [ 120.845096988726269, 22.52454091978171 ], [ 120.845393954108815, 22.524757911653779 ], [ 120.845736594929249, 22.52480929083282 ], [ 120.846261969966534, 22.524757868197764 ], [ 120.846882901475453, 22.524682075110086 ], [ 120.847393042752174, 22.524537378411928 ], [ 120.848504709086143, 22.524484022858061 ], [ 120.848816897734793, 22.524613449844463 ], [ 120.850377811380028, 22.524750428586742 ], [ 120.85131438394717, 22.525252923614662 ], [ 120.851855032271544, 22.525976252334978 ], [ 120.851941397045522, 22.526333963529499 ], [ 120.852208003419179, 22.526353458131677 ], [ 120.852563966273451, 22.526332500979148 ] ] ] ] } },
{ "type": "Feature", "properties": { "番號": "115", "類型": null, "分區": "準要", "郡\n支廳": "大武", "庄 (區)": "太麻里", "大字": "打腊打蘭", "地名": null, "土地\n類型": "旱田、\n山林\n原野", "面積\n(公頃)": "530", "區分\n理由": "第八條\n第四號", "地        況": "虷子崙溪下游右岸之緩坡地。基岩為下部黏板岩，土壤質地為黏質壤土，摻雜石礫，濕度偏乾，結合度軟，地力尚可。海拔高度在678公尺以下。\n東側正對太平洋，並以山麓為界。北側除有部分以小溪及稜線，與準要存置林野114相鄰外，其餘以虷子崙溪溪畔為界。西側及南側以稜線與準要存置林野116鄰接。", "林        況": "同前述番號111。", "參  考  事  項": "(1) 同番號104之 (1)。\n(2) 本區與番號116、117、156、157共同選定為行政區內蕃人所要地，供察腊密社484名、打腊打蘭社236名及大得吉社178名，共計898名蕃人使用。惟因土地狹小，無法集中安置於同一處，故為將來移住計畫，另選定 (大武區大武) 番號127作為安置地。人均面積為2.872公頃。" }, "geometry": { "type": "MultiPolygon", "coordinates": [ [ [ [ 120.947173505190719, 22.527867568203821 ], [ 120.947944436821984, 22.527810422585283 ], [ 120.948610665300791, 22.527610514647748 ], [ 120.949419659508592, 22.527410599564007 ], [ 120.950276242843373, 22.527220199936018 ], [ 120.950856809120765, 22.526972707102079 ], [ 120.951418341623565, 22.52675376873345 ], [ 120.951979882407088, 22.52667759792481 ], [ 120.95240817407246, 22.526582398112019 ], [ 120.953255248520065, 22.526544284359574 ], [ 120.953866434914332, 22.526379595179883 ], [ 120.954521249745156, 22.526311033972735 ], [ 120.955168440244663, 22.526067344942422 ], [ 120.955899395469899, 22.525975937115359 ], [ 120.956813094799756, 22.525953048569125 ], [ 120.957521206622516, 22.525846413346692 ], [ 120.958107485065952, 22.525625570176931 ], [ 120.958381577153574, 22.525313371397484 ], [ 120.958716575551705, 22.524879341254056 ], [ 120.958990662781602, 22.524483385508969 ], [ 120.959028709794595, 22.524072213039364 ], [ 120.959348491773383, 22.523843768941759 ], [ 120.959691115826516, 22.523607709431516 ], [ 120.960307865529444, 22.523638135640908 ], [ 120.960579442854865, 22.523727589716994 ], [ 120.960807872432042, 22.523803720980595 ], [ 120.961274236605334, 22.523737072778449 ], [ 120.961712033833052, 22.523432480078654 ], [ 120.96212126025209, 22.522823318022596 ], [ 120.962482925143178, 22.522680532365225 ], [ 120.9632348163492, 22.522537727177355 ], [ 120.964062849825567, 22.52240443601633 ], [ 120.964691019565379, 22.522413922414295 ], [ 120.965243024954646, 22.522033181306135 ], [ 120.965252517832411, 22.521604878165004 ], [ 120.965109730030875, 22.52122417183044 ], [ 120.964928839911636, 22.520300950692103 ], [ 120.964747971318062, 22.51974892519647 ], [ 120.964490945553479, 22.518930404074844 ], [ 120.96430057911337, 22.518721021186522 ], [ 120.964186343908196, 22.518330795585019 ], [ 120.963948374546121, 22.517873951315742 ], [ 120.963872204131832, 22.517379027601883 ], [ 120.963679450152341, 22.517029732627979 ], [ 120.963403406621055, 22.516515783240873 ], [ 120.963346283226272, 22.516220733151243 ], [ 120.963222533619444, 22.515887615047149 ], [ 120.962975043234721, 22.51537366423053 ], [ 120.962917916530444, 22.51502150711854 ], [ 120.962689464887333, 22.514564662371228 ], [ 120.962489552597418, 22.513869870269577 ], [ 120.962232538983798, 22.513260741557964 ], [ 120.962070714658196, 22.512861000498379 ], [ 120.961737568152344, 22.512404160987284 ], [ 120.961518151901302, 22.51183619503858 ], [ 120.960901339757768, 22.510728349662894 ], [ 120.960512989182732, 22.510248670102371 ], [ 120.960558662962853, 22.510054503941781 ], [ 120.960307373442745, 22.509677610164584 ], [ 120.960331100776529, 22.509551022450712 ], [ 120.959175175089669, 22.509734036562726 ], [ 120.958067319669041, 22.509848306025788 ], [ 120.957690427416296, 22.510008224542375 ], [ 120.956636624921316, 22.510126615698876 ], [ 120.955266077245255, 22.51018379128173 ], [ 120.953752764387701, 22.510250491844037 ], [ 120.952591609195579, 22.510355246139152 ], [ 120.951373357637408, 22.510631324361462 ], [ 120.950878437545498, 22.510650384794456 ], [ 120.949841017057565, 22.510831275599955 ], [ 120.949060573778112, 22.510993117875994 ], [ 120.948565670783807, 22.511307231265064 ], [ 120.947804289963173, 22.511935446617226 ], [ 120.947290380775954, 22.512754006337623 ], [ 120.946433837146472, 22.513629690226903 ], [ 120.946300554374375, 22.513030073141795 ], [ 120.946195834679258, 22.512601775700109 ], [ 120.946119670889431, 22.512221066016362 ], [ 120.945967362066924, 22.511783253118065 ], [ 120.946033972283772, 22.511545303851793 ], [ 120.945643700166812, 22.510755342875587 ], [ 120.945481857082939, 22.510031995332891 ], [ 120.945005931597564, 22.509346734850677 ], [ 120.94471159532381, 22.509330807196658 ], [ 120.944197643984907, 22.509422204144983 ], [ 120.943215438915303, 22.509822002448786 ], [ 120.942290333517789, 22.510107583848949 ], [ 120.942016223311299, 22.510107597561266 ], [ 120.94081701630931, 22.510541670939091 ], [ 120.939743428587093, 22.510724467125701 ], [ 120.938658434828227, 22.511169956198835 ], [ 120.937345015892902, 22.511615456701783 ], [ 120.936819639976562, 22.51164974720075 ], [ 120.935677610092029, 22.51330590807088 ], [ 120.934912431435194, 22.514094023306278 ], [ 120.934215776359451, 22.514813606685301 ], [ 120.933626960573008, 22.515594765080344 ], [ 120.932618132369441, 22.516451420947075 ], [ 120.931761589273009, 22.517336622710371 ], [ 120.931447534453113, 22.517850601660236 ], [ 120.931257188967834, 22.518002896588392 ], [ 120.931095413185531, 22.518440725217523 ], [ 120.930752805219583, 22.518954705598258 ], [ 120.930410185112734, 22.519259293550984 ], [ 120.930124666885192, 22.519487735944843 ], [ 120.929991439836641, 22.519849420445205 ], [ 120.929858192367874, 22.519858944951594 ], [ 120.929287163639856, 22.520449079468836 ], [ 120.928164125609783, 22.52135333026121 ], [ 120.927776629376794, 22.52144889926214 ], [ 120.928031036052346, 22.521658058057149 ], [ 120.928453647142149, 22.522080628901826 ], [ 120.928602150004437, 22.522537477681226 ], [ 120.928842016314732, 22.522880107834538 ], [ 120.929256271153164, 22.523499341418418 ], [ 120.929865457407033, 22.524403505511579 ], [ 120.930826779270859, 22.524965009817418 ], [ 120.93158820425937, 22.525098221430728 ], [ 120.93234009883291, 22.5250125232537 ], [ 120.932730313031527, 22.524803111291636 ], [ 120.933408643612935, 22.524717773716674 ], [ 120.933895944031462, 22.524603535272334 ], [ 120.934398471910995, 22.524474067525649 ], [ 120.935373082019467, 22.524405490310052 ], [ 120.936408609480566, 22.524405438476315 ], [ 120.93697967197582, 22.524397795621645 ], [ 120.937581196459647, 22.524481522482965 ], [ 120.938175116045031, 22.524725149395948 ], [ 120.938989862971738, 22.52525049324656 ], [ 120.93962187064264, 22.525791074783079 ], [ 120.939624566745778, 22.525795363562324 ], [ 120.940101209735531, 22.525674497308685 ], [ 120.94143744068333, 22.524703610993633 ], [ 120.941745798766462, 22.524429481838556 ], [ 120.942111273079462, 22.524326670899757 ], [ 120.943047775211241, 22.523618496915283 ], [ 120.943310462833352, 22.523595640956888 ], [ 120.944338329070973, 22.522784669758671 ], [ 120.944543974653357, 22.52386969293438 ], [ 120.944989463355725, 22.524897597079597 ], [ 120.94536640927241, 22.525662812341185 ], [ 120.945994644078226, 22.526793499979913 ], [ 120.946234505744556, 22.527056180285644 ], [ 120.946348753444823, 22.527661509026711 ], [ 120.946428340443859, 22.527979783264335 ], [ 120.947173505190719, 22.527867568203821 ] ] ] ] } },
{ "type": "Feature", "properties": { "番號": "114", "類型": null, "分區": "準要", "郡\n支廳": "〃", "庄 (區)": "〃", "大字": "打腊打蘭", "地名": null, "土地\n類型": "山林\n原野", "面積\n(公頃)": "25", "區分\n理由": "第八條\n第四號", "地        況": "虷子崙溪下游右岸，為北向緩坡地。溪畔處可見平坦地。基岩與番號109相同，土壤狀況等，與番號104相同。海拔高度在400公尺以下。\n東側以小溪，南側以小稜線與準要存置林野115鄰接。北側以虷子崙溪溪畔為界。", "林        況": "溪畔及其他地方有小部分的蕃人開墾舊跡。其餘部分為櫟屬植物、栲櫧植物主要樹種構成的闊葉林。", "參  考  事  項": "本區域為大武支廳管轄內唯一設施完善的虷子崙溫泉所在地，現為地方居民與警察人員及其眷屬休憩之所。考量未來開發後將轉為公共用途，故認有保留作為公共用地之必要。\r" }, "geometry": { "type": "MultiPolygon", "coordinates": [ [ [ [ 120.944670389662477, 22.528619602674123 ], [ 120.94511771400451, 22.528476812717518 ], [ 120.945660213291546, 22.528295946646878 ], [ 120.946288365390785, 22.528000862239335 ], [ 120.946428340443859, 22.527979783264335 ], [ 120.946348753444823, 22.527661509026711 ], [ 120.946234505744556, 22.527056180285644 ], [ 120.945994644078226, 22.526793499979913 ], [ 120.94536640927241, 22.525662812341185 ], [ 120.944989463355725, 22.524897597079597 ], [ 120.944543974653357, 22.52386969293438 ], [ 120.944338329070973, 22.522784669758671 ], [ 120.943310462833352, 22.523595640956888 ], [ 120.943047775211241, 22.523618496915283 ], [ 120.942111273079462, 22.524326670899757 ], [ 120.941745798766462, 22.524429481838556 ], [ 120.94143744068333, 22.524703610993633 ], [ 120.940101209735531, 22.525674497308685 ], [ 120.939624566745778, 22.525795363562324 ], [ 120.939789397894728, 22.526057565848632 ], [ 120.940185366662391, 22.526605773469555 ], [ 120.940642245717939, 22.527100678150394 ], [ 120.941144798765478, 22.527405223793281 ], [ 120.942050917084387, 22.527953405872744 ], [ 120.942781891768249, 22.528197025918608 ], [ 120.943290311536458, 22.528457868528211 ], [ 120.943632957575375, 22.528600618936661 ], [ 120.944194507203918, 22.528676733523355 ], [ 120.944670389662477, 22.528619602674123 ] ] ] ] } },
{ "type": "Feature", "properties": { "番號": "113", "類型": "蕃", "分區": "準要", "郡\n支廳": "大武", "庄 (區)": "太麻里", "大字": "虷子崙", "地名": null, "土地\n類型": "旱田、\n山林\n原野", "面積\n(公頃)": "140", "區分\n理由": "第八條\n第二號", "地        況": "虷子崙溪下游左岸之南向緩坡地。基岩與番號109相同，土壤狀況等，與番號104相同。海拔高度在800公尺以下。\n東北側以稜線與準要存置林野112相鄰。西側以稜線與要存置林野68鄰接。南側則以虷子崙溪溪畔為界。", "林        況": "同前述番號111。", "參  考  事  項": "本區域內現居蕃人Rurakushi社47名，研判應作為蕃人所要地予以保留，人均面積為2.9787公頃。Rurakushi社雖現居於行政區內，惟為近年遷入之蕃社，未受行政區內蕃人同等之待遇，仍依蕃地蕃人同樣之方式辦理。\r" }, "geometry": { "type": "MultiPolygon", "coordinates": [ [ [ [ 120.924459999447251, 22.535505974269594 ], [ 120.924973893960981, 22.53443519177074 ], [ 120.925364101365844, 22.534108710390903 ], [ 120.925775232224368, 22.533514776719592 ], [ 120.926186377665161, 22.533172113968298 ], [ 120.926700280635544, 22.532246954395912 ], [ 120.927122830767317, 22.531618755940549 ], [ 120.927625333026498, 22.531047660510222 ], [ 120.927991376087363, 22.530494695463336 ], [ 120.928476729340488, 22.529628547922616 ], [ 120.929171457985845, 22.52851492611941 ], [ 120.929685366047039, 22.527677330667526 ], [ 120.929980379346233, 22.527058656444115 ], [ 120.930389594745606, 22.526259137587935 ], [ 120.930700922251589, 22.525586844801825 ], [ 120.930546239479341, 22.525560451857352 ], [ 120.92984191967912, 22.525408201710427 ], [ 120.928928213443101, 22.525313069071125 ], [ 120.928442797239342, 22.52509418310132 ], [ 120.928271446886711, 22.524551674925515 ], [ 120.928023956464727, 22.524037724073942 ], [ 120.927633722387441, 22.523904493878266 ], [ 120.927443344333355, 22.523495236382693 ], [ 120.927186338956631, 22.523028875195298 ], [ 120.927224384979795, 22.522600570590665 ], [ 120.926976900631971, 22.522191315952778 ], [ 120.926263045999917, 22.521744013305746 ], [ 120.925120900224172, 22.521401428309307 ], [ 120.924112015163203, 22.521277746911966 ], [ 120.922598700538288, 22.521315894004868 ], [ 120.922408341251639, 22.521230242991386 ], [ 120.921056823928467, 22.52120175712108 ], [ 120.92033348524059, 22.521335043054773 ], [ 120.920158355614063, 22.521272075459322 ], [ 120.918940092820961, 22.521355893407517 ], [ 120.918132998448897, 22.521492990669501 ], [ 120.91728021506411, 22.521561561785418 ], [ 120.916282784030869, 22.522003239390973 ], [ 120.915673664773067, 22.522254540802113 ], [ 120.915376725719966, 22.522490598047675 ], [ 120.915095020312222, 22.52281802577615 ], [ 120.914767628100805, 22.523114998710071 ], [ 120.914380901367508, 22.523243931122007 ], [ 120.914391480691719, 22.52353440242371 ], [ 120.914638956768542, 22.523800889501416 ], [ 120.915274287483939, 22.524747184608792 ], [ 120.916340336172169, 22.525858814725019 ], [ 120.917680501267981, 22.527077030899878 ], [ 120.918396252950586, 22.527412022964622 ], [ 120.91891404497396, 22.527899310346804 ], [ 120.91950796812327, 22.528203851427545 ], [ 120.919903928963635, 22.528615002203814 ], [ 120.920863394254738, 22.529985522831925 ], [ 120.921457358933125, 22.531005805320468 ], [ 120.921990417300975, 22.532147919182488 ], [ 120.922337605483591, 22.532656154343325 ], [ 120.922699309619702, 22.533189135155521 ], [ 120.923032490435844, 22.534236080643527 ], [ 120.923622646270786, 22.535225906233826 ], [ 120.924200584788679, 22.536192184895214 ], [ 120.924459999447251, 22.535505974269594 ] ] ] ] } },
{ "type": "Feature", "properties": { "番號": "170", "類型": null, "分區": "準要", "郡\n支廳": "大武", "庄 (區)": null, "大字": null, "地名": "Jiyomoru社蕃地", "土地\n類型": "旱田、\n山林\n原野", "面積\n(公頃)": "128", "區分\n理由": "第八條\n第二號", "地        況": "位於虷子崙溪中游左岸支流之左岸，為緩坡地。基岩及土壤狀況等，與番號130相同。海拔高度介於243至940公尺。\n東側及南側以稜線，與準要存置林野167為界。西側以溪流與準要存置林野171相鄰。", "林        況": "同上", "參  考  事  項": "同番號167之 (1)。\r" }, "geometry": { "type": "MultiPolygon", "coordinates": [ [ [ [ 120.898442400718409, 22.543171612314882 ], [ 120.898470124112606, 22.543180274440505 ], [ 120.898388572006922, 22.542642233931183 ], [ 120.898053498869629, 22.541789452390187 ], [ 120.897322484306514, 22.540860547974734 ], [ 120.897033098864895, 22.540053449767786 ], [ 120.896408688034796, 22.539215911258321 ], [ 120.895997471404769, 22.538332676443908 ], [ 120.895631951308047, 22.537647410380266 ], [ 120.895433947444204, 22.537038278633712 ], [ 120.894611570766472, 22.536246435658608 ], [ 120.894028846385723, 22.535388983735878 ], [ 120.893457738974675, 22.534623778120679 ], [ 120.892681050211181, 22.533881425611881 ], [ 120.891173382911802, 22.532830731737082 ], [ 120.889768461219404, 22.530991955676946 ], [ 120.889505728497056, 22.530238156017337 ], [ 120.888957463612215, 22.529472949247179 ], [ 120.888466328222677, 22.52910748883631 ], [ 120.888055140328333, 22.528719181609382 ], [ 120.887467942373661, 22.528404107099 ], [ 120.8872699553107, 22.528084317634498 ], [ 120.886538951370028, 22.527338155685602 ], [ 120.885701326915225, 22.526211285527296 ], [ 120.884741893355439, 22.525388992300375 ], [ 120.883980453040152, 22.524993088331122 ], [ 120.883721549940816, 22.524627616287145 ], [ 120.88213771617032, 22.523150527009246 ], [ 120.881513314194237, 22.522465273878694 ], [ 120.880401568900339, 22.521155674920699 ], [ 120.879457350440504, 22.520104952786102 ], [ 120.878969962968867, 22.518719179860913 ], [ 120.878574125832699, 22.517720315543443 ], [ 120.87844623697957, 22.51764310774799 ], [ 120.878084554904007, 22.517490840428863 ], [ 120.87790425614817, 22.517440533690749 ], [ 120.877977720555023, 22.517819987288647 ], [ 120.877903508522721, 22.51827113655937 ], [ 120.878109104786816, 22.518505265102899 ], [ 120.878109114390242, 22.518670875496667 ], [ 120.878143400689979, 22.519059201601596 ], [ 120.878086302336115, 22.519196261337225 ], [ 120.877972104303538, 22.519447537995759 ], [ 120.878000667389458, 22.519618857663769 ], [ 120.878126321455568, 22.519967204273104 ], [ 120.878137759274793, 22.520252738863221 ], [ 120.878031930828598, 22.520400461017648 ], [ 120.877948187725195, 22.520621279068351 ], [ 120.878001511669439, 22.521047675575659 ], [ 120.878108122906056, 22.521268484098645 ], [ 120.8780776922667, 22.521717727611517 ], [ 120.878047263836109, 22.522205042479154 ], [ 120.878169110486837, 22.522547678575634 ], [ 120.878344250611775, 22.522791326481162 ], [ 120.878534612459347, 22.52292075955927 ], [ 120.87893057951743, 22.523438510166663 ], [ 120.879136175895368, 22.523674542275792 ], [ 120.879532139420789, 22.52413137871422 ], [ 120.879600684650057, 22.524435946122765 ], [ 120.879608325766426, 22.524900416271208 ], [ 120.879705931456954, 22.525199779139513 ], [ 120.879911533357173, 22.52553098963514 ], [ 120.880037189085513, 22.525907889758859 ], [ 120.880060060097335, 22.526399009093147 ], [ 120.880002971023302, 22.526695968520229 ], [ 120.879877366977496, 22.527209938101354 ], [ 120.879991615363224, 22.527826688332578 ], [ 120.880756859021091, 22.52815787080727 ], [ 120.881545955031186, 22.528396142117607 ], [ 120.882177935408592, 22.528464638914119 ], [ 120.882505361215507, 22.528746350546388 ], [ 120.882901316792484, 22.52906613010164 ], [ 120.883114518951771, 22.529157490678344 ], [ 120.883480007231626, 22.529294529255552 ], [ 120.883579004299108, 22.52951533815639 ], [ 120.88377699313294, 22.529865584706915 ], [ 120.884028270577431, 22.530033086085911 ], [ 120.884233868724976, 22.53029957527465 ], [ 120.884348106069481, 22.530725968727484 ], [ 120.884774532921412, 22.531297017695689 ], [ 120.885147651280789, 22.531708169642773 ], [ 120.885231413816612, 22.531822379512462 ], [ 120.88535962211688, 22.53244928139965 ], [ 120.885489066158669, 22.532502574814007 ], [ 120.885725118791825, 22.532730991121287 ], [ 120.885869803111291, 22.532989869087608 ], [ 120.885968806809245, 22.533324892050775 ], [ 120.886182020457596, 22.533614223668664 ], [ 120.886463760341272, 22.533880709041913 ], [ 120.886783558276505, 22.533926378652186 ], [ 120.886951084674862, 22.534177641202856 ], [ 120.887156695198399, 22.534657329973665 ], [ 120.88738514249728, 22.535038032078671 ], [ 120.887590723853435, 22.535015178970095 ], [ 120.887720179385269, 22.535266443426789 ], [ 120.888024784329218, 22.53592125546977 ], [ 120.888276068403869, 22.536202970908086 ], [ 120.888573023817855, 22.53624864166078 ], [ 120.888933055912048, 22.53639672119769 ], [ 120.889407060745441, 22.536785025272959 ], [ 120.889686890235154, 22.536933489540015 ], [ 120.890040959241034, 22.537104792901118 ], [ 120.890423602944296, 22.537647290536121 ], [ 120.890811954294307, 22.538138391556078 ], [ 120.890994703736908, 22.538298282090906 ], [ 120.891194588716047, 22.53852098950199 ], [ 120.891251709934451, 22.538777968282702 ], [ 120.891354509894157, 22.538926441415555 ], [ 120.891548685238135, 22.539166281221675 ], [ 120.891720010436998, 22.539274775999875 ], [ 120.891845654574283, 22.539451801503905 ], [ 120.892256838167995, 22.539765869580275 ], [ 120.893243799417874, 22.54041151030976 ], [ 120.894713397194252, 22.541485048880318 ], [ 120.896419029475865, 22.542474818641395 ], [ 120.897500272137847, 22.542992534888356 ], [ 120.898196052199836, 22.543327734432772 ], [ 120.898442400718409, 22.543171612314882 ] ] ] ] } },
{ "type": "Feature", "properties": { "番號": "167", "類型": "蕃", "分區": "準要", "郡\n支廳": "大武", "庄 (區)": null, "大字": null, "地名": "近黃社蕃地", "土地\n類型": "旱田、\n山林\n原野", "面積\n(公頃)": "379", "區分\n理由": "第八條\n第二號", "地        況": "虷子崙溪中游左岸之南向緩坡地。基岩及土壤狀況等，與番號130相同。海拔高度介於212至940公尺。\n東側以稜線及小溪流，與準要存置林野166及要存置林野68為界。北側以稜線與要存置林野69為界。西側以稜線與準要存置林野170為界。南側以虷子崙溪溪畔為界。", "林        況": "同上", "參  考  事  項": "本地與番號170同樣獲認定為必須保留的蕃人所要地，乃針對現居於此的近黃、Tsudakasu 2社共169名的蕃人。人均面積為3公頃。\r" }, "geometry": { "type": "MultiPolygon", "coordinates": [ [ [ [ 120.901675822114967, 22.544252296057106 ], [ 120.902619948631354, 22.543719249806628 ], [ 120.903168162905231, 22.543612622552057 ], [ 120.904005686575076, 22.543003438938506 ], [ 120.904614805389556, 22.542744523220499 ], [ 120.904679674803532, 22.542741817037339 ], [ 120.90449655457347, 22.5423815294028 ], [ 120.903959676456878, 22.541022408981803 ], [ 120.903662675299586, 22.540188661220018 ], [ 120.903548428886211, 22.539606175235839 ], [ 120.903114346095663, 22.538315578098445 ], [ 120.902369992219306, 22.537136355208197 ], [ 120.901718903514379, 22.535811504717142 ], [ 120.901638888406168, 22.534669368121083 ], [ 120.901650253322373, 22.533698548039631 ], [ 120.901547417575287, 22.532933318985741 ], [ 120.901204728747999, 22.532053887881936 ], [ 120.901056213930858, 22.53139145376927 ], [ 120.901170394716203, 22.530843220562936 ], [ 120.901515569303939, 22.530274702795211 ], [ 120.902840389702632, 22.529486559448745 ], [ 120.903754058005006, 22.528926864811201 ], [ 120.905044591429629, 22.527738973982615 ], [ 120.905421481732446, 22.52754479121344 ], [ 120.90570699732011, 22.527270663177902 ], [ 120.90537574567422, 22.526665345249381 ], [ 120.904336343467364, 22.525500413881584 ], [ 120.902417472466752, 22.5237872990486 ], [ 120.9008246970794, 22.522395680459709 ], [ 120.899648260955274, 22.521596240925152 ], [ 120.899477768192966, 22.521415432609029 ], [ 120.89927133619878, 22.521196510580999 ], [ 120.898597440803741, 22.520488417137575 ], [ 120.898380412360595, 22.520065835977277 ], [ 120.897877819968826, 22.519083620213383 ], [ 120.897683587687837, 22.517861539489559 ], [ 120.897420851029963, 22.517039211404416 ], [ 120.896758353724422, 22.515931368172552 ], [ 120.895723233315692, 22.514804752667029 ], [ 120.89563352413164, 22.51483559569715 ], [ 120.89509676729422, 22.515566592544083 ], [ 120.894698628723219, 22.515898467765826 ], [ 120.894074312426042, 22.516690383163322 ], [ 120.893571787142477, 22.51686553653807 ], [ 120.89287891812107, 22.517223441936924 ], [ 120.892277420944922, 22.517611799847092 ], [ 120.892003333221965, 22.518000141373172 ], [ 120.891828236816977, 22.518510306277836 ], [ 120.89185110803642, 22.519005232733821 ], [ 120.891912038643298, 22.519302186244882 ], [ 120.891942520504898, 22.519736198153634 ], [ 120.891782633903816, 22.51992656292547 ], [ 120.891439995220537, 22.519911351532766 ], [ 120.891028816171584, 22.519675329717412 ], [ 120.890442509810697, 22.519416473854346 ], [ 120.889711527531645, 22.519043411169203 ], [ 120.888523696614556, 22.51870082843039 ], [ 120.886589688178262, 22.518556254076234 ], [ 120.884899320920823, 22.518198467942913 ], [ 120.884490018676274, 22.518185322083724 ], [ 120.883319329569048, 22.518014059577098 ], [ 120.882748256070585, 22.517833249222985 ], [ 120.882120074062399, 22.517614370371884 ], [ 120.881320596880116, 22.517804767155774 ], [ 120.880502094748763, 22.518176003827708 ], [ 120.879911999609917, 22.518233140392368 ], [ 120.878950693640036, 22.517947653341189 ], [ 120.878574125832699, 22.517720315543443 ], [ 120.878969962968867, 22.518719179860913 ], [ 120.879457350440504, 22.520104952786102 ], [ 120.880401568900339, 22.521155674920699 ], [ 120.881513314194237, 22.522465273878694 ], [ 120.88213771617032, 22.523150527009246 ], [ 120.883721549940816, 22.524627616287145 ], [ 120.883980453040152, 22.524993088331122 ], [ 120.884741893355439, 22.525388992300375 ], [ 120.885701326915225, 22.526211285527296 ], [ 120.886538951370028, 22.527338155685602 ], [ 120.8872699553107, 22.528084317634498 ], [ 120.887467942373661, 22.528404107099 ], [ 120.888055140328333, 22.528719181609382 ], [ 120.888466328222677, 22.52910748883631 ], [ 120.888957463612215, 22.529472949247179 ], [ 120.889505728497056, 22.530238156017337 ], [ 120.889768461219404, 22.530991955676946 ], [ 120.891173382911802, 22.532830731737082 ], [ 120.892681050211181, 22.533881425611881 ], [ 120.893457738974675, 22.534623778120679 ], [ 120.894028846385723, 22.535388983735878 ], [ 120.894611570766472, 22.536246435658608 ], [ 120.895433947444204, 22.537038278633712 ], [ 120.895631951308047, 22.537647410380266 ], [ 120.895997471404769, 22.538332676443908 ], [ 120.896408688034796, 22.539215911258321 ], [ 120.897033098864895, 22.540053449767786 ], [ 120.897322484306514, 22.540860547974734 ], [ 120.898053498869629, 22.541789452390187 ], [ 120.898388572006922, 22.542642233931183 ], [ 120.898470124112606, 22.543180274440505 ], [ 120.899173374608608, 22.543400003817506 ], [ 120.899972886004093, 22.543799712977808 ], [ 120.900760977465552, 22.544222265521409 ], [ 120.901142831763977, 22.544282779842792 ], [ 120.901675822114967, 22.544252296057106 ] ] ] ] } },
{ "type": "Feature", "properties": { "番號": "171", "類型": null, "分區": "準要", "郡\n支廳": "〃", "庄 (區)": null, "大字": null, "地名": "〃", "土地\n類型": "旱田、\n山林\n原野", "面積\n(公頃)": "486", "區分\n理由": "同上", "地        況": "位於虷子崙溪中游左岸，為東向或南向緩坡地。基岩及土壤狀況等，與番號130相同。海拔高度介於212至1,031公尺。\n東側以溪流與準要存置林野170為界。東北隅以稜線，與要存置林野69及71為界。北側以溪流或稜線，與準要存置林野173為界。西側同樣以稜線，與準要存置林野172及要存置林野73、70為界。南側以虷子崙溪溪畔為界。", "林        況": "同上", "參  考  事  項": "(1) 本地與番號172、173同樣獲認定為必須保留的蕃人所要地，乃針對現居於此的Jiyomoru、Botsuketsu 2社共188名、讀古梧社131名、Tokoboruibiri社44名、總計363名的蕃人。人均面積為3公頃。\n(2) 設有Jiyomoru警察官吏駐在所。" }, "geometry": { "type": "MultiPolygon", "coordinates": [ [ [ [ 120.893829552186759, 22.546942940907655 ], [ 120.893931221959122, 22.546940902389498 ], [ 120.895495875527629, 22.5459243188341 ], [ 120.895849921980599, 22.545707294376566 ], [ 120.896329575097099, 22.545021985970646 ], [ 120.896889181013009, 22.544405201997936 ], [ 120.897288895924277, 22.543902640099464 ], [ 120.898196052199836, 22.543327734432772 ], [ 120.897500272137847, 22.542992534888356 ], [ 120.896419029475865, 22.542474818641395 ], [ 120.894713397194252, 22.541485048880318 ], [ 120.893243799417874, 22.54041151030976 ], [ 120.892256838167995, 22.539765869580275 ], [ 120.891845654574283, 22.539451801503905 ], [ 120.891720010436998, 22.539274775999875 ], [ 120.891548685238135, 22.539166281221675 ], [ 120.891354509894157, 22.538926441415555 ], [ 120.891251709934451, 22.538777968282702 ], [ 120.891194588716047, 22.53852098950199 ], [ 120.890994703736908, 22.538298282090906 ], [ 120.890811954294307, 22.538138391556078 ], [ 120.890423602944296, 22.537647290536121 ], [ 120.890040959241034, 22.537104792901118 ], [ 120.889686890235154, 22.536933489540015 ], [ 120.889407060745441, 22.536785025272959 ], [ 120.888933055912048, 22.53639672119769 ], [ 120.888573023817855, 22.53624864166078 ], [ 120.888276068403869, 22.536202970908086 ], [ 120.888024784329218, 22.53592125546977 ], [ 120.887720179385269, 22.535266443426789 ], [ 120.887590723853435, 22.535015178970095 ], [ 120.88738514249728, 22.535038032078671 ], [ 120.887156695198399, 22.534657329973665 ], [ 120.886951084674862, 22.534177641202856 ], [ 120.886783558276505, 22.533926378652186 ], [ 120.886463760341272, 22.533880709041913 ], [ 120.886182020457596, 22.533614223668664 ], [ 120.885968806809245, 22.533324892050775 ], [ 120.885869803111291, 22.532989869087608 ], [ 120.885725118791825, 22.532730991121287 ], [ 120.885489066158669, 22.532502574814007 ], [ 120.88535962211688, 22.53244928139965 ], [ 120.885231413816612, 22.531822379512462 ], [ 120.885147651280789, 22.531708169642773 ], [ 120.884774532921412, 22.531297017695689 ], [ 120.884348106069481, 22.530725968727484 ], [ 120.884233868724976, 22.53029957527465 ], [ 120.884028270577431, 22.530033086085911 ], [ 120.88377699313294, 22.529865584706915 ], [ 120.883579004299108, 22.52951533815639 ], [ 120.883480007231626, 22.529294529255552 ], [ 120.883114518951771, 22.529157490678344 ], [ 120.882901316792484, 22.52906613010164 ], [ 120.882505361215507, 22.528746350546388 ], [ 120.882177935408592, 22.528464638914119 ], [ 120.881545955031186, 22.528396142117607 ], [ 120.880756859021091, 22.52815787080727 ], [ 120.879991615363224, 22.527826688332578 ], [ 120.879877366977496, 22.527209938101354 ], [ 120.880002971023302, 22.526695968520229 ], [ 120.880060060097335, 22.526399009093147 ], [ 120.880037189085513, 22.525907889758859 ], [ 120.879911533357173, 22.52553098963514 ], [ 120.879705931456954, 22.525199779139513 ], [ 120.879608325766426, 22.524900416271208 ], [ 120.879600684650057, 22.524435946122765 ], [ 120.879532139420789, 22.52413137871422 ], [ 120.879136175895368, 22.523674542275792 ], [ 120.87893057951743, 22.523438510166663 ], [ 120.878534612459347, 22.52292075955927 ], [ 120.878344250611775, 22.522791326481162 ], [ 120.878169110486837, 22.522547678575634 ], [ 120.878047263836109, 22.522205042479154 ], [ 120.8780776922667, 22.521717727611517 ], [ 120.878108122906056, 22.521268484098645 ], [ 120.878001511669439, 22.521047675575659 ], [ 120.877948187725195, 22.520621279068351 ], [ 120.878031930828598, 22.520400461017648 ], [ 120.878137759274793, 22.520252738863221 ], [ 120.878126321455568, 22.519967204273104 ], [ 120.878000667389458, 22.519618857663769 ], [ 120.877972104303538, 22.519447537995759 ], [ 120.878086302336115, 22.519196261337225 ], [ 120.878143400689979, 22.519059201601596 ], [ 120.878109114390242, 22.518670875496667 ], [ 120.878109104786816, 22.518505265102899 ], [ 120.877903508522721, 22.51827113655937 ], [ 120.877977720555023, 22.517819987288647 ], [ 120.87790425614817, 22.517440533690749 ], [ 120.877266017996732, 22.517262453262994 ], [ 120.876780587387202, 22.516796103457082 ], [ 120.876323729795473, 22.516672394416105 ], [ 120.875486141999431, 22.516177508715703 ], [ 120.874153613600058, 22.515349523423247 ], [ 120.874029236954513, 22.515145847896655 ], [ 120.873397239349842, 22.514780394511714 ], [ 120.872567262634107, 22.514232208527208 ], [ 120.872102792299714, 22.51413324624491 ], [ 120.871295679291691, 22.513950544126306 ], [ 120.870359141219936, 22.514041962242704 ], [ 120.869856617671587, 22.514247572708587 ], [ 120.868851555122703, 22.514392294152888 ], [ 120.867831254070879, 22.514361888124213 ], [ 120.866642297419233, 22.514375306862576 ], [ 120.867130026454049, 22.514960524064964 ], [ 120.867723986310338, 22.51589704969405 ], [ 120.868489309449785, 22.517598800995223 ], [ 120.868614977756195, 22.518192707855306 ], [ 120.868957660612878, 22.518969346361235 ], [ 120.86877493898794, 22.519289154894704 ], [ 120.868752152767243, 22.520259975606844 ], [ 120.86832961977737, 22.521185130701813 ], [ 120.868088653252272, 22.521565761143243 ], [ 120.86797446316848, 22.521954094688905 ], [ 120.867597590051659, 22.52244523404465 ], [ 120.867175032555124, 22.522947797095121 ], [ 120.866604034445487, 22.524067123544746 ], [ 120.86632995267766, 22.524558257758471 ], [ 120.866204330735357, 22.524763849369947 ], [ 120.865964520701212, 22.525392038750862 ], [ 120.865656172502426, 22.52583748905435 ], [ 120.865370695318106, 22.526774058708138 ], [ 120.865233684586073, 22.527539299827207 ], [ 120.865027150987729, 22.528237760924178 ], [ 120.864989132029862, 22.529132439699364 ], [ 120.864789300282808, 22.529827251957371 ], [ 120.864370556620912, 22.530445932465206 ], [ 120.864408681065015, 22.531369160947285 ], [ 120.864684745129964, 22.532235270479706 ], [ 120.864713348547838, 22.533101392404205 ], [ 120.864408832415336, 22.533977048851341 ], [ 120.864349718459167, 22.534332473505216 ], [ 120.86424732552581, 22.534948114474592 ], [ 120.864171285442296, 22.536699400680192 ], [ 120.864293194438901, 22.538115649035205 ], [ 120.864567393991834, 22.539653718102713 ], [ 120.864643650675447, 22.541633424821864 ], [ 120.864692083616092, 22.542233242035884 ], [ 120.865553685082872, 22.54208024833008 ], [ 120.866764312631261, 22.54163094567442 ], [ 120.868028235856116, 22.541120726181401 ], [ 120.869002791740286, 22.540115593557019 ], [ 120.869634724395596, 22.539361749050158 ], [ 120.87026662213097, 22.538006377122233 ], [ 120.870700582645171, 22.537190042060985 ], [ 120.871066033811246, 22.536687481858213 ], [ 120.872116753318053, 22.536059251859957 ], [ 120.872802013038466, 22.535785103777052 ], [ 120.873418735251022, 22.535339638027079 ], [ 120.874834905259178, 22.534197426432694 ], [ 120.8757828148577, 22.533249402208874 ], [ 120.876182525830458, 22.532678311860138 ], [ 120.877358889139558, 22.532221396686534 ], [ 120.878375362091688, 22.531890124994497 ], [ 120.879477209642161, 22.531570555970362 ], [ 120.881007649245021, 22.53141057964233 ], [ 120.881361710965038, 22.531456247538824 ], [ 120.88165865710458, 22.531342018604398 ], [ 120.881807203744998, 22.532552680254003 ], [ 120.881670261308159, 22.534494326217217 ], [ 120.881510450507562, 22.535990538474614 ], [ 120.88154875172502, 22.537226110659446 ], [ 120.881746801125374, 22.538619512336325 ], [ 120.881998094047475, 22.539053513197185 ], [ 120.882150404924531, 22.53952559037111 ], [ 120.883064182664299, 22.540850427753725 ], [ 120.883490767317511, 22.541406882690257 ], [ 120.883749692542537, 22.542153068277592 ], [ 120.88401621735234, 22.542647982540696 ], [ 120.884252279720755, 22.543043912806525 ], [ 120.884945235828368, 22.544186018738941 ], [ 120.885280295276388, 22.544802757902378 ], [ 120.885721965977197, 22.545640305582026 ], [ 120.885828596244664, 22.546188527750608 ], [ 120.885966694903175, 22.546607862978224 ], [ 120.886587322582173, 22.546438728482197 ], [ 120.88728401812206, 22.546415850760937 ], [ 120.888448971393899, 22.546153100042613 ], [ 120.889225608454424, 22.546004582845924 ], [ 120.89029922082716, 22.546244378586845 ], [ 120.891384255783791, 22.546507016567315 ], [ 120.892229441625119, 22.546723980939067 ], [ 120.893051773004629, 22.546735361141664 ], [ 120.893360159626368, 22.54695235240958 ], [ 120.893829552186759, 22.546942940907655 ] ] ] ] } },
{ "type": "Feature", "properties": { "番號": "173", "類型": "蕃", "分區": "準要", "郡\n支廳": "大武", "庄 (區)": null, "大字": null, "地名": "讀古梧社蕃地", "土地\n類型": "旱田、\n山林\n原野", "面積\n(公頃)": "211", "區分\n理由": "第八條\n第二號", "地        況": "位於虷子崙溪中游左岸支流源頭，為南向緩坡地。基岩及土壤狀況等，與番號130相同。海拔高度介於364至1,128公尺。\n東側及南側以稜線或小溪流，與準要存置林野171連接。北側以稜線，與要存置林野71及準要存置林野175相鄰。西側以稜線，與部分要存置林野75及準要存置林野172接壤。", "林        況": "同上", "參  考  事  項": "同番號171。\r" }, "geometry": { "type": "MultiPolygon", "coordinates": [ [ [ [ 120.876690415068637, 22.556186443242897 ], [ 120.877573567172888, 22.554602630571889 ], [ 120.878015149421415, 22.55391732403481 ], [ 120.878776462371661, 22.552120317889472 ], [ 120.879374998873431, 22.549918811756537 ], [ 120.880163062517127, 22.549861665230562 ], [ 120.881602151264048, 22.550032914211787 ], [ 120.882767126442957, 22.550147069896575 ], [ 120.883543768819948, 22.550089923943201 ], [ 120.884571628496275, 22.549164738504011 ], [ 120.885268265657999, 22.548136777008256 ], [ 120.885930610517278, 22.5466176967556 ], [ 120.885966694903175, 22.546607862978224 ], [ 120.885828596244664, 22.546188527750608 ], [ 120.885721965977197, 22.545640305582026 ], [ 120.885280295276388, 22.544802757902378 ], [ 120.884945235828368, 22.544186018738941 ], [ 120.884252279720755, 22.543043912806525 ], [ 120.88401621735234, 22.542647982540696 ], [ 120.883749692542537, 22.542153068277592 ], [ 120.883490767317511, 22.541406882690257 ], [ 120.883064182664299, 22.540850427753725 ], [ 120.882150404924531, 22.53952559037111 ], [ 120.881998094047475, 22.539053513197185 ], [ 120.881746801125374, 22.538619512336325 ], [ 120.88154875172502, 22.537226110659446 ], [ 120.881510450507562, 22.535990538474614 ], [ 120.881670261308159, 22.534494326217217 ], [ 120.881807203744998, 22.532552680254003 ], [ 120.88165865710458, 22.531342018604398 ], [ 120.881361710965038, 22.531456247538824 ], [ 120.881007649245021, 22.53141057964233 ], [ 120.879477209642161, 22.531570555970362 ], [ 120.878375362091688, 22.531890124994497 ], [ 120.877358889139558, 22.532221396686534 ], [ 120.876182525830458, 22.532678311860138 ], [ 120.8757828148577, 22.533249402208874 ], [ 120.874834905259178, 22.534197426432694 ], [ 120.873418735251022, 22.535339638027079 ], [ 120.872802013038466, 22.535785103777052 ], [ 120.872116753318053, 22.536059251859957 ], [ 120.871066033811246, 22.536687481858213 ], [ 120.870700582645171, 22.537190042060985 ], [ 120.87026662213097, 22.538006377122233 ], [ 120.869634724395596, 22.539361749050158 ], [ 120.869002791740286, 22.540115593557019 ], [ 120.868028235856116, 22.541120726181401 ], [ 120.866764312631261, 22.54163094567442 ], [ 120.865553685082872, 22.54208024833008 ], [ 120.864692083616092, 22.542233242035884 ], [ 120.864768612991611, 22.54318101920536 ], [ 120.864974255378328, 22.544208935529539 ], [ 120.864905807410594, 22.545579507796312 ], [ 120.865054329570796, 22.546367577436015 ], [ 120.865602601828584, 22.547258419707521 ], [ 120.866116597701023, 22.547932256962383 ], [ 120.866684752204861, 22.548654632481785 ], [ 120.867035011275405, 22.548776443270441 ], [ 120.866304094823278, 22.54953790702978 ], [ 120.866027121193525, 22.549915646983347 ], [ 120.865466602055847, 22.550680089699409 ], [ 120.865131266079501, 22.551352662884277 ], [ 120.866368590334332, 22.551714278760112 ], [ 120.867529800497294, 22.552551790405786 ], [ 120.868614887724505, 22.55371291239349 ], [ 120.869433481084954, 22.554912119090975 ], [ 120.870766025642368, 22.556016121631249 ], [ 120.874021142410442, 22.557005813720732 ], [ 120.875897456553545, 22.557132011162416 ], [ 120.876690415068637, 22.556186443242897 ] ] ] ] } },
{ "type": "Feature", "properties": { "番號": "112", "類型": null, "分區": "準要", "郡\n支廳": "〃", "庄 (區)": "〃", "大字": "虷子崙", "地名": null, "土地\n類型": "水田、\n旱田\n山林、\n原野", "面積\n(公頃)": "1,147.00", "區分\n理由": "同上", "地        況": "虷子崙溪下游左岸之地。陡坡地甚多，整體為相對緩坡地。基岩與番號109相同，土壤狀況等，與番號104相同。海拔高度在1,030公尺以下。\n東側以小溪與準要存置林野111相鄰。北側以稜線與要存置林野10鄰接。西側以稜線與要存置林野68接壤；其中有部分與準要存置林野113毗鄰。南側以虷子崙溪溪畔為界。", "林        況": "同上", "參  考  事  項": "(1) 同番號104之 (1)。\n(2) 內有虷子崙公學校。\n(3) 本區域內雖有水田約10餘公頃，惟每逢洪水時溪床即發生塌陷，取水口需隨之改建，否則無法灌溉。若該埤圳未能完善，水田仍難有穩定收穫。" }, "geometry": { "type": "MultiPolygon", "coordinates": [ [ [ [ 120.949837660025338, 22.560201778879286 ], [ 120.951036877766384, 22.559954254988124 ], [ 120.951855373619694, 22.559478322083546 ], [ 120.953518450387932, 22.559528031987931 ], [ 120.953518433355441, 22.559234948040292 ], [ 120.953651673624222, 22.559101691637085 ], [ 120.953623066827774, 22.558178462838807 ], [ 120.953746789934939, 22.558054724750555 ], [ 120.953813394583577, 22.557721597101565 ], [ 120.954115850407419, 22.557426195856753 ], [ 120.954218631112397, 22.55724344822649 ], [ 120.954264296899012, 22.556912225195163 ], [ 120.954287132778944, 22.556798010001479 ], [ 120.954538395150223, 22.556706626168463 ], [ 120.954755385119427, 22.55646676578974 ], [ 120.954801042943217, 22.555998485900787 ], [ 120.9548352914547, 22.555735791871875 ], [ 120.954960910695348, 22.555484514668322 ], [ 120.955166491352031, 22.555450240150236 ], [ 120.955314938510213, 22.554947690895734 ], [ 120.955531932461923, 22.554776358947485 ], [ 120.956228613947957, 22.55451363172013 ], [ 120.956365663737174, 22.55442225361281 ], [ 120.956434174033831, 22.55412529365346 ], [ 120.956891015733333, 22.553976792495458 ], [ 120.957382117889352, 22.553771182596986 ], [ 120.957667630099991, 22.553439947548988 ], [ 120.957940961183581, 22.553135363056661 ], [ 120.958321662267281, 22.553005901390613 ], [ 120.95865666814467, 22.552701313808164 ], [ 120.958953599623328, 22.552335813975489 ], [ 120.959379982200247, 22.552145435862613 ], [ 120.959714998693116, 22.552023590756999 ], [ 120.959943404835073, 22.551696165708748 ], [ 120.96031649351481, 22.551597161505196 ], [ 120.960560135962126, 22.551406792550761 ], [ 120.960780930143855, 22.551117439233984 ], [ 120.960945890629958, 22.550889478765548 ], [ 120.961250456957742, 22.550879945666914 ], [ 120.961650178321548, 22.550489694310208 ], [ 120.961783402559803, 22.550080420633346 ], [ 120.961973727007575, 22.549566447886107 ], [ 120.962325876381456, 22.549461734031933 ], [ 120.962440071271658, 22.549157157519012 ], [ 120.962459091223423, 22.548890657123849 ], [ 120.962639916199606, 22.548690773482292 ], [ 120.96286832588153, 22.548424262596146 ], [ 120.963030113216689, 22.548186308559817 ], [ 120.963115754410381, 22.547872215641387 ], [ 120.963496455823389, 22.54774846468392 ], [ 120.963848600774895, 22.547567608134123 ], [ 120.964162661047794, 22.547148807563378 ], [ 120.964419621111276, 22.546834706062974 ], [ 120.965095370028294, 22.546682386813416 ], [ 120.965314261995729, 22.546415876406787 ], [ 120.965409426985417, 22.546206479221869 ], [ 120.965605486606876, 22.546115098163089 ], [ 120.965986191666076, 22.546054164932574 ], [ 120.966328813927461, 22.545787648328282 ], [ 120.966549604574197, 22.545437380861298 ], [ 120.96660288609209, 22.545132807404297 ], [ 120.966717094249532, 22.545056658985946 ], [ 120.966945513217112, 22.544950047767436 ], [ 120.967029256728523, 22.544736844020928 ], [ 120.967021622661193, 22.54439420226776 ], [ 120.967021610724132, 22.544188616986844 ], [ 120.967135810923779, 22.5439754117149 ], [ 120.967318528502403, 22.543587074808546 ], [ 120.967303285569443, 22.543335804672903 ], [ 120.96717382873203, 22.543061697449332 ], [ 120.96717301650601, 22.542733014848988 ], [ 120.967230099034154, 22.542323744994878 ], [ 120.967182490566913, 22.541981105244407 ], [ 120.96702067449462, 22.541724131748321 ], [ 120.966954038333967, 22.541514742670056 ], [ 120.966934974171934, 22.541019816096313 ], [ 120.966934952070574, 22.540639102613955 ], [ 120.966687479327533, 22.540429722593096 ], [ 120.966630350937663, 22.540049011970812 ], [ 120.966297206605745, 22.539630243824611 ], [ 120.966078288112797, 22.53943989804711 ], [ 120.965611890800162, 22.53893547603974 ], [ 120.965211492369875, 22.538592853957031 ], [ 120.965203863170871, 22.53833396916983 ], [ 120.965135325458277, 22.538158844399572 ], [ 120.96496780306839, 22.537976110316905 ], [ 120.964670837987228, 22.537762925637988 ], [ 120.964571840051406, 22.537526888235369 ], [ 120.964510908555937, 22.537214706229349 ], [ 120.964219523960423, 22.536945683292601 ], [ 120.964082450304005, 22.536625890829907 ], [ 120.963975832010078, 22.536283254032785 ], [ 120.964166166865255, 22.535948216634647 ], [ 120.964181339530271, 22.534988817893701 ], [ 120.964036611494052, 22.533976127272357 ], [ 120.963929982598742, 22.533450748003197 ], [ 120.963808135522314, 22.533100497698648 ], [ 120.963810011009187, 22.532616991479763 ], [ 120.963952729238898, 22.531798450343071 ], [ 120.96416210019153, 22.531474833398992 ], [ 120.96419062793359, 22.531037011464409 ], [ 120.964461718891172, 22.530518848849045 ], [ 120.964099402203658, 22.530410172479709 ], [ 120.962683153623544, 22.530193236698921 ], [ 120.961678072315635, 22.530010544545643 ], [ 120.960947107162582, 22.529930631309302 ], [ 120.960535945185669, 22.529987758917049 ], [ 120.959827829835717, 22.530033479987356 ], [ 120.958900167926117, 22.529999976054931 ], [ 120.957843704310747, 22.530047618133167 ], [ 120.957234571095086, 22.530057166466804 ], [ 120.955873578141237, 22.530752036725087 ], [ 120.954845701350337, 22.531380265448238 ], [ 120.954046219348825, 22.531485001687233 ], [ 120.953446597768107, 22.531389853336648 ], [ 120.952932625130856, 22.53111386178827 ], [ 120.952447213370291, 22.53097111853209 ], [ 120.951000507397566, 22.530742762869103 ], [ 120.950292545468798, 22.530699016262897 ], [ 120.948693564878909, 22.530622953620828 ], [ 120.947612349765436, 22.530577322134842 ], [ 120.946934690640447, 22.530615427413192 ], [ 120.946257028863755, 22.530607847072055 ], [ 120.945731652299528, 22.530630716186241 ], [ 120.944916933651712, 22.530592685627372 ], [ 120.944155508465499, 22.530455666890404 ], [ 120.943477846242374, 22.530440472279128 ], [ 120.943051444637931, 22.530303436767916 ], [ 120.942694684417532, 22.530225566992925 ], [ 120.942256863983516, 22.530130410538014 ], [ 120.941400244739626, 22.529702150737069 ], [ 120.940905299236348, 22.529283390664979 ], [ 120.940239052523737, 22.529169209970053 ], [ 120.939620375613217, 22.528731420415905 ], [ 120.938820853824296, 22.528150872350771 ], [ 120.937945178163162, 22.527360935669204 ], [ 120.937098045710812, 22.526399676479119 ], [ 120.936450822277564, 22.526076102399703 ], [ 120.935441925097265, 22.525743028586778 ], [ 120.934832791295634, 22.525743059078959 ], [ 120.934185601537195, 22.526000073093165 ], [ 120.933148187090666, 22.526285660155398 ], [ 120.932634244245591, 22.526523631825697 ], [ 120.931910893986398, 22.526457043172659 ], [ 120.931425477785453, 22.526238157205132 ], [ 120.931197033836298, 22.525914562158306 ], [ 120.930892449817449, 22.525619524435999 ], [ 120.930700922251589, 22.525586844801825 ], [ 120.930389594745606, 22.526259137587935 ], [ 120.929980379346233, 22.527058656444115 ], [ 120.929685366047039, 22.527677330667526 ], [ 120.929171457985845, 22.52851492611941 ], [ 120.928476729340488, 22.529628547922616 ], [ 120.927991376087363, 22.530494695463336 ], [ 120.927625333026498, 22.531047660510222 ], [ 120.927122830767317, 22.531618755940549 ], [ 120.926700280635544, 22.532246954395912 ], [ 120.926186377665161, 22.533172113968298 ], [ 120.925775232224368, 22.533514776719592 ], [ 120.925364101365844, 22.534108710390903 ], [ 120.924973893960981, 22.53443519177074 ], [ 120.924459999447251, 22.535505974269594 ], [ 120.924200584788679, 22.536192184895214 ], [ 120.924203283287127, 22.536196696623332 ], [ 120.924536435937114, 22.53675823237543 ], [ 120.924679229850426, 22.537243634957409 ], [ 120.924974322135498, 22.537986011535111 ], [ 120.925136138775045, 22.538252502892007 ], [ 120.925345553939124, 22.538690312947036 ], [ 120.925364608156258, 22.539013918481576 ], [ 120.925754873183323, 22.539680147587589 ], [ 120.925869112295658, 22.540136998084677 ], [ 120.926061620572625, 22.540351853632782 ], [ 120.926575648841961, 22.541585339676345 ], [ 120.927192483699159, 22.543081512893892 ], [ 120.92689553229188, 22.543104370580693 ], [ 120.926678540308032, 22.54330996674981 ], [ 120.926061833439604, 22.54401812478541 ], [ 120.92534233059817, 22.544646338134299 ], [ 120.924542885428536, 22.545386231456099 ], [ 120.923644460362084, 22.546201003398473 ], [ 120.923004899038361, 22.546703577288078 ], [ 120.922441471039775, 22.547061476226713 ], [ 120.922381223247442, 22.547166132046712 ], [ 120.923172348634282, 22.547583223824503 ], [ 120.924847519699455, 22.548496852334715 ], [ 120.925913514489366, 22.548679541409594 ], [ 120.926827221401012, 22.548786095411113 ], [ 120.927710479580554, 22.54902970780412 ], [ 120.929615317637925, 22.549475047169548 ], [ 120.930928796686644, 22.550065087299977 ], [ 120.932984684094123, 22.551111946440113 ], [ 120.934812149636542, 22.552215924045871 ], [ 120.936144666316366, 22.552844034560742 ], [ 120.937991135209444, 22.553395976613267 ], [ 120.939152329683537, 22.553966988681395 ], [ 120.93936173933227, 22.554309620343684 ], [ 120.94031353410918, 22.554709321824781 ], [ 120.941912574459337, 22.555813310852088 ], [ 120.942826340401894, 22.556936369895965 ], [ 120.943930475035003, 22.558306883172808 ], [ 120.944374432787782, 22.559193161959314 ], [ 120.945231053723759, 22.55964997522457 ], [ 120.946639705468087, 22.560163867840902 ], [ 120.948276760248859, 22.560297035501975 ], [ 120.949837660025338, 22.560201778879286 ] ] ] ] } },
{ "type": "Feature", "properties": { "番號": "111", "類型": null, "分區": "準要", "郡\n支廳": "〃", "庄 (區)": "〃", "大字": "大武窟", "地名": null, "土地\n類型": "旱田、\n山林\n原野", "面積\n(公頃)": "258", "區分\n理由": "同上", "地        況": "虷子崙溪下流左岸支流之左岸，為西向及南向緩坡地。基岩與番號109相同，土壤狀況等，與番號104相同。海拔高度在900公尺以下。\n東側以稜線與要存置林野8相鄰。北側以稜線與要存置林野9鄰接。西側以溪流與準要存置林野112接壤。南側以溪畔為界；其中部分與不要存置林野五毗鄰相鄰。", "林        況": "大部分為蕃人的現耕地及蕃人開墾舊跡，但是隨處可見闊葉林形成之處。", "參  考  事  項": "(1) 同番號104之 (1)。\n(2) 本區域是認定為必須針對現居住在本地及番號112，行政區內534名蕃人保留的蕃人所要地。包括虷子崙社203名、大武窟社331名。人均面積為2.631公頃。" }, "geometry": { "type": "MultiPolygon", "coordinates": [ [ [ [ 120.960888986884797, 22.566112865802189 ], [ 120.961597076993513, 22.565633131296842 ], [ 120.962407949128178, 22.564993491972903 ], [ 120.962967556243427, 22.564399550868178 ], [ 120.963298748158977, 22.563976942287933 ], [ 120.963761753345295, 22.563432498782728 ], [ 120.964020622799154, 22.563219286249485 ], [ 120.964416534955873, 22.562792867291805 ], [ 120.964614475987005, 22.562320772640735 ], [ 120.964934240229141, 22.561787757724954 ], [ 120.965436747253761, 22.561300419267578 ], [ 120.966319953138509, 22.560645547792394 ], [ 120.967111779225206, 22.559823166966286 ], [ 120.967720859877716, 22.558909424066606 ], [ 120.968040612619617, 22.558178438145308 ], [ 120.968162415477124, 22.557767261475139 ], [ 120.968086232168886, 22.557051523939897 ], [ 120.968238478442927, 22.556411917653055 ], [ 120.968345032608525, 22.555650485341456 ], [ 120.968177487205537, 22.555071809240452 ], [ 120.968116519861226, 22.554142871391623 ], [ 120.968146908427855, 22.552970272334491 ], [ 120.968307802564652, 22.552648434472363 ], [ 120.9684752683456, 22.55185654203223 ], [ 120.968795043218535, 22.551506269602815 ], [ 120.96937366101497, 22.550485928472153 ], [ 120.969997965614041, 22.5494960421344 ], [ 120.970211119971466, 22.548765061567575 ], [ 120.970180603143518, 22.547729522424468 ], [ 120.969921631980597, 22.546191452930536 ], [ 120.96975401497123, 22.544379265152802 ], [ 120.969403669341617, 22.542765057539224 ], [ 120.969101314508151, 22.541521281738881 ], [ 120.96880428953358, 22.540276363530189 ], [ 120.968701474344698, 22.53986519811934 ], [ 120.968347376898592, 22.539202774395672 ], [ 120.968061804348821, 22.538494661621442 ], [ 120.967790995832118, 22.537985946793437 ], [ 120.967623459301265, 22.537559556083814 ], [ 120.967532062722, 22.537102704482251 ], [ 120.9675929486976, 22.536630616715186 ], [ 120.968034531779637, 22.535960538873805 ], [ 120.968704522343842, 22.534985878811554 ], [ 120.96879586412652, 22.534498560982353 ], [ 120.968841491716688, 22.533508703648355 ], [ 120.968874640049435, 22.533306975832097 ], [ 120.968278030625314, 22.533295532312454 ], [ 120.966557224238784, 22.53323470431863 ], [ 120.966502921294079, 22.532339078570825 ], [ 120.967151078396796, 22.532351419306288 ], [ 120.968445485853593, 22.532320897417527 ], [ 120.969010167894865, 22.532482206266128 ], [ 120.969024167334894, 22.532397011139352 ], [ 120.969063611481872, 22.531775187606435 ], [ 120.968656547721608, 22.531506399146711 ], [ 120.967879898211862, 22.531437909604985 ], [ 120.967308820739675, 22.531186667299888 ], [ 120.96613241726098, 22.530946876705276 ], [ 120.965241547878193, 22.53075275743198 ], [ 120.964461718891172, 22.530518848849045 ], [ 120.96419062793359, 22.531037011464409 ], [ 120.96416210019153, 22.531474833398992 ], [ 120.963952729238898, 22.531798450343071 ], [ 120.963810011009187, 22.532616991479763 ], [ 120.963808135522314, 22.533100497698648 ], [ 120.963929982598742, 22.533450748003197 ], [ 120.964036611494052, 22.533976127272357 ], [ 120.964181339530271, 22.534988817893701 ], [ 120.964166166865255, 22.535948216634647 ], [ 120.963975832010078, 22.536283254032785 ], [ 120.964082450304005, 22.536625890829907 ], [ 120.964219523960423, 22.536945683292601 ], [ 120.964510908555937, 22.537214706229349 ], [ 120.964571840051406, 22.537526888235369 ], [ 120.964670837987228, 22.537762925637988 ], [ 120.96496780306839, 22.537976110316905 ], [ 120.965135325458277, 22.538158844399572 ], [ 120.965203863170871, 22.53833396916983 ], [ 120.965211492369875, 22.538592853957031 ], [ 120.965611890800162, 22.53893547603974 ], [ 120.966078288112797, 22.53943989804711 ], [ 120.966297206605745, 22.539630243824611 ], [ 120.966630350937663, 22.540049011970812 ], [ 120.966687479327533, 22.540429722593096 ], [ 120.966934952070574, 22.540639102613955 ], [ 120.966934974171934, 22.541019816096313 ], [ 120.966954038333967, 22.541514742670056 ], [ 120.96702067449462, 22.541724131748321 ], [ 120.967182490566913, 22.541981105244407 ], [ 120.967230099034154, 22.542323744994878 ], [ 120.96717301650601, 22.542733014848988 ], [ 120.96717382873203, 22.543061697449332 ], [ 120.967303285569443, 22.543335804672903 ], [ 120.967318528502403, 22.543587074808546 ], [ 120.967135810923779, 22.5439754117149 ], [ 120.967021610724132, 22.544188616986844 ], [ 120.967021622661193, 22.54439420226776 ], [ 120.967029256728523, 22.544736844020928 ], [ 120.966945513217112, 22.544950047767436 ], [ 120.966717094249532, 22.545056658985946 ], [ 120.96660288609209, 22.545132807404297 ], [ 120.966549604574197, 22.545437380861298 ], [ 120.966328813927461, 22.545787648328282 ], [ 120.965986191666076, 22.546054164932574 ], [ 120.965605486606876, 22.546115098163089 ], [ 120.965409426985417, 22.546206479221869 ], [ 120.965314261995729, 22.546415876406787 ], [ 120.965095370028294, 22.546682386813416 ], [ 120.964419621111276, 22.546834706062974 ], [ 120.964162661047794, 22.547148807563378 ], [ 120.963848600774895, 22.547567608134123 ], [ 120.963496455823389, 22.54774846468392 ], [ 120.963115754410381, 22.547872215641387 ], [ 120.963030113216689, 22.548186308559817 ], [ 120.96286832588153, 22.548424262596146 ], [ 120.962639916199606, 22.548690773482292 ], [ 120.962459091223423, 22.548890657123849 ], [ 120.962440071271658, 22.549157157519012 ], [ 120.962325876381456, 22.549461734031933 ], [ 120.961973727007575, 22.549566447886107 ], [ 120.961783402559803, 22.550080420633346 ], [ 120.961650178321548, 22.550489694310208 ], [ 120.961250456957742, 22.550879945666914 ], [ 120.960945890629958, 22.550889478765548 ], [ 120.960780930143855, 22.551117439233984 ], [ 120.960560135962126, 22.551406792550761 ], [ 120.96031649351481, 22.551597161505196 ], [ 120.959943404835073, 22.551696165708748 ], [ 120.959714998693116, 22.552023590756999 ], [ 120.959379982200247, 22.552145435862613 ], [ 120.958953599623328, 22.552335813975489 ], [ 120.95865666814467, 22.552701313808164 ], [ 120.958321662267281, 22.553005901390613 ], [ 120.957940961183581, 22.553135363056661 ], [ 120.957667630099991, 22.553439947548988 ], [ 120.957382117889352, 22.553771182596986 ], [ 120.956891015733333, 22.553976792495458 ], [ 120.956434174033831, 22.55412529365346 ], [ 120.956365663737174, 22.55442225361281 ], [ 120.956228613947957, 22.55451363172013 ], [ 120.955531932461923, 22.554776358947485 ], [ 120.955314938510213, 22.554947690895734 ], [ 120.955166491352031, 22.555450240150236 ], [ 120.954960910695348, 22.555484514668322 ], [ 120.9548352914547, 22.555735791871875 ], [ 120.954801042943217, 22.555998485900787 ], [ 120.954755385119427, 22.55646676578974 ], [ 120.954538395150223, 22.556706626168463 ], [ 120.954287132778944, 22.556798010001479 ], [ 120.954264296899012, 22.556912225195163 ], [ 120.954218631112397, 22.55724344822649 ], [ 120.954115850407419, 22.557426195856753 ], [ 120.953813394583577, 22.557721597101565 ], [ 120.953746789934939, 22.558054724750555 ], [ 120.953623066827774, 22.558178462838807 ], [ 120.953651673624222, 22.559101691637085 ], [ 120.953518433355441, 22.559234948040292 ], [ 120.953518450387932, 22.559528031987931 ], [ 120.955034296024763, 22.559573341106084 ], [ 120.956842679600186, 22.559877821252638 ], [ 120.957489935117209, 22.560753429845601 ], [ 120.958175276985557, 22.561895535973861 ], [ 120.958479898083056, 22.562828268764736 ], [ 120.959622133434834, 22.564712743295658 ], [ 120.960497836254206, 22.56596905391897 ], [ 120.96075808032468, 22.566305806305927 ], [ 120.960888986884797, 22.566112865802189 ] ] ] ] } },
{ "type": "Feature", "properties": { "番號": "174", "類型": "蕃", "分區": "準要", "郡\n支廳": "〃", "庄 (區)": null, "大字": null, "地名": "〃", "土地\n類型": "旱田、\n山林\n原野", "面積\n(公頃)": "145", "區分\n理由": "同上", "地        況": "位於太麻里溪中游右岸之支流兩岸，為西向或北向緩坡地。基岩及土壤狀況等，與番號130相同。海拔高度介於212至940公尺。\n東側以稜線，與要存置林野69及準要存置林野169相鄰。北側以太麻里溪溪畔為界。西側以稜線與準要存置林野175相鄰。南側以小溪流或稜線，與要存置林野71相鄰。", "林        況": "同上", "參  考  事  項": "同番號168。\r" }, "geometry": { "type": "MultiPolygon", "coordinates": [ [ [ [ 120.894107396400727, 22.569027994437118 ], [ 120.894655596506922, 22.568677710480227 ], [ 120.896543884015799, 22.568205530982741 ], [ 120.897157540465372, 22.567970474594272 ], [ 120.89696881447405, 22.567484438217662 ], [ 120.896654646264295, 22.566047260340184 ], [ 120.896511769844992, 22.564143699780253 ], [ 120.896543808682807, 22.562025899767519 ], [ 120.896056351120436, 22.559437072105869 ], [ 120.895614633487625, 22.557792411738998 ], [ 120.895096791829218, 22.556452326021731 ], [ 120.89460511322406, 22.555474551380755 ], [ 120.894528923929329, 22.554656021079271 ], [ 120.894471794955834, 22.554265792559722 ], [ 120.894108049198891, 22.553573874280726 ], [ 120.893227346648814, 22.554147738556178 ], [ 120.892938010718325, 22.554193438683594 ], [ 120.892603007444905, 22.55454371193661 ], [ 120.891841620200097, 22.555061520522255 ], [ 120.89086705026024, 22.55582299646586 ], [ 120.890684314525089, 22.555899148335183 ], [ 120.889846797935135, 22.556630160328741 ], [ 120.889313837659572, 22.557178414554919 ], [ 120.888841805816881, 22.557985550941847 ], [ 120.888369747423866, 22.558335831072046 ], [ 120.888841859805012, 22.558914492000309 ], [ 120.889510387285881, 22.560058819962819 ], [ 120.889639840624767, 22.560272013060533 ], [ 120.889708389871046, 22.56064510890214 ], [ 120.889936829676472, 22.560896368391656 ], [ 120.8900434365124, 22.56104103419565 ], [ 120.890188134131876, 22.561528340283974 ], [ 120.890462281551194, 22.562167925301335 ], [ 120.89065264208088, 22.562274515550797 ], [ 120.890804932629479, 22.562396336250675 ], [ 120.891056231332982, 22.562929322619027 ], [ 120.891252305310914, 22.563084390106731 ], [ 120.891298006949938, 22.563369922976712 ], [ 120.891543590930311, 22.563832477624569 ], [ 120.891772027417346, 22.564026630079951 ], [ 120.891863415425007, 22.564335003471868 ], [ 120.891903405439123, 22.564603404518341 ], [ 120.892131850890777, 22.564951745960009 ], [ 120.89222893923673, 22.565083087265705 ], [ 120.892280351175216, 22.565362909145694 ], [ 120.892331770086784, 22.56576265579303 ], [ 120.892228988708425, 22.56593398204387 ], [ 120.892319587964991, 22.566317863662061 ], [ 120.892357687055252, 22.566803271525949 ], [ 120.892624209684541, 22.567260114418435 ], [ 120.89295735245642, 22.567650329098512 ], [ 120.893128690725959, 22.567983444860666 ], [ 120.893138219511471, 22.568173801156881 ], [ 120.893442811348208, 22.568602088622953 ], [ 120.893357171270551, 22.568935217272529 ], [ 120.893490887013627, 22.569336292969179 ], [ 120.894107396400727, 22.569027994437118 ] ] ] ] } },
{ "type": "Feature", "properties": { "番號": "175", "類型": "蕃", "分區": "準要", "郡\n支廳": "〃", "庄 (區)": null, "大字": null, "地名": "Karataran社蕃地", "土地\n類型": "旱田、\n山林\n原野", "面積\n(公頃)": "450", "區分\n理由": "同上", "地        況": "太麻里溪中游右岸之北向緩坡地。基岩及土壤狀況等，與番號130相同。海拔高度介於212至1,128公尺。\n東側及南側以稜線，與準要存置林野173、要存置林野71及準要存置林野174相鄰。北側以太麻里溪溪畔為界。西側以稜線及部分溪流，與要存置林野72相鄰。", "林        況": "同上", "參  考  事  項": "同上\r" }, "geometry": { "type": "MultiPolygon", "coordinates": [ [ [ [ 120.873951772426338, 22.576630338036338 ], [ 120.87438573181629, 22.575796553557492 ], [ 120.87456846135187, 22.5756138018792 ], [ 120.875242252595882, 22.574528734419118 ], [ 120.875516350886116, 22.574323135344351 ], [ 120.875870388033363, 22.573946211156414 ], [ 120.876418575313139, 22.573375113312789 ], [ 120.87714950940223, 22.572918220372355 ], [ 120.877492124625206, 22.572529875353265 ], [ 120.877811918586062, 22.572507016498161 ], [ 120.880747149930485, 22.571947220331875 ], [ 120.881706535790798, 22.571947172209271 ], [ 120.882437499766127, 22.572004242577957 ], [ 120.883179912901596, 22.572541011454245 ], [ 120.883830938682536, 22.572780828338846 ], [ 120.884036546610503, 22.573214831479582 ], [ 120.884207866177206, 22.573226244292481 ], [ 120.884609229417336, 22.573790949267661 ], [ 120.885149880022581, 22.574552349258379 ], [ 120.885629629644555, 22.575526951894176 ], [ 120.886368200477889, 22.575458386402492 ], [ 120.886946870125428, 22.575328914764004 ], [ 120.887418944888395, 22.575260362642013 ], [ 120.888279343821182, 22.5752146338526 ], [ 120.888827562088096, 22.575176534995293 ], [ 120.889825018795548, 22.575176484956973 ], [ 120.890297109501262, 22.575382046592114 ], [ 120.890753965658845, 22.575481009196892 ], [ 120.891241283381248, 22.575663727254533 ], [ 120.891705765227968, 22.575960660522703 ], [ 120.891867100618626, 22.575978916926918 ], [ 120.89205002161971, 22.575141088186811 ], [ 120.892202233331446, 22.573907568647936 ], [ 120.892339267191119, 22.573542076765936 ], [ 120.892186922607024, 22.572491315009781 ], [ 120.891772162515878, 22.571778640048233 ], [ 120.890477670685016, 22.570362450568549 ], [ 120.890492861835313, 22.569722851041448 ], [ 120.890766917168122, 22.568778667691515 ], [ 120.890568916782073, 22.568230450109134 ], [ 120.890547427163142, 22.568024263301421 ], [ 120.890492732543905, 22.567499483913277 ], [ 120.890370867694685, 22.566844662718335 ], [ 120.889872094773835, 22.566078184449289 ], [ 120.888901217946554, 22.564878985449809 ], [ 120.887797103047404, 22.563851114225173 ], [ 120.886864321435596, 22.56307069821489 ], [ 120.88562697067384, 22.562252226117455 ], [ 120.884751304214035, 22.561624092659088 ], [ 120.883342636759309, 22.560843700499792 ], [ 120.882505057761236, 22.560501100293084 ], [ 120.881058323859364, 22.559796852747326 ], [ 120.880601446895213, 22.559340019384635 ], [ 120.879573498065582, 22.558730929227771 ], [ 120.879230828172695, 22.558178911748474 ], [ 120.878113806078503, 22.55778607135408 ], [ 120.877428524925605, 22.557690927317825 ], [ 120.876000835295727, 22.557138964226667 ], [ 120.875897456553545, 22.557132011162416 ], [ 120.874021142410442, 22.557005813720732 ], [ 120.870766025642368, 22.556016121631249 ], [ 120.869433481084954, 22.554912119090975 ], [ 120.868614887724505, 22.55371291239349 ], [ 120.867529800497294, 22.552551790405786 ], [ 120.866368590334332, 22.551714278760112 ], [ 120.865131266079501, 22.551352662884277 ], [ 120.86475098296502, 22.552629379029025 ], [ 120.864659701362612, 22.554152237875719 ], [ 120.864735908583327, 22.555279146217494 ], [ 120.864813239748131, 22.556093107949941 ], [ 120.865559566845377, 22.558468723202413 ], [ 120.866473411978674, 22.560950929850581 ], [ 120.866653717518489, 22.562730122218387 ], [ 120.866714671633318, 22.563430632127577 ], [ 120.866958460658665, 22.565760586941764 ], [ 120.867308787917665, 22.567054995506517 ], [ 120.867948427217129, 22.567892533278243 ], [ 120.868877418403727, 22.568958484676479 ], [ 120.869212577554109, 22.571288434901309 ], [ 120.869349701769792, 22.572476254355358 ], [ 120.869369130823301, 22.572698209390982 ], [ 120.869723199866101, 22.572869512735572 ], [ 120.869905966609224, 22.573326359848902 ], [ 120.870180085499371, 22.573474824389393 ], [ 120.87031715989292, 22.573806038317095 ], [ 120.870534181781764, 22.574114405420072 ], [ 120.870774038883368, 22.574297135899865 ], [ 120.870865431557533, 22.574685459153645 ], [ 120.871253773683577, 22.575016660475384 ], [ 120.87160784671255, 22.575256492259676 ], [ 120.871802009470159, 22.575279325333145 ], [ 120.871961919076938, 22.57548490263677 ], [ 120.872076142977576, 22.57567906082528 ], [ 120.872327422004119, 22.575873212138003 ], [ 120.872533009344124, 22.575953151672774 ], [ 120.872601552854377, 22.576227262001815 ], [ 120.872967039834037, 22.576341457735349 ], [ 120.873149784564262, 22.576419875561545 ], [ 120.873385837679777, 22.576655906129645 ], [ 120.87358380796627, 22.576686353282607 ], [ 120.873819846462993, 22.57667111289776 ], [ 120.873901955839614, 22.576765653848561 ], [ 120.873951772426338, 22.576630338036338 ] ] ] ] } },
{ "type": "Feature", "properties": { "番號": "169", "類型": "蕃", "分區": "準要", "郡\n支廳": "〃", "庄 (區)": null, "大字": null, "地名": "〃", "土地\n類型": "旱田、\n山林\n原野", "面積\n(公頃)": "55", "區分\n理由": "同上", "地        況": "位於太麻里溪中游右岸，為北向緩坡地。基岩及土壤狀況等，與番號130相同。海拔高度介於200至580公尺。\n東側以稜線與要存置林野69為界。北側以虷子崙溪溪畔為界。西側以稜線與準要存置林野174相鄰。", "林        況": "同上", "參  考  事  項": "同上\r" }, "geometry": { "type": "MultiPolygon", "coordinates": [ [ [ [ 120.904150828561995, 22.577994344390131 ], [ 120.903657815537287, 22.577533036680006 ], [ 120.903343700996587, 22.577019089157353 ], [ 120.902938212060377, 22.576430907077373 ], [ 120.902492731773378, 22.575551481143162 ], [ 120.902115769412617, 22.574506441379455 ], [ 120.901816849450782, 22.573411904939693 ], [ 120.901656928785357, 22.573015970877211 ], [ 120.901436083221014, 22.572422068828615 ], [ 120.900743136781429, 22.571447476916184 ], [ 120.899867467901146, 22.570777465000639 ], [ 120.899501977404881, 22.570602355102121 ], [ 120.899083172640644, 22.570168362667282 ], [ 120.898451168370997, 22.56968869529943 ], [ 120.897993886725232, 22.569243539492067 ], [ 120.897973564069943, 22.570252429108287 ], [ 120.897455900374155, 22.571973280296849 ], [ 120.897455926060232, 22.572414908008447 ], [ 120.897212315920271, 22.573161118777925 ], [ 120.896877341018467, 22.573998705382603 ], [ 120.896511907654045, 22.574805836433153 ], [ 120.895887583543242, 22.575460695053806 ], [ 120.895628726459094, 22.57588710721317 ], [ 120.895050071441872, 22.576267849790884 ], [ 120.894303992573313, 22.57668483255377 ], [ 120.894401606183237, 22.576698094328552 ], [ 120.895349588027202, 22.576995003337206 ], [ 120.896320409730961, 22.577246225573191 ], [ 120.897302647376449, 22.577406075984399 ], [ 120.898182081056248, 22.57734892483138 ], [ 120.899392734589114, 22.577348864093278 ], [ 120.89992954044061, 22.577463051225372 ], [ 120.900797560829105, 22.577542957521132 ], [ 120.901802640318635, 22.577691385378358 ], [ 120.902967615446912, 22.577805540994163 ], [ 120.903489516573273, 22.578029184016216 ], [ 120.904150828561995, 22.577994344390131 ] ] ] ] } },
{ "type": "Feature", "properties": { "番號": "168", "類型": "蕃", "分區": "準要", "郡\n支廳": "〃", "庄 (區)": null, "大字": null, "地名": "Jiyomoru社蕃地", "土地\n類型": "旱田、\n山林\n原野", "面積\n(公頃)": "44", "區分\n理由": "同上", "地        況": "位於太麻里溪中游右岸，為西北向緩坡地。基岩及土壤狀況等，與番號130相同。海拔高度介於181至393公尺。\n東側、西側及南側均以小溪流或稜線為界，為要存置林野69所圍繞。其餘部分則以虷子崙溪溪畔為界。", "林        況": "同上", "參  考  事  項": "本地與前述之11筆的土地同樣認定為必須保留的蕃人所要地，針對於現居住於番號169、174、175、183、184、185、186、187、188、189、190的Karataran社272名、Maridotsupu社198名、Tokotowai社160名、Bajiyoro社30名、Mariburu社157名、Kakarowan社263名、總計1,080名的蕃人。人均面積為2.8472公頃。" }, "geometry": { "type": "MultiPolygon", "coordinates": [ [ [ [ 120.918655424404989, 22.583994648329966 ], [ 120.919584344620802, 22.583842316302796 ], [ 120.920315299888372, 22.583750908375293 ], [ 120.921091948167216, 22.583796555025437 ], [ 120.921503112608733, 22.583781305851641 ], [ 120.922157922600533, 22.583628987581136 ], [ 120.92293455758211, 22.583446206115646 ], [ 120.923193424387804, 22.583187307926831 ], [ 120.923813680219169, 22.582882774964197 ], [ 120.923739346454397, 22.582176989047952 ], [ 120.923632698411211, 22.581324196099615 ], [ 120.923800182740237, 22.580852102923249 ], [ 120.923845826129536, 22.580136359203745 ], [ 120.924043711330782, 22.578704866417912 ], [ 120.922140177900673, 22.578872475871041 ], [ 120.92075439669054, 22.578842088314843 ], [ 120.919292466659797, 22.578689876249577 ], [ 120.91898571692181, 22.57856358432721 ], [ 120.918789928598031, 22.578644215838644 ], [ 120.918409229704793, 22.578811748891983 ], [ 120.918272186998962, 22.579024955344529 ], [ 120.91824174537058, 22.57928384207252 ], [ 120.917769670201096, 22.579344779922597 ], [ 120.917678309874148, 22.579512298459839 ], [ 120.917388979281952, 22.579649369847541 ], [ 120.917358534995927, 22.579862570952603 ], [ 120.917175802823024, 22.579999636992198 ], [ 120.916749416233969, 22.580121486715797 ], [ 120.916536243319754, 22.580532668026152 ], [ 120.916268001256526, 22.580736367914032 ], [ 120.91626806384113, 22.581811883640118 ], [ 120.916477495134487, 22.582525711004696 ], [ 120.916744042141985, 22.583401338754289 ], [ 120.916919371735531, 22.583629250457562 ], [ 120.917696039519129, 22.584009925015195 ], [ 120.918655424404989, 22.583994648329966 ] ] ] ] } },
{ "type": "Feature", "properties": { "番號": "176", "類型": "蕃", "分區": "準要", "郡\n支廳": "大武", "庄 (區)": null, "大字": null, "地名": "Paumori社蕃地", "土地\n類型": "旱田、\n山林\n原野", "面積\n(公頃)": "479", "區分\n理由": "第八條\n第二號", "地        況": "太麻里溪上游右岸之北向緩坡地。基岩及土壤狀況等，與番號130相同。海拔高度介於386至1,575公尺。\n東側及南側以溪流或稜線，與要存置林野78相鄰。北側以太麻里溪，與準要存置林野178及177相鄰。西側以小稜線或溪流，與要存置林野80相鄰。", "林        況": "同上", "參  考  事  項": "本地與番號177、178、179、180、181、182共同認定為必須保留的蕃人所要地，乃針對現居於此的Birarau社223名、Chiyokozoru社79名、斗里斗里社207名、Paumori社192名、總計701名的蕃人。人均面積為3公頃。\r" }, "geometry": { "type": "MultiPolygon", "coordinates": [ [ [ [ 120.814309526429852, 22.591498309392804 ], [ 120.814547459967741, 22.591336494160135 ], [ 120.814652131037647, 22.590927221768165 ], [ 120.814804408989659, 22.590832035719131 ], [ 120.815032794881162, 22.590156257585896 ], [ 120.815384903908509, 22.589356741317506 ], [ 120.815813182947721, 22.589042631085093 ], [ 120.816365195096452, 22.588776103843934 ], [ 120.816841070485481, 22.588595240988251 ], [ 120.817212232130785, 22.588090776818554 ], [ 120.818483627246295, 22.587315199368199 ], [ 120.818529300325224, 22.587109611725229 ], [ 120.818791970732491, 22.586789799106185 ], [ 120.819385866380856, 22.586618448169993 ], [ 120.820368098232962, 22.586675505907689 ], [ 120.820493727459663, 22.586595549743592 ], [ 120.820870633757536, 22.586675480682548 ], [ 120.821498795848456, 22.58654981366049 ], [ 120.822241159253863, 22.586229976966038 ], [ 120.822595185792181, 22.585670310191496 ], [ 120.82273221101515, 22.585156339942753 ], [ 120.822606527271063, 22.584299740632943 ], [ 120.821875532604651, 22.583717285501223 ], [ 120.821281570478547, 22.582746495609339 ], [ 120.821306245029831, 22.581517741199363 ], [ 120.821214853995713, 22.581157971425867 ], [ 120.821288439906297, 22.580852508514628 ], [ 120.821478757934855, 22.580228128646432 ], [ 120.821730013289553, 22.580014916417582 ], [ 120.821966028774241, 22.579603733877796 ], [ 120.822466607471853, 22.578688092533628 ], [ 120.822951939934129, 22.577465025719647 ], [ 120.823199370148643, 22.576941532096171 ], [ 120.823322460395715, 22.576838184526132 ], [ 120.82329234745248, 22.576487102188711 ], [ 120.823263779899506, 22.576239639778297 ], [ 120.823011549568122, 22.576054054550859 ], [ 120.822902094978019, 22.57603978328228 ], [ 120.822934531998939, 22.575655399714677 ], [ 120.822671829685802, 22.575426984731397 ], [ 120.822534759259796, 22.575164299220155 ], [ 120.822420522719597, 22.574753134256909 ], [ 120.82231771541538, 22.574479025618515 ], [ 120.822317686179403, 22.573976483659884 ], [ 120.822271985185381, 22.573702372156394 ], [ 120.82250039514112, 22.573439668309341 ], [ 120.822409003784827, 22.573074187832752 ], [ 120.82228334930744, 22.572720130483045 ], [ 120.822340441664736, 22.572480278047131 ], [ 120.822443219069555, 22.572240423319723 ], [ 120.822408940003413, 22.571977732651575 ], [ 120.82234039382989, 22.571657936661389 ], [ 120.822386060275647, 22.571338134942106 ], [ 120.822386049646184, 22.571155392412031 ], [ 120.822157602485191, 22.570778497402085 ], [ 120.822005780005853, 22.57052279237945 ], [ 120.822104743460613, 22.570164916626229 ], [ 120.822028585771506, 22.569890806650434 ], [ 120.821899127974547, 22.569601470803754 ], [ 120.821876270836725, 22.569350200970721 ], [ 120.821990461313675, 22.568969481637723 ], [ 120.821914311596615, 22.568832428559386 ], [ 120.821853371187089, 22.568367961017749 ], [ 120.821419357920519, 22.568276611521188 ], [ 120.821373654717419, 22.567964428656953 ], [ 120.821190900356541, 22.567720781115671 ], [ 120.820863485534119, 22.567629426271981 ], [ 120.820612194303081, 22.567225882453332 ], [ 120.820223866525893, 22.567142144936472 ], [ 120.819904052593941, 22.566822361547263 ], [ 120.819409133898461, 22.566868072002165 ], [ 120.819249231360004, 22.566784323028564 ], [ 120.819066487625932, 22.566723418016821 ], [ 120.81865532485071, 22.56676912427103 ], [ 120.818475755266718, 22.566735344944448 ], [ 120.818293009761135, 22.566643982844127 ], [ 120.818140714755401, 22.5664460194062 ], [ 120.817935127611193, 22.566369886995485 ], [ 120.817706710783426, 22.566514569622466 ], [ 120.817432600052015, 22.566506969098082 ], [ 120.817303149341058, 22.566339461602684 ], [ 120.81705187803388, 22.566278560027445 ], [ 120.816678784801937, 22.566301421555764 ], [ 120.816313304858582, 22.566309054158015 ], [ 120.815978277186304, 22.566240542511071 ], [ 120.815673701341993, 22.566088272342633 ], [ 120.815445281413318, 22.566179655064829 ], [ 120.815095027161874, 22.566141601270168 ], [ 120.8148285248473, 22.566035014825196 ], [ 120.814257459527468, 22.565996972104706 ], [ 120.813922426982984, 22.565844703463103 ], [ 120.813686380481229, 22.565722886945782 ], [ 120.813572169188262, 22.565745735490552 ], [ 120.813153390461551, 22.565760985037628 ], [ 120.812894502763342, 22.565662012482459 ], [ 120.812498568331293, 22.565707717973016 ], [ 120.812292981184356, 22.565631585561206 ], [ 120.811988406665819, 22.56550215820798 ], [ 120.811470645436117, 22.565547869808331 ], [ 120.811303125620839, 22.565410821309126 ], [ 120.81115845452851, 22.565380371475648 ], [ 120.810724444350498, 22.565342321880706 ], [ 120.809141951215423, 22.565105089759058 ], [ 120.807504889009266, 22.564853900873597 ], [ 120.805266321146405, 22.564846398867797 ], [ 120.803781567217712, 22.565021601594655 ], [ 120.802205453367463, 22.56537193717023 ], [ 120.801002419032613, 22.565463368774484 ], [ 120.800416135084461, 22.565592840809739 ], [ 120.800216926028682, 22.565605883385185 ], [ 120.800357297944544, 22.565835112460263 ], [ 120.800909351645871, 22.566282423278 ], [ 120.801290079214226, 22.566606010760864 ], [ 120.801699359938837, 22.566929596811232 ], [ 120.801908760820993, 22.56711994311901 ], [ 120.802156243648156, 22.567500644326802 ], [ 120.802403727029372, 22.567890863375066 ], [ 120.802965305645387, 22.568461905638042 ], [ 120.803117627340072, 22.569118628992758 ], [ 120.803317574167309, 22.570403527432031 ], [ 120.803297037621917, 22.571867887883172 ], [ 120.80340181004216, 22.573200380300268 ], [ 120.80326857416199, 22.573409779476201 ], [ 120.803259086897469, 22.573933261181274 ], [ 120.802992611261743, 22.574285434650278 ], [ 120.802906967298171, 22.574551938482323 ], [ 120.802764245264171, 22.575303855046112 ], [ 120.802678595763481, 22.575475180473326 ], [ 120.802602604834703, 22.576022579091113 ], [ 120.80234375744277, 22.576616505329795 ], [ 120.80220677406885, 22.577850024340954 ], [ 120.802306373552852, 22.578546940771421 ], [ 120.802412404203039, 22.578664741175544 ], [ 120.802709369876112, 22.578885540174809 ], [ 120.802983486377968, 22.5789921262337 ], [ 120.803295693694238, 22.579441352641165 ], [ 120.803493667117152, 22.579525099703439 ], [ 120.803994305507331, 22.579634847007988 ], [ 120.804161822230171, 22.579718595598415 ], [ 120.804344576608372, 22.579962243145264 ], [ 120.804443565313619, 22.580038380901897 ], [ 120.804778598316034, 22.580198263809859 ], [ 120.804923277388326, 22.580365770542816 ], [ 120.805037508623926, 22.580685564252033 ], [ 120.805090818040568, 22.580860689842407 ], [ 120.80528879190598, 22.580952051176311 ], [ 120.805288799882717, 22.581089108079439 ], [ 120.805311660133668, 22.581393677829134 ], [ 120.805387809416473, 22.581523116638753 ], [ 120.805547715509661, 22.58166777978964 ], [ 120.805738076086527, 22.581774370049953 ], [ 120.805875140541261, 22.581934262891949 ], [ 120.805913220279422, 22.582086546429185 ], [ 120.805974146530815, 22.582307357271539 ], [ 120.806126440221888, 22.582482477893713 ], [ 120.806461471894181, 22.582619517982469 ], [ 120.806615156598752, 22.582982663473906 ], [ 120.806881661583631, 22.583134935546376 ], [ 120.806815055281604, 22.583439509785631 ], [ 120.806729419637193, 22.583848781225893 ], [ 120.806186966189188, 22.584819628185866 ], [ 120.806072803432244, 22.585676239564197 ], [ 120.805842834287262, 22.586404365909011 ], [ 120.805790517588505, 22.586932608685597 ], [ 120.805782075153573, 22.587687909187718 ], [ 120.805872412627821, 22.587665319666218 ], [ 120.806085608194721, 22.58764246614674 ], [ 120.80635971849054, 22.587642452386689 ], [ 120.806565305202156, 22.587710970518312 ], [ 120.806793728231909, 22.587672887689518 ], [ 120.806854647837454, 22.587779484445349 ], [ 120.807121153267659, 22.587939370787907 ], [ 120.807281048279748, 22.587893677126711 ], [ 120.807608457355471, 22.587886046418522 ], [ 120.807859415848441, 22.588023090723883 ], [ 120.807988871007339, 22.588266740942505 ], [ 120.808133548752764, 22.588411404855382 ], [ 120.808354366030073, 22.588517993583906 ], [ 120.808567563812431, 22.588533211426078 ], [ 120.80866655606539, 22.588670263359791 ], [ 120.808742709784013, 22.588875844891682 ], [ 120.808887387086102, 22.589012894531781 ], [ 120.809108204363199, 22.589119483259907 ], [ 120.809146281444214, 22.589226081161875 ], [ 120.80920028759094, 22.58935657661403 ], [ 120.809372875874075, 22.589313419697902 ], [ 120.80991538804669, 22.589351463824567 ], [ 120.810134300560293, 22.58943711339899 ], [ 120.810524546970555, 22.589779736064617 ], [ 120.810667317181881, 22.589855871620824 ], [ 120.811181305016888, 22.590388844882689 ], [ 120.811428776781952, 22.59057918926764 ], [ 120.811866607350609, 22.590845666818886 ], [ 120.812466246892313, 22.591245386012243 ], [ 120.813129328236286, 22.591479332965474 ], [ 120.813814607289061, 22.591536405602554 ], [ 120.814309526429852, 22.591498309392804 ] ] ] ] } },
{ "type": "Feature", "properties": { "番號": "109", "類型": null, "分區": "準要", "郡\n支廳": "〃", "庄 (區)": "〃", "大字": "猴子蘭", "地名": null, "土地\n類型": "旱田", "面積\n(公頃)": "6", "區分\n理由": "同上", "地        況": "位於太麻里溪下游右岸之平坦地。基岩為下部黏板岩，土壤狀況及其他等，與番號104相同。\n北側以太麻里溪溪畔為界。南側以山麓與要存置林野6相鄰。", "林        況": "全部都為蕃人的開墾地，預定作為水田。", "參  考  事  項": "(1) 同番號104之 (1)。\n(2) 本區域是認定為必須針對現居住在本地及番號110，行政區內的227名猴子蘭社蕃人保留的所要地。人均面積為2.7公頃。全部皆為水田預定地。" }, "geometry": { "type": "MultiPolygon", "coordinates": [ [ [ [ 120.98534278809008, 22.592428049551387 ], [ 120.986028055991227, 22.592298572572105 ], [ 120.987033117764412, 22.592146236733058 ], [ 120.987611787705319, 22.592024379374767 ], [ 120.988502631140165, 22.591773063765942 ], [ 120.98888804080508, 22.591654087151507 ], [ 120.988534788959939, 22.591458781163091 ], [ 120.987533186266205, 22.591082876876129 ], [ 120.987213388846968, 22.591044821579334 ], [ 120.986505268680759, 22.591006785772787 ], [ 120.985995109880719, 22.590846911717041 ], [ 120.98561438889314, 22.590633731277485 ], [ 120.985286995474823, 22.590907861414617 ], [ 120.984959614024731, 22.591387576830449 ], [ 120.984723601304253, 22.591844444852313 ], [ 120.984198243415477, 22.592187113354001 ], [ 120.983751493239353, 22.592307418105889 ], [ 120.983766651476842, 22.592374828776805 ], [ 120.984162592830955, 22.592450951599034 ], [ 120.98534278809008, 22.592428049551387 ] ] ] ] } },
{ "type": "Feature", "properties": { "番號": "110", "類型": null, "分區": "準要", "郡\n支廳": "大武", "庄 (區)": "太麻里", "大字": "猴子蘭", "地名": null, "土地\n類型": "旱田、\n山林\n原野", "面積\n(公頃)": "607", "區分\n理由": "第八條\n第四號", "地        況": "位於太麻里溪下游右岸，正對太平洋。陡坡地甚多，但整體為相對緩坡地。基岩與番號109相同，土壤狀況等，與番號104相同。海拔高度在760公尺以下。\n東側部分以山麓為界；另有部分與既有登錄地鄰接。北側與太麻里溪相鄰；其中一部分以小稜線與要存置林野6鄰接。西側及南側以稜線與要存置林野7及8接壤。", "林        況": "約二分之一的蕃人現耕地及開墾舊跡，剩餘部分是以栲櫧植物、櫟屬植物等為主要樹種的闊葉林，並且竹林零星分布。", "參  考  事  項": "(1) 同番號104之 (1)。\n(2) 同番號109之 (2)。\n(3) 預定作為水田用之地約有10公頃，現已開墾約1公頃左右，持續耕作中。" }, "geometry": { "type": "MultiPolygon", "coordinates": [ [ [ [ 120.955805512003735, 22.594908696847405 ], [ 120.958123970200845, 22.593926339622502 ], [ 120.959574444035411, 22.593480832013935 ], [ 120.960636598419185, 22.593092450925926 ], [ 120.961595967464206, 22.592806867643922 ], [ 120.962336359252902, 22.592684526267298 ], [ 120.963935325941137, 22.592522642768774 ], [ 120.964553964110522, 22.59229418361782 ], [ 120.964896596305323, 22.592198988045244 ], [ 120.965201173710568, 22.592379811667257 ], [ 120.965962638558366, 22.593198307459865 ], [ 120.966419517689189, 22.593693212069024 ], [ 120.966752642142652, 22.593769338045718 ], [ 120.967190448158235, 22.593617030670785 ], [ 120.967742460101363, 22.593350503515101 ], [ 120.968161215724209, 22.592941215489226 ], [ 120.96874175199568, 22.592179759362466 ], [ 120.969284243452591, 22.591865643500995 ], [ 120.970017080893015, 22.591408750526757 ], [ 120.970369213066903, 22.591008983686226 ], [ 120.970616647608523, 22.590561632915058 ], [ 120.97078795262199, 22.590323678385158 ], [ 120.971349510536186, 22.590542560457131 ], [ 120.971911062908816, 22.590666264156258 ], [ 120.972510678936445, 22.590666234060642 ], [ 120.972851917734431, 22.590478437936344 ], [ 120.973394414174365, 22.590249982614633 ], [ 120.973746577929248, 22.590392732497634 ], [ 120.974184414413855, 22.590763906173137 ], [ 120.974555641302643, 22.591382546958524 ], [ 120.974803148984066, 22.59219155069734 ], [ 120.975336163724492, 22.592581755267684 ], [ 120.976088070938985, 22.592714967246003 ], [ 120.977096943701341, 22.592629256070889 ], [ 120.978115331405064, 22.592495955232902 ], [ 120.978886260190137, 22.592391220327865 ], [ 120.980171148883784, 22.592343566648196 ], [ 120.981141955765395, 22.59234351791924 ], [ 120.982858159859191, 22.592369923088864 ], [ 120.983604347343274, 22.592347042825654 ], [ 120.983751493239353, 22.592307418105889 ], [ 120.9835457833167, 22.591392599082326 ], [ 120.98311930016996, 22.589854538025346 ], [ 120.982830857989995, 22.58890229290764 ], [ 120.981466561040008, 22.584609816873588 ], [ 120.981177191058293, 22.584069218250377 ], [ 120.981679727713839, 22.584092035843419 ], [ 120.982227955158635, 22.584213836648868 ], [ 120.98304268968603, 22.584525980821116 ], [ 120.983530016163883, 22.584860984230296 ], [ 120.983826983477911, 22.585112240225222 ], [ 120.987941728624023, 22.589187571517726 ], [ 120.98821585298046, 22.589431214385357 ], [ 120.989700657637229, 22.590139266931285 ], [ 120.991131530681443, 22.590883489960152 ], [ 120.992056681763998, 22.591385985312236 ], [ 120.992570665595352, 22.591854237087318 ], [ 120.993027527182704, 22.592048378027762 ], [ 120.994178860937353, 22.592782617660625 ], [ 120.99419598303777, 22.592448352047377 ], [ 120.994047490737458, 22.592174245800521 ], [ 120.993693419799811, 22.591968678296915 ], [ 120.993156605424176, 22.5917060129443 ], [ 120.992893859994524, 22.590735206775165 ], [ 120.992756802249829, 22.590689528037249 ], [ 120.992539750494601, 22.589867197828571 ], [ 120.99206002245964, 22.589261887481989 ], [ 120.990804476377107, 22.584476144179195 ], [ 120.990652161931649, 22.583943152958788 ], [ 120.989881179995663, 22.583134175510828 ], [ 120.990081011013203, 22.582429845558114 ], [ 120.989985811717872, 22.582049136860782 ], [ 120.989595525067998, 22.581011712225834 ], [ 120.98955742929131, 22.580583411478976 ], [ 120.989528858428429, 22.580278842133342 ], [ 120.989119611663185, 22.580535844259586 ], [ 120.988881651084782, 22.580231285418375 ], [ 120.988586582005283, 22.579888658094482 ], [ 120.988653197146022, 22.579736369362841 ], [ 120.988967273413493, 22.579593586053836 ], [ 120.989214722358071, 22.579393699066316 ], [ 120.989138565139356, 22.579127203455162 ], [ 120.98926101396475, 22.578913490149276 ], [ 120.989592201852659, 22.578422353154643 ], [ 120.989900571145881, 22.578342387856107 ], [ 120.990071863427033, 22.57788552309599 ], [ 120.989500809869298, 22.578045451400648 ], [ 120.989066775519277, 22.577588617005059 ], [ 120.988724085981318, 22.576697764666864 ], [ 120.989397909596676, 22.576172346274692 ], [ 120.989831897439956, 22.575829682380682 ], [ 120.989820463560548, 22.575612676274861 ], [ 120.989534916187111, 22.575338576897057 ], [ 120.989911810367303, 22.575212922546992 ], [ 120.990174463410725, 22.574596153548391 ], [ 120.990505691825931, 22.574801722209887 ], [ 120.990836912933844, 22.574881655426058 ], [ 120.99074552959074, 22.574653231926401 ], [ 120.9905285084334, 22.574356286303491 ], [ 120.990197262747628, 22.573853761134597 ], [ 120.98966039922901, 22.572745911856945 ], [ 120.989066469278455, 22.572323349689405 ], [ 120.988060214634288, 22.571603185441983 ], [ 120.986445958026664, 22.57070478259801 ], [ 120.984892617444018, 22.569852062310993 ], [ 120.983933184897296, 22.569044997854444 ], [ 120.983384929126402, 22.568435883784865 ], [ 120.983234596561275, 22.568413214353548 ], [ 120.982534094545173, 22.568443706557733 ], [ 120.982138163819613, 22.568550326184845 ], [ 120.981117867036232, 22.568588448694644 ], [ 120.980935071137012, 22.567629059896333 ], [ 120.982090470372796, 22.567583150505534 ], [ 120.981511767654396, 22.56714155188925 ], [ 120.98126809999701, 22.56689790748133 ], [ 120.981121050769431, 22.566689609592608 ], [ 120.980765002268441, 22.567301654832757 ], [ 120.980597518824226, 22.567788976482738 ], [ 120.980597534761245, 22.568063090186289 ], [ 120.980490976202091, 22.568748379790719 ], [ 120.980003711718311, 22.569479374103977 ], [ 120.979942796574178, 22.569448920080379 ], [ 120.978922557785467, 22.570484511907164 ], [ 120.978206861955201, 22.571108917906791 ], [ 120.977993689943787, 22.571535327696022 ], [ 120.977256148886042, 22.572124090494714 ], [ 120.977046777430019, 22.572438189617703 ], [ 120.976342496437141, 22.572952188140992 ], [ 120.975438353400023, 22.573637517757714 ], [ 120.974467581377596, 22.574237190185112 ], [ 120.973192248019416, 22.574932056262924 ], [ 120.972430843574287, 22.575151004708264 ], [ 120.971993046965338, 22.575465115294307 ], [ 120.971288752128771, 22.575741167899679 ], [ 120.970318193260155, 22.576088420064366 ], [ 120.971026145164629, 22.577150233416166 ], [ 120.971010946941036, 22.577668004522014 ], [ 120.970143024376654, 22.579267044713895 ], [ 120.96960662001581, 22.580599061219463 ], [ 120.969187887082867, 22.58139858055679 ], [ 120.968540736749901, 22.582331361078193 ], [ 120.968045866532819, 22.583207026938176 ], [ 120.967569998514833, 22.583511621608952 ], [ 120.966770498282543, 22.583302269304465 ], [ 120.96549508904306, 22.582693191710472 ], [ 120.964448104958464, 22.582084102652534 ], [ 120.962144747055405, 22.580865935035185 ], [ 120.961173900255318, 22.5801806994507 ], [ 120.9596890979508, 22.579514525323319 ], [ 120.959441622962544, 22.579267073965674 ], [ 120.958718244502862, 22.578715075684396 ], [ 120.958189988476349, 22.578322491390484 ], [ 120.957714077252248, 22.57788469474194 ], [ 120.957466664833476, 22.578712759013676 ], [ 120.957000351061197, 22.579645530481304 ], [ 120.956200918370214, 22.580597354339197 ], [ 120.954973202345514, 22.581787145628041 ], [ 120.954228322161796, 22.582468660171148 ], [ 120.953805751559827, 22.582742795095786 ], [ 120.953063435576965, 22.583873551447997 ], [ 120.952686579254433, 22.584650225906238 ], [ 120.95223549126969, 22.58553883386169 ], [ 120.951565775654572, 22.591234341515424 ], [ 120.950210476059056, 22.5916303515917 ], [ 120.949388196000569, 22.592498419665151 ], [ 120.949205503748772, 22.593320770014323 ], [ 120.949195373243754, 22.59369386976141 ], [ 120.949149700624744, 22.593907071619224 ], [ 120.94928678232678, 22.594363920948069 ], [ 120.949088827150931, 22.59459235899104 ], [ 120.949088850306538, 22.594990005647361 ], [ 120.949672287699045, 22.59476052647944 ], [ 120.950380406378031, 22.594771912335666 ], [ 120.951385481760539, 22.594851811715465 ], [ 120.952379143863524, 22.595068768530414 ], [ 120.954309336497985, 22.595068671630283 ], [ 120.955805512003735, 22.594908696847405 ] ] ] ] } },
{ "type": "Feature", "properties": { "番號": "178", "類型": "蕃", "分區": "準要", "郡\n支廳": "〃", "庄 (區)": null, "大字": null, "地名": "Paumori社蕃地", "土地\n類型": "旱田、\n山林\n原野", "面積\n(公頃)": "587", "區分\n理由": "同上", "地        況": "太麻里溪上游左岸之東向及西向緩坡地。基岩及土壤狀況等，與番號130相同。海拔高度介於272至1,030公尺。\n東側以溪流，與要存置林野75、89及準要存置林野182相鄰。北側以溪流及蕃社界，與要存置林野71、79相鄰。西側以稜線，另有部分以太麻里溪，與要存置林野177及176相鄰。南側以稜線與要存置林野77相鄰。", "林        況": "同上", "參  考  事  項": "同上\r" }, "geometry": { "type": "MultiPolygon", "coordinates": [ [ [ [ 120.845226262414528, 22.595328612979419 ], [ 120.84534808077494, 22.595183935697733 ], [ 120.845789688684206, 22.594940256825165 ], [ 120.845995254090582, 22.594643289902198 ], [ 120.846337879509733, 22.59443007308786 ], [ 120.846558681690254, 22.594277776565026 ], [ 120.846817542768548, 22.59391989279241 ], [ 120.84717540407415, 22.593836117834741 ], [ 120.847313885147443, 22.5938066055786 ], [ 120.84743950771275, 22.593612435340233 ], [ 120.847685063829857, 22.593595290899845 ], [ 120.847793548184555, 22.593292618149214 ], [ 120.848147592979728, 22.593047040108232 ], [ 120.848313187963697, 22.592818603640882 ], [ 120.8483588643617, 22.592670123047792 ], [ 120.848467362684517, 22.592607299858361 ], [ 120.848587269631139, 22.592327469350444 ], [ 120.848712880557684, 22.591933424479713 ], [ 120.848667155941229, 22.591253853019477 ], [ 120.848792771191981, 22.590934047298802 ], [ 120.84880341906478, 22.590728461426611 ], [ 120.84876342835733, 22.590448638946729 ], [ 120.848814812726843, 22.590254472437042 ], [ 120.848860490456104, 22.590128834659865 ], [ 120.848786229648354, 22.589740510527783 ], [ 120.848803345579938, 22.589466395885037 ], [ 120.848883286427821, 22.589329334980452 ], [ 120.848866138576497, 22.589055222057819 ], [ 120.848803302023526, 22.58871829368676 ], [ 120.848820421613283, 22.588506996786002 ], [ 120.848974593344565, 22.588244296671537 ], [ 120.84896314781308, 22.587827415867597 ], [ 120.849578683107296, 22.586613289341219 ], [ 120.849572947543678, 22.586184986843733 ], [ 120.849532953516189, 22.585848057326817 ], [ 120.84951706566973, 22.585418867007352 ], [ 120.849555116041088, 22.585066705030048 ], [ 120.850021477000624, 22.584942949707809 ], [ 120.850240291671795, 22.584833526802576 ], [ 120.850249895574407, 22.584828724167906 ], [ 120.850364061094936, 22.584019702068012 ], [ 120.8505639087887, 22.583600907094066 ], [ 120.851039771400238, 22.583201133947728 ], [ 120.851544207106912, 22.583144001594459 ], [ 120.851972503288678, 22.583124944420856 ], [ 120.852305613431284, 22.582953606590682 ], [ 120.852486457265783, 22.583077329429639 ], [ 120.852943298289716, 22.582915503229955 ], [ 120.853133652086086, 22.582905975837367 ], [ 120.853162197483357, 22.582772724650635 ], [ 120.853352546848058, 22.582687054541918 ], [ 120.853590485907958, 22.582620417723895 ], [ 120.853599988668989, 22.582363435578699 ], [ 120.853657072816901, 22.581982719131297 ], [ 120.85390451519234, 22.581668618008209 ], [ 120.853828349634398, 22.581259354729372 ], [ 120.853915065846877, 22.581018985271342 ], [ 120.853857945583755, 22.580779138580677 ], [ 120.854029250540904, 22.580539280427811 ], [ 120.85402924123575, 22.580379380723937 ], [ 120.854234813963771, 22.580208049296314 ], [ 120.854257647845472, 22.58005956985372 ], [ 120.854428964101814, 22.580013875627404 ], [ 120.854566001953287, 22.579716912157448 ], [ 120.85507995404474, 22.579636936516106 ], [ 120.855445416450806, 22.579328540177567 ], [ 120.855571025730981, 22.57890594180045 ], [ 120.855776599788484, 22.578757453189063 ], [ 120.855810850279781, 22.578529023322375 ], [ 120.855879375851714, 22.57849475566173 ], [ 120.855845102100147, 22.578323436270392 ], [ 120.855970727995768, 22.578186373078285 ], [ 120.856050675493137, 22.578163526252048 ], [ 120.856119188438541, 22.57791225185176 ], [ 120.856180084197391, 22.577609200786888 ], [ 120.856416115615673, 22.577472132055526 ], [ 120.85678157381416, 22.577091400140052 ], [ 120.857019641348401, 22.576790943729595 ], [ 120.856918580853076, 22.576718764806142 ], [ 120.85681386990251, 22.576442752714808 ], [ 120.856766251966917, 22.575938309611761 ], [ 120.856681722552551, 22.57559428361326 ], [ 120.856550355127951, 22.575200251649669 ], [ 120.856367604321818, 22.575017518300076 ], [ 120.856162004349628, 22.574720572022954 ], [ 120.856013505366676, 22.574332251621968 ], [ 120.855916407041761, 22.574029589197618 ], [ 120.85580635031458, 22.573480986451194 ], [ 120.855684487211661, 22.572856622294474 ], [ 120.855631154333295, 22.57227794032968 ], [ 120.855469374061798, 22.571996162588331 ], [ 120.85526916007565, 22.572111300999882 ], [ 120.854888450933615, 22.572103705825498 ], [ 120.854403052877814, 22.572198908569199 ], [ 120.853900528909264, 22.572396904838961 ], [ 120.85308584240758, 22.572914716176477 ], [ 120.851859988292446, 22.57339447678428 ], [ 120.850519902517362, 22.57354682944349 ], [ 120.849705175260965, 22.573364127794537 ], [ 120.848867614782193, 22.573341326995958 ], [ 120.848250874652507, 22.573478414825757 ], [ 120.847162067242436, 22.573813497402387 ], [ 120.845991410362558, 22.574198513087502 ], [ 120.845277603682987, 22.574579262485205 ], [ 120.844145030712056, 22.575188461046782 ], [ 120.84294583703722, 22.575854769992326 ], [ 120.841756167723645, 22.576635292541059 ], [ 120.840499877706833, 22.577472925475607 ], [ 120.838723938958182, 22.5786313356923 ], [ 120.837810285895529, 22.579453722901604 ], [ 120.837456257031477, 22.579973414724009 ], [ 120.837199306564486, 22.580453126748111 ], [ 120.836805304948456, 22.581001374097777 ], [ 120.836508342511905, 22.580835778585758 ], [ 120.836002747732678, 22.580602045809162 ], [ 120.835066179474083, 22.580175693579093 ], [ 120.833855524864049, 22.580160525786884 ], [ 120.83223371147966, 22.580259592706945 ], [ 120.831372289230387, 22.580168264670355 ], [ 120.829994124544115, 22.580183562372284 ], [ 120.828821559402286, 22.580488192094979 ], [ 120.827664202222664, 22.580442564541382 ], [ 120.827032207128639, 22.580122796829158 ], [ 120.825950965102777, 22.579620309129673 ], [ 120.824968707786752, 22.579125430733228 ], [ 120.824473770490172, 22.578851341773074 ], [ 120.823857006843298, 22.578584873197578 ], [ 120.823461040080034, 22.578074736834406 ], [ 120.823354088376476, 22.577417216097828 ], [ 120.823216668124118, 22.577826436696991 ], [ 120.823051073451282, 22.578060583873892 ], [ 120.822849716017629, 22.578704761399695 ], [ 120.82274502942488, 22.578847534255203 ], [ 120.822421455252126, 22.579332960340952 ], [ 120.822116926486302, 22.579989706594933 ], [ 120.82193609870194, 22.580142001112215 ], [ 120.821583979684661, 22.580770196235456 ], [ 120.82159351291277, 22.58103669528267 ], [ 120.821624010879404, 22.581745772847349 ], [ 120.821715434819765, 22.582670902327276 ], [ 120.822275127176198, 22.583538901264102 ], [ 120.823063236793544, 22.584269831835993 ], [ 120.823120365042527, 22.58464673544033 ], [ 120.823074722545982, 22.585377707857926 ], [ 120.822926745187786, 22.585775561005825 ], [ 120.822618405027043, 22.586358068303323 ], [ 120.822161573169694, 22.586677890665225 ], [ 120.821590520049227, 22.586849240453819 ], [ 120.82093951144509, 22.586906380173364 ], [ 120.820322763301263, 22.586906411131793 ], [ 120.819375945198686, 22.58689569923116 ], [ 120.819423093147819, 22.587078356301131 ], [ 120.819366045576118, 22.588087250234587 ], [ 120.820156094331864, 22.589429226053383 ], [ 120.820432117028957, 22.589581497640943 ], [ 120.821526743303721, 22.591104297129366 ], [ 120.822335833601784, 22.592550968226242 ], [ 120.823234544036524, 22.593696914616562 ], [ 120.823898607845024, 22.59399125624936 ], [ 120.824897969916449, 22.594019759591305 ], [ 120.826373206805883, 22.593857882235685 ], [ 120.827382082154784, 22.593810242378865 ], [ 120.82833387724618, 22.594209943874823 ], [ 120.829209539460507, 22.594761934634118 ], [ 120.8294665195113, 22.594790475251077 ], [ 120.829811068111383, 22.594914189871943 ], [ 120.830671482683229, 22.595134960558717 ], [ 120.831630865998491, 22.595089226753331 ], [ 120.832521726176751, 22.595119639109235 ], [ 120.833417662646696, 22.595153096919038 ], [ 120.83399633280284, 22.59503123951016 ], [ 120.83474251878522, 22.594977902138414 ], [ 120.835107991614706, 22.594848441163347 ], [ 120.83663842823681, 22.594635164702076 ], [ 120.837559738892978, 22.59455897572245 ], [ 120.837820139248691, 22.594483327546001 ], [ 120.838216076311497, 22.594483307665726 ], [ 120.838551095988549, 22.594414762396649 ], [ 120.839335354607954, 22.594391880202942 ], [ 120.840112000825357, 22.594399455478985 ], [ 120.840408944751573, 22.59424715513099 ], [ 120.840721131660416, 22.594346124991045 ], [ 120.841680515839144, 22.594315619732686 ], [ 120.841901332212842, 22.594406979908097 ], [ 120.842342953873469, 22.594399343462257 ], [ 120.842830260578964, 22.59439170472282 ], [ 120.843020623803028, 22.594543980602186 ], [ 120.843370877146029, 22.594566805831338 ], [ 120.843538399177802, 22.594741925673087 ], [ 120.843716386209124, 22.594839950486385 ], [ 120.844158965626391, 22.59493510666228 ], [ 120.84423511900917, 22.595134977474942 ], [ 120.844625351810194, 22.595244413038511 ], [ 120.844906129471511, 22.595330059498579 ], [ 120.845114021269424, 22.595408795226078 ], [ 120.845226262414528, 22.595328612979419 ] ] ] ] } },
{ "type": "Feature", "properties": { "番號": "179", "類型": "蕃", "分區": "準要", "郡\n支廳": "大武", "庄 (區)": null, "大字": null, "地名": "Birarau社蕃地", "土地\n類型": "旱田、\n山林\n原野", "面積\n(公頃)": "46", "區分\n理由": "第八條\n第二號", "地        況": "太麻里溪上游左岸支流 (斗里斗里溪) 右岸，為東南向緩坡地。基岩及土壤狀況等，與番號130相同。海拔高度介於425至940公尺。\n東側小部分區域以溪流與準要存置林野182連接。北側以稜線，與準要存置林野180及要存置林野83接壤。西側以稜線與準要存置林野177鄰接。南側以蕃社界及溪流，與準要存置林野178相鄰。", "林        況": "同上", "參  考  事  項": "(1) 同番號176\n(2) 設有Birarau警察官吏駐在所。" }, "geometry": { "type": "MultiPolygon", "coordinates": [ [ [ [ 120.834208824446264, 22.596948914975833 ], [ 120.835236722016035, 22.596674749566404 ], [ 120.83598519337913, 22.596640828471255 ], [ 120.836453450463594, 22.596389533981792 ], [ 120.837915373259634, 22.596412303387471 ], [ 120.838783373826359, 22.596149567418891 ], [ 120.839879778996476, 22.59553275633737 ], [ 120.84056504336948, 22.595338557994516 ], [ 120.841695752233676, 22.595407029666131 ], [ 120.843317594621794, 22.595806697503228 ], [ 120.843991456354374, 22.595932299152388 ], [ 120.844291271401119, 22.596157138445054 ], [ 120.844295475281115, 22.596112549004193 ], [ 120.844396342266649, 22.595755053875429 ], [ 120.844685679997767, 22.59573981080317 ], [ 120.844906480404774, 22.595557057191805 ], [ 120.845114021269424, 22.595408795226078 ], [ 120.844906129471511, 22.595330059498579 ], [ 120.844625351810194, 22.595244413038511 ], [ 120.84423511900917, 22.595134977474942 ], [ 120.844158965626391, 22.59493510666228 ], [ 120.843716386209124, 22.594839950486385 ], [ 120.843538399177802, 22.594741925673087 ], [ 120.843370877146029, 22.594566805831338 ], [ 120.843020623803028, 22.594543980602186 ], [ 120.842830260578964, 22.59439170472282 ], [ 120.842342953873469, 22.594399343462257 ], [ 120.841901332212842, 22.594406979908097 ], [ 120.841680515839144, 22.594315619732686 ], [ 120.840721131660416, 22.594346124991045 ], [ 120.840408944751573, 22.59424715513099 ], [ 120.840112000825357, 22.594399455478985 ], [ 120.839335354607954, 22.594391880202942 ], [ 120.838551095988549, 22.594414762396649 ], [ 120.838216076311497, 22.594483307665726 ], [ 120.837820139248691, 22.594483327546001 ], [ 120.837559738892978, 22.59455897572245 ], [ 120.83663842823681, 22.594635164702076 ], [ 120.835107991614706, 22.594848441163347 ], [ 120.83474251878522, 22.594977902138414 ], [ 120.83399633280284, 22.59503123951016 ], [ 120.833417662646696, 22.595153096919038 ], [ 120.832521726176751, 22.595119639109235 ], [ 120.831630865998491, 22.595089226753331 ], [ 120.830671482683229, 22.595134960558717 ], [ 120.829811068111383, 22.594914189871943 ], [ 120.8294665195113, 22.594790475251077 ], [ 120.829209539460507, 22.594761934634118 ], [ 120.82833387724618, 22.594209943874823 ], [ 120.827382082154784, 22.593810242378865 ], [ 120.826373206805883, 22.593857882235685 ], [ 120.824897969916449, 22.594019759591305 ], [ 120.823898607845024, 22.59399125624936 ], [ 120.823234544036524, 22.593696914616562 ], [ 120.823373341935451, 22.593873895927313 ], [ 120.823546467238828, 22.594248255617028 ], [ 120.824384104049273, 22.595580711188866 ], [ 120.824669654443426, 22.595904303417825 ], [ 120.824902090525597, 22.596418911866841 ], [ 120.825220731979371, 22.596341176337429 ], [ 120.826657916288724, 22.596493389611279 ], [ 120.827324168753719, 22.596702748638599 ], [ 120.827584451460822, 22.596878862039723 ], [ 120.828246913906781, 22.596743629014373 ], [ 120.82972025267199, 22.596675026580101 ], [ 120.830965174847989, 22.596754913922069 ], [ 120.832084470460757, 22.596960443061057 ], [ 120.832815431202235, 22.596960406354867 ], [ 120.834208824446264, 22.596948914975833 ] ] ] ] } },
{ "type": "Feature", "properties": { "番號": "177", "類型": "蕃", "分區": "準要", "郡\n支廳": "〃", "庄 (區)": null, "大字": null, "地名": "Birarau社蕃地", "土地\n類型": "旱田、\n山林\n原野", "面積\n(公頃)": "97", "區分\n理由": "同上", "地        況": "太麻里溪上游左岸之南向緩坡地。基岩及土壤狀況等，與番號130相同。海拔高度介於440至970公尺。\n東側以稜線，與準要存置林野178及179相鄰。北側及西側以稜線，與要存置林野83及82相鄰。南側以太麻里溪與準要存置林野176相鄰。", "林        況": "同上", "參  考  事  項": "同上\r" }, "geometry": { "type": "MultiPolygon", "coordinates": [ [ [ [ 120.822225474130221, 22.597154705513315 ], [ 120.824050069276964, 22.596626770330161 ], [ 120.824902090525597, 22.596418911866841 ], [ 120.824669654443426, 22.595904303417825 ], [ 120.824384104049273, 22.595580711188866 ], [ 120.823546467238828, 22.594248255617028 ], [ 120.823373341935451, 22.593873895927313 ], [ 120.823234544036524, 22.593696914616562 ], [ 120.822335833601784, 22.592550968226242 ], [ 120.821526743303721, 22.591104297129366 ], [ 120.820432117028957, 22.589581497640943 ], [ 120.820156094331864, 22.589429226053383 ], [ 120.819366045576118, 22.588087250234587 ], [ 120.819423093147819, 22.587078356301131 ], [ 120.819375945198686, 22.58689569923116 ], [ 120.819317691584871, 22.586895040174348 ], [ 120.818952221176104, 22.587066379644803 ], [ 120.818758074780632, 22.587325036700275 ], [ 120.817581731343026, 22.588124594336087 ], [ 120.817250543339213, 22.588615731522385 ], [ 120.81688507359452, 22.588798492403477 ], [ 120.816393977282587, 22.589106895083994 ], [ 120.81616556135198, 22.589266806268739 ], [ 120.81572014144227, 22.589426728347611 ], [ 120.815503154754182, 22.589723695860297 ], [ 120.815046369447501, 22.590843016820887 ], [ 120.814829390741551, 22.591277041236204 ], [ 120.814646667841245, 22.591574007030285 ], [ 120.814338305736712, 22.591779607864694 ], [ 120.813687298452734, 22.591859590409399 ], [ 120.812682218073732, 22.591699741152375 ], [ 120.811825598802869, 22.591277192044586 ], [ 120.810898433874499, 22.590522140720307 ], [ 120.810595751471752, 22.590196645772366 ], [ 120.810275945156306, 22.590008208586571 ], [ 120.809790522225526, 22.589677012107614 ], [ 120.809475064814734, 22.589655997262536 ], [ 120.809513244270022, 22.590884990568117 ], [ 120.809673260334733, 22.59291799326488 ], [ 120.810073110279774, 22.594733977155958 ], [ 120.811043952824804, 22.595339263061604 ], [ 120.812780019267308, 22.595933089129975 ], [ 120.815441225229037, 22.596823825357731 ], [ 120.815749605292282, 22.596926602548052 ], [ 120.81789680188696, 22.596915073312633 ], [ 120.819324460298603, 22.596926423027707 ], [ 120.820165439563013, 22.597114876104037 ], [ 120.820649343980932, 22.597223313113101 ], [ 120.820900621722885, 22.597394621619923 ], [ 120.822225474130221, 22.597154705513315 ] ] ] ] } },
{ "type": "Feature", "properties": { "番號": "183", "類型": "蕃", "分區": "準要", "郡\n支廳": "〃", "庄 (區)": null, "大字": null, "地名": "Karataran社蕃地", "土地\n類型": "旱田、\n山林\n原野", "面積\n(公頃)": "252", "區分\n理由": "同上", "地        況": "太麻里溪中游左岸及其支流左岸，為緩坡地。基岩及土壤狀況等，與番號130相同。海拔高度介於212至1,060公尺。\n東側以稜線或蕃路，與要存置林野91為界。北側以稜線與要存置林野90為界。西側以溪流與要存置林野89為界。南側以稜線與要存置林野92為界；另有部分以太麻里溪溪畔為界。", "林        況": "同上", "參  考  事  項": "(1) 同番號168。\n(2) Karataran警察官吏駐在所位於本區域內。" }, "geometry": { "type": "MultiPolygon", "coordinates": [ [ [ [ 120.879876392872035, 22.597589667644122 ], [ 120.879947387531928, 22.596371380671826 ], [ 120.880213782717163, 22.594639120578126 ], [ 120.880499249926658, 22.593535036910627 ], [ 120.880537263152434, 22.592545179737009 ], [ 120.882250362403113, 22.591003203808594 ], [ 120.882764305811151, 22.590774749872047 ], [ 120.88339242302942, 22.589880041473542 ], [ 120.883506587975603, 22.589061501587754 ], [ 120.88259283950859, 22.588243013297845 ], [ 120.882106949844868, 22.586432516275639 ], [ 120.881543475300703, 22.585990916825295 ], [ 120.881147503709073, 22.585397023542995 ], [ 120.880690502620581, 22.582808194260508 ], [ 120.879795800675112, 22.582180061781909 ], [ 120.88075508816749, 22.58048964543319 ], [ 120.882369238005069, 22.579545394811735 ], [ 120.884348880569107, 22.578814325451503 ], [ 120.885414856873439, 22.578677215086941 ], [ 120.885950094150274, 22.578607804208371 ], [ 120.885898564704078, 22.578353179904983 ], [ 120.885746255762257, 22.577915366957065 ], [ 120.885270318978655, 22.577039749655864 ], [ 120.884794410990509, 22.576659059975736 ], [ 120.884051982568565, 22.575859598752871 ], [ 120.88336666487767, 22.575136277374352 ], [ 120.882757467883067, 22.574051274295577 ], [ 120.881463020744491, 22.573404126180591 ], [ 120.879569970234328, 22.573471351592055 ], [ 120.87939579622703, 22.574313448923185 ], [ 120.878758780291932, 22.577668995030653 ], [ 120.878692186731044, 22.578192479519362 ], [ 120.878608181175025, 22.579354453251682 ], [ 120.878465449204683, 22.579935048596084 ], [ 120.878360816350394, 22.581001051821556 ], [ 120.878265693462069, 22.581933804823812 ], [ 120.876961754055046, 22.581724477796669 ], [ 120.876067073704846, 22.581467541036325 ], [ 120.874420498693851, 22.581296302557234 ], [ 120.874070322081351, 22.581117509558776 ], [ 120.873983816600855, 22.581179306889975 ], [ 120.873833380888826, 22.581149720487264 ], [ 120.873757841687109, 22.581537613032186 ], [ 120.87352943420295, 22.581842195347189 ], [ 120.873510874283738, 22.582162909387293 ], [ 120.873160644453307, 22.582543640529632 ], [ 120.873054078815258, 22.583107101957044 ], [ 120.872810432349226, 22.583228942525874 ], [ 120.87267339406381, 22.583518291714626 ], [ 120.872749546436225, 22.583701030405457 ], [ 120.872749560617763, 22.583944687088032 ], [ 120.872597285122112, 22.584081751614637 ], [ 120.87250593276562, 22.584386327053714 ], [ 120.87230799172859, 22.584858421812527 ], [ 120.871972980497489, 22.585071638224353 ], [ 120.871851170560774, 22.585360986650151 ], [ 120.871348653714023, 22.585680811268968 ], [ 120.871165938366573, 22.586107219637199 ], [ 120.870815696128616, 22.58627475118681 ], [ 120.869283579278658, 22.587869637235055 ], [ 120.869102759830298, 22.58816469932907 ], [ 120.868960014021113, 22.588507348708941 ], [ 120.868998098188598, 22.588735774940165 ], [ 120.868960042281429, 22.588992758511569 ], [ 120.86878873334733, 22.589164088218155 ], [ 120.86857934855739, 22.589249759282438 ], [ 120.868560335843057, 22.58963999164839 ], [ 120.868350958257153, 22.589849394623641 ], [ 120.868046392970655, 22.589877963430407 ], [ 120.867837016492999, 22.59010640208465 ], [ 120.867503920775917, 22.590525203736394 ], [ 120.867246949062263, 22.590639430708464 ], [ 120.867094679442047, 22.590877384336142 ], [ 120.866980487895475, 22.591239067963883 ], [ 120.866761584833895, 22.591315221667948 ], [ 120.866399929869374, 22.59162932852254 ], [ 120.866390422128163, 22.591800650108361 ], [ 120.866238158050976, 22.5921337821304 ], [ 120.86605732474942, 22.592190898245093 ], [ 120.865933602185194, 22.592324154207645 ], [ 120.865905067877762, 22.59264776217903 ], [ 120.865762314867553, 22.592866679651557 ], [ 120.865456256743386, 22.593137993097606 ], [ 120.865174536304323, 22.593206535685187 ], [ 120.864801467950727, 22.593655796435218 ], [ 120.864424472396337, 22.593936864221433 ], [ 120.864591488946559, 22.593954750584391 ], [ 120.86640369955343, 22.594594258404214 ], [ 120.869982421512873, 22.595629619639119 ], [ 120.874444399113514, 22.596862907565811 ], [ 120.876926663164056, 22.597608981516881 ], [ 120.878760791826338, 22.598064527413804 ], [ 120.879852565482437, 22.598417367013795 ], [ 120.879876392872035, 22.597589667644122 ] ] ] ] } },
{ "type": "Feature", "properties": { "番號": "185", "類型": "蕃", "分區": "準要", "郡\n支廳": "大武", "庄 (區)": null, "大字": null, "地名": "Bashiyoro社蕃地", "土地\n類型": "旱田、\n山林\n原野", "面積\n(公頃)": "158", "區分\n理由": "第八條\n第二號", "地        況": "介於太麻里溪左岸支流Bajiyoro溪與Mariburu溪之間，為緩坡地。基岩及土壤狀況等，與番號130相同。海拔高度介於155至545公尺。\n東側以溪流與準要存置林野186為界。北側亦以小溪流與準要存置林野188為界。西側有部分以溪流與準要存置林野184為界；部分則與南側以溪畔為界。", "林        況": "同上", "參  考  事  項": "同番號168。\r" }, "geometry": { "type": "MultiPolygon", "coordinates": [ [ [ [ 120.909422052901959, 22.600314539873803 ], [ 120.910459467885758, 22.6000384704606 ], [ 120.911553967541366, 22.599391202480685 ], [ 120.912686523091509, 22.598486950954399 ], [ 120.913295629202963, 22.598011028446439 ], [ 120.913857158375578, 22.597734982935979 ], [ 120.914313992116391, 22.597449424844669 ], [ 120.915073206197405, 22.597070616412751 ], [ 120.915849837192155, 22.596819306484413 ], [ 120.916393609164274, 22.596792090154789 ], [ 120.916361511157518, 22.596417864488632 ], [ 120.916258707186032, 22.596200862935042 ], [ 120.916201587586599, 22.595972437681532 ], [ 120.916224415471419, 22.595721165601827 ], [ 120.916304352313176, 22.5955155762794 ], [ 120.916304330363445, 22.595138669880363 ], [ 120.916178672567327, 22.594727505570859 ], [ 120.916281447937635, 22.594453386665659 ], [ 120.916532683715872, 22.593905146562101 ], [ 120.916612606592295, 22.593459707714153 ], [ 120.916715379303554, 22.593139903185566 ], [ 120.916601152745102, 22.592900059393095 ], [ 120.916658236429541, 22.592511728722169 ], [ 120.916655455343573, 22.592151954571527 ], [ 120.916541234106006, 22.592003482026989 ], [ 120.916472689260317, 22.591706528910972 ], [ 120.916506934417868, 22.591386727822897 ], [ 120.916643967584093, 22.591009814545362 ], [ 120.916746748942558, 22.590838488295514 ], [ 120.916723879825412, 22.590381633202568 ], [ 120.916780972157483, 22.590141780810441 ], [ 120.916780956863789, 22.589879088472905 ], [ 120.916689574156308, 22.589662086345424 ], [ 120.916769497038956, 22.58921664749921 ], [ 120.916712374784964, 22.588942536622039 ], [ 120.916461091789344, 22.588679856896267 ], [ 120.916472496426309, 22.588394321173425 ], [ 120.916634858164358, 22.58780523814621 ], [ 120.916342435379988, 22.585971152667991 ], [ 120.916324988439015, 22.58550951572164 ], [ 120.916324796647842, 22.58550950401872 ], [ 120.915388222145012, 22.584972744938202 ], [ 120.915022708611119, 22.584401692979942 ], [ 120.914851337209242, 22.583499410504039 ], [ 120.914831284977566, 22.582382017288001 ], [ 120.914724653768317, 22.581818566608508 ], [ 120.91420685190829, 22.581163765311828 ], [ 120.912577356881883, 22.58009784917547 ], [ 120.910475801737419, 22.579351756087696 ], [ 120.909790534146737, 22.579488847342919 ], [ 120.90942508042744, 22.57994572192408 ], [ 120.909333761746879, 22.580828981913612 ], [ 120.909318575050278, 22.581544724127074 ], [ 120.909257683821465, 22.581925440720607 ], [ 120.909729827239147, 22.58303710055992 ], [ 120.909897430332066, 22.584605631926529 ], [ 120.909972879625201, 22.585790789385044 ], [ 120.909775050300922, 22.588181680337271 ], [ 120.909242088336143, 22.588699477501255 ], [ 120.90878527519358, 22.589339099177216 ], [ 120.908770080537735, 22.589917784521106 ], [ 120.908778692686255, 22.590711381463716 ], [ 120.908881563156683, 22.592070523639414 ], [ 120.908927306718823, 22.59307560509049 ], [ 120.908630426468136, 22.594320553274034 ], [ 120.908390611280538, 22.594857371407365 ], [ 120.908059414045312, 22.59518860881688 ], [ 120.907671091888446, 22.59520004971932 ], [ 120.907476920500258, 22.59502873837409 ], [ 120.907481187096423, 22.594900514608437 ], [ 120.907335771609681, 22.59490375341008 ], [ 120.907193009191928, 22.594960867608986 ], [ 120.906983633291773, 22.595198824085255 ], [ 120.906945581272709, 22.595522432507188 ], [ 120.906802817192016, 22.59555099319056 ], [ 120.906679094086755, 22.595674731304015 ], [ 120.906555377078817, 22.595903165641484 ], [ 120.906622018830674, 22.596207733130175 ], [ 120.906583956280727, 22.596350502619941 ], [ 120.906374584261712, 22.596655083967157 ], [ 120.906365086501722, 22.596997726633315 ], [ 120.906450760915448, 22.597254703973604 ], [ 120.906469807435272, 22.597445059789148 ], [ 120.90639367679232, 22.597635420383646 ], [ 120.906507904909787, 22.597901914128698 ], [ 120.906650690056978, 22.598235031309795 ], [ 120.906555526199838, 22.598463464214685 ], [ 120.906536501300849, 22.598644304103257 ], [ 120.90672686782267, 22.598853686993323 ], [ 120.906812341341904, 22.599065851186719 ], [ 120.906660079504093, 22.599437054537727 ], [ 120.906831410594108, 22.599646438383399 ], [ 120.906869494765417, 22.599874864597268 ], [ 120.906831441088215, 22.600169919504854 ], [ 120.906771510525743, 22.600295793711673 ], [ 120.907689830770821, 22.600352698215325 ], [ 120.909422052901959, 22.600314539873803 ] ] ] ] } },
{ "type": "Feature", "properties": { "番號": "180", "類型": "蕃", "分區": "準要", "郡\n支廳": "〃", "庄 (區)": null, "大字": null, "地名": "〃", "土地\n類型": "旱田、\n山林\n原野", "面積\n(公頃)": "76", "區分\n理由": "同上", "地        況": "太麻里溪左岸支流 (斗里斗里溪) 右岸，為東向緩坡地。基岩及土壤狀況等，與番號130相同。海拔高度介於425至848公尺。\n北側以溪流與準要存置林野181相鄰。西側以小溪流與要存置林野83相鄰。南側以稜線與準要存置林野179相鄰。", "林        況": "同上", "參  考  事  項": "同上\r" }, "geometry": { "type": "MultiPolygon", "coordinates": [ [ [ [ 120.832520101576918, 22.602279748881404 ], [ 120.832733294466536, 22.602211209724612 ], [ 120.833106367271711, 22.601838091654987 ], [ 120.833433774551395, 22.601800003850169 ], [ 120.833898239187519, 22.601799980521772 ], [ 120.834141881675549, 22.601609611483237 ], [ 120.83428655098821, 22.601609604217082 ], [ 120.8345164952826, 22.601544871355561 ], [ 120.834647833468182, 22.601436361382383 ], [ 120.835184632093586, 22.60142491301335 ], [ 120.83547586161805, 22.601207891633486 ], [ 120.835749965904782, 22.601105085194288 ], [ 120.836143993104059, 22.600996562028115 ], [ 120.836686501359992, 22.600967981260968 ], [ 120.836823555499294, 22.600950842265391 ], [ 120.837211887704996, 22.601110722473784 ], [ 120.837668738162336, 22.601110699528626 ], [ 120.837937141798605, 22.601179214496003 ], [ 120.83818269392826, 22.601093541603323 ], [ 120.838393979279189, 22.600956474096105 ], [ 120.838799434059212, 22.600956453732444 ], [ 120.839227718385459, 22.600733714767262 ], [ 120.839439003403086, 22.600590936556408 ], [ 120.839930114315166, 22.600533804851512 ], [ 120.84005002924188, 22.600391031230028 ], [ 120.840455483687478, 22.600385300163005 ], [ 120.840718171700303, 22.600368154858085 ], [ 120.840900904229443, 22.600236799489924 ], [ 120.841135030438508, 22.60007117731703 ], [ 120.841493687607411, 22.600034039728865 ], [ 120.841607890905053, 22.599874134282945 ], [ 120.841714489344085, 22.59987412892939 ], [ 120.841805849675595, 22.599706610359071 ], [ 120.842110412651579, 22.599638066616137 ], [ 120.84231598027317, 22.599379171047435 ], [ 120.842673842024567, 22.599303010356351 ], [ 120.842841343210935, 22.599120259418857 ], [ 120.842864178192656, 22.598990815649785 ], [ 120.843130660982098, 22.598762374110269 ], [ 120.843290542228132, 22.598480638021389 ], [ 120.843351444089194, 22.598282663893883 ], [ 120.843534173624249, 22.598099912192328 ], [ 120.843701666383666, 22.597772490090314 ], [ 120.843716887635196, 22.597650660975834 ], [ 120.843869161360928, 22.59748313934795 ], [ 120.843891975497499, 22.596995824802445 ], [ 120.844013790752712, 22.596797847616777 ], [ 120.84425742791619, 22.596516107323406 ], [ 120.844291271401119, 22.596157138445054 ], [ 120.843991456354374, 22.595932299152388 ], [ 120.843317594621794, 22.595806697503228 ], [ 120.841695752233676, 22.595407029666131 ], [ 120.84056504336948, 22.595338557994516 ], [ 120.839879778996476, 22.59553275633737 ], [ 120.838783373826359, 22.596149567418891 ], [ 120.837915373259634, 22.596412303387471 ], [ 120.836453450463594, 22.596389533981792 ], [ 120.83598519337913, 22.596640828471255 ], [ 120.835236722016035, 22.596674749566404 ], [ 120.834208824446264, 22.596948914975833 ], [ 120.832815431202235, 22.596960406354867 ], [ 120.832084470460757, 22.596960443061057 ], [ 120.830965174847989, 22.596754913922069 ], [ 120.82972025267199, 22.596675026580101 ], [ 120.828246913906781, 22.596743629014373 ], [ 120.827584451460822, 22.596878862039723 ], [ 120.828590075157805, 22.597559290682849 ], [ 120.829389137545292, 22.598416807951885 ], [ 120.830063088464016, 22.600072878288721 ], [ 120.830988270545447, 22.601100758555948 ], [ 120.831616463225046, 22.601500476289605 ], [ 120.832141872535871, 22.602037256082063 ], [ 120.832419237662862, 22.602361944315721 ], [ 120.832520101576918, 22.602279748881404 ] ] ] ] } },
{ "type": "Feature", "properties": { "番號": "182", "類型": "蕃", "分區": "準要", "郡\n支廳": "大武", "庄 (區)": null, "大字": null, "地名": "Chiyokozoru社蕃地", "土地\n類型": "旱田、\n山林\n原野", "面積\n(公頃)": "263", "區分\n理由": "第八條\n第二號", "地        況": "位於太麻里溪左岸支流 (斗里斗里溪) 左岸，為西向緩坡地。基岩及土壤狀況等，與番號130相同。海拔高度介於303至1,060公尺。\n東側、南側及北側均以稜線，與要存置林野89及88連接。西側以斗里斗里溪，與準要存置林野181、180、179及178相鄰。", "林        況": "同上", "參  考  事  項": "同番號176\r" }, "geometry": { "type": "MultiPolygon", "coordinates": [ [ [ [ 120.86154447622576, 22.606976735688338 ], [ 120.861744304468417, 22.606224816326655 ], [ 120.861953645530761, 22.605388822238972 ], [ 120.861944103963779, 22.604979555618886 ], [ 120.862058298268352, 22.604665461178577 ], [ 120.862001150368371, 22.603951626085269 ], [ 120.861858350223898, 22.603361527207909 ], [ 120.861591830292568, 22.602952273495234 ], [ 120.861477604929917, 22.602733368923342 ], [ 120.861344326941349, 22.602219412283244 ], [ 120.861087333046783, 22.601952925684092 ], [ 120.860525752234651, 22.601343812159108 ], [ 120.860021268855022, 22.600582410332603 ], [ 120.859878484796411, 22.600268328798762 ], [ 120.85963101361024, 22.600087502275791 ], [ 120.859145564558105, 22.599307063812084 ], [ 120.858661689709407, 22.598319176023772 ], [ 120.858501774759461, 22.598022227459985 ], [ 120.858280938434703, 22.597588225065849 ], [ 120.858113405763106, 22.597230362711112 ], [ 120.857961060194015, 22.596164372330612 ], [ 120.857785871220031, 22.595083154553716 ], [ 120.857861956197112, 22.594108523963527 ], [ 120.857978511345067, 22.593400533472312 ], [ 120.858019934079337, 22.593148919517756 ], [ 120.858153150529844, 22.59260639597591 ], [ 120.858609951082755, 22.591749767485283 ], [ 120.859104834699266, 22.591102529553954 ], [ 120.859342747152624, 22.590579036437745 ], [ 120.859371279245551, 22.590217357104525 ], [ 120.859323664058635, 22.58976050319901 ], [ 120.859000032297828, 22.589256073951475 ], [ 120.858210026844375, 22.588656489718957 ], [ 120.857210637148441, 22.588152094389979 ], [ 120.856439685967985, 22.5878761157417 ], [ 120.855558767970209, 22.58696149557839 ], [ 120.85435951950079, 22.586685538424963 ], [ 120.853017491413937, 22.586171642446903 ], [ 120.852408348073595, 22.586009869747492 ], [ 120.852056178119739, 22.585762423593412 ], [ 120.851589804419575, 22.585667268605018 ], [ 120.850866431291507, 22.585210448609143 ], [ 120.850240291671795, 22.584833526802576 ], [ 120.850021477000624, 22.584942949707809 ], [ 120.849555116041088, 22.585066705030048 ], [ 120.84951706566973, 22.585418867007352 ], [ 120.849532953516189, 22.585848057326817 ], [ 120.849572947543678, 22.586184986843733 ], [ 120.849578683107296, 22.586613289341219 ], [ 120.84896314781308, 22.587827415867597 ], [ 120.848974593344565, 22.588244296671537 ], [ 120.848820421613283, 22.588506996786002 ], [ 120.848803302023526, 22.58871829368676 ], [ 120.848866138576497, 22.589055222057819 ], [ 120.848883286427821, 22.589329334980452 ], [ 120.848803345579938, 22.589466395885037 ], [ 120.848786229648354, 22.589740510527783 ], [ 120.848860490456104, 22.590128834659865 ], [ 120.848814812726843, 22.590254472437042 ], [ 120.84876342835733, 22.590448638946729 ], [ 120.84880341906478, 22.590728461426611 ], [ 120.848792771191981, 22.590934047298802 ], [ 120.848667155941229, 22.591253853019477 ], [ 120.848712880557684, 22.591933424479713 ], [ 120.848587269631139, 22.592327469350444 ], [ 120.848467362684517, 22.592607299858361 ], [ 120.8483588643617, 22.592670123047792 ], [ 120.848313187963697, 22.592818603640882 ], [ 120.848147592979728, 22.593047040108232 ], [ 120.847793548184555, 22.593292618149214 ], [ 120.847685063829857, 22.593595290899845 ], [ 120.84743950771275, 22.593612435340233 ], [ 120.847313885147443, 22.5938066055786 ], [ 120.84717540407415, 22.593836117834741 ], [ 120.846817542768548, 22.59391989279241 ], [ 120.846558681690254, 22.594277776565026 ], [ 120.846337879509733, 22.59443007308786 ], [ 120.845995254090582, 22.594643289902198 ], [ 120.845789688684206, 22.594940256825165 ], [ 120.84534808077494, 22.595183935697733 ], [ 120.845226262414528, 22.595328612979419 ], [ 120.845114021269424, 22.595408795226078 ], [ 120.844906480404774, 22.595557057191805 ], [ 120.844685679997767, 22.59573981080317 ], [ 120.844396342266649, 22.595755053875429 ], [ 120.844295475281115, 22.596112549004193 ], [ 120.844291271401119, 22.596157138445054 ], [ 120.84449401380293, 22.596309180374483 ], [ 120.84466367637917, 22.596468119780081 ], [ 120.844766470391264, 22.596513800249515 ], [ 120.844766491680019, 22.596879285297543 ], [ 120.844892140190041, 22.597130549959285 ], [ 120.844869324944739, 22.597598828824363 ], [ 120.845017811320403, 22.597770142484688 ], [ 120.84499498942283, 22.598124207272143 ], [ 120.84506353295825, 22.598398317617029 ], [ 120.844892229342719, 22.598661018598737 ], [ 120.845052146960356, 22.599003652801848 ], [ 120.845177784160796, 22.599060753531358 ], [ 120.845326282513739, 22.599437652530703 ], [ 120.845269190180801, 22.599677504961495 ], [ 120.845566173580579, 22.60020287480506 ], [ 120.845657550989557, 22.600328505701551 ], [ 120.845600461984361, 22.600625465171188 ], [ 120.845520525133608, 22.600831054526203 ], [ 120.845554802225763, 22.601059480960544 ], [ 120.845828925803573, 22.601287895348797 ], [ 120.845840366362793, 22.601619115600126 ], [ 120.845817539811549, 22.601893230533673 ], [ 120.845962466281421, 22.602223063993712 ], [ 120.845933931983765, 22.602546671981067 ], [ 120.845922915766963, 22.602587992906365 ], [ 120.846839821156777, 22.602559293139549 ], [ 120.847822048951159, 22.602547822397636 ], [ 120.849546682672653, 22.602947485044705 ], [ 120.852424930970784, 22.604500651917657 ], [ 120.85397827038706, 22.605322915241199 ], [ 120.854355173995557, 22.605357160531241 ], [ 120.855348372882659, 22.605787316993386 ], [ 120.85570054174012, 22.606015727454501 ], [ 120.856204982427727, 22.606044255633559 ], [ 120.85654762580171, 22.606139416817744 ], [ 120.857518439078049, 22.606244064286198 ], [ 120.858850936705949, 22.606539050377076 ], [ 120.859774170265425, 22.606795985667745 ], [ 120.86108762635007, 22.606986276477645 ], [ 120.86154447622576, 22.606976735688338 ] ] ] ] } },
{ "type": "Feature", "properties": { "番號": "184", "類型": "蕃", "分區": "準要", "郡\n支廳": "〃", "庄 (區)": null, "大字": null, "地名": "Maridotsupu社蕃地", "土地\n類型": "旱田、\n山林\n原野", "面積\n(公頃)": "406", "區分\n理由": "同上", "地        況": "介於太麻里溪左岸支流Maridotsupu溪與Bajiyoro溪之間，為緩坡地。基岩及土壤狀況等，與番號130相同。海拔高度介於182至1,018公尺。\n東側以溪畔為界；另有部分以溪流，與準要存置林野185及188相鄰。北側以稜線及溪流，與要存置林野94鄰接。西側以溪流與要存置林野91接壤。南側以稜線與要存置林野93連接。", "林        況": "同上", "參  考  事  項": "同番號168。\r" }, "geometry": { "type": "MultiPolygon", "coordinates": [ [ [ [ 120.902351630340434, 22.611396720771921 ], [ 120.902399211155029, 22.611263468638928 ], [ 120.90253721360358, 22.61118731899569 ], [ 120.902703760601682, 22.610963641417872 ], [ 120.902894112986488, 22.610930319418948 ], [ 120.903060662758676, 22.610754231035045 ], [ 120.903241487995686, 22.610559106256634 ], [ 120.903531775846915, 22.61051626139848 ], [ 120.903826812015311, 22.610292577366593 ], [ 120.903893427985352, 22.610154565358421 ], [ 120.903974312208561, 22.609873785053217 ], [ 120.904316930579029, 22.609540643486334 ], [ 120.904447786308083, 22.609319823054829 ], [ 120.904470613516665, 22.609057129560039 ], [ 120.904721861922312, 22.608725896152215 ], [ 120.904973116319155, 22.608497455402059 ], [ 120.905007370778549, 22.608337553991504 ], [ 120.905372832445721, 22.608017736253398 ], [ 120.905418503505658, 22.607777884424788 ], [ 120.905429902134031, 22.60738955603453 ], [ 120.905578367192547, 22.607195384668174 ], [ 120.905658300700466, 22.606932688305896 ], [ 120.905635442207412, 22.606658575700745 ], [ 120.905818177700709, 22.606578616677169 ], [ 120.906058008842095, 22.606315912283577 ], [ 120.906126530409125, 22.606213116184335 ], [ 120.906309272557877, 22.606247371224477 ], [ 120.906434895097746, 22.606053201006333 ], [ 120.906470092827803, 22.6057473910829 ], [ 120.906631881247634, 22.605528472667864 ], [ 120.906727045654009, 22.605309557599547 ], [ 120.906831732768353, 22.605176302600551 ], [ 120.906869770912152, 22.60461474821113 ], [ 120.907079137377011, 22.60421498847353 ], [ 120.907164776858593, 22.603872341982186 ], [ 120.907183795654348, 22.603586805868598 ], [ 120.907450267308661, 22.60316800758671 ], [ 120.907497839253836, 22.602882470039479 ], [ 120.907450234036801, 22.602596937272327 ], [ 120.907297938932331, 22.602397070310296 ], [ 120.907326468237187, 22.601987801817629 ], [ 120.907221760605196, 22.601768896788389 ], [ 120.907098015877281, 22.601521439199178 ], [ 120.907012332588252, 22.601112176442218 ], [ 120.907078938304494, 22.600798084423694 ], [ 120.90704085745918, 22.600626765241255 ], [ 120.906736275569102, 22.600369798894359 ], [ 120.906771510525743, 22.600295793711673 ], [ 120.906831441088215, 22.600169919504854 ], [ 120.906869494765417, 22.599874864597268 ], [ 120.906831410594108, 22.599646438383399 ], [ 120.906660079504093, 22.599437054537727 ], [ 120.906812341341904, 22.599065851186719 ], [ 120.90672686782267, 22.598853686993323 ], [ 120.906536501300849, 22.598644304103257 ], [ 120.906555526199838, 22.598463464214685 ], [ 120.906650690056978, 22.598235031309795 ], [ 120.906507904909787, 22.597901914128698 ], [ 120.90639367679232, 22.597635420383646 ], [ 120.906469807435272, 22.597445059789148 ], [ 120.906450760915448, 22.597254703973604 ], [ 120.906365086501722, 22.596997726633315 ], [ 120.906374584261712, 22.596655083967157 ], [ 120.906583956280727, 22.596350502619941 ], [ 120.906622018830674, 22.596207733130175 ], [ 120.906555377078817, 22.595903165641484 ], [ 120.906679094086755, 22.595674731304015 ], [ 120.906802817192016, 22.59555099319056 ], [ 120.906945581272709, 22.595522432507188 ], [ 120.906983633291773, 22.595198824085255 ], [ 120.907193009191928, 22.594960867608986 ], [ 120.907335771609681, 22.59490375341008 ], [ 120.907481187096423, 22.594900514608437 ], [ 120.907488321805602, 22.594686095613579 ], [ 120.907613891144521, 22.593578212901892 ], [ 120.907897840051362, 22.59255217565207 ], [ 120.908141426197304, 22.591394794258637 ], [ 120.907851994527704, 22.589795811914772 ], [ 120.907821482868499, 22.588851643864814 ], [ 120.908171696704727, 22.588196798996858 ], [ 120.908384796036486, 22.58652164872494 ], [ 120.908597947672874, 22.585744982406545 ], [ 120.908616063833946, 22.584668133251117 ], [ 120.908353273164423, 22.582920671293628 ], [ 120.907862030065829, 22.580704943145776 ], [ 120.907656388911647, 22.579699869720624 ], [ 120.907413240732907, 22.579709607995017 ], [ 120.907269769756681, 22.580296689199809 ], [ 120.906722575840959, 22.581581624853094 ], [ 120.905913682121565, 22.583509027743141 ], [ 120.905437878014638, 22.584912932805207 ], [ 120.904319592052587, 22.585698210608815 ], [ 120.902635095999784, 22.58809888440361 ], [ 120.901911773936078, 22.588517705608556 ], [ 120.900236706828821, 22.589393430842954 ], [ 120.898694871123553, 22.589983614235162 ], [ 120.897210010940697, 22.58832758482982 ], [ 120.896638840464462, 22.586481152783666 ], [ 120.895877368850861, 22.585548442804239 ], [ 120.895382424324197, 22.585148718416399 ], [ 120.895001685748198, 22.58463477423145 ], [ 120.89441156627197, 22.584273125973684 ], [ 120.893307448001238, 22.583188147762073 ], [ 120.892584071629187, 22.582674220768027 ], [ 120.889043383556753, 22.580999258805956 ], [ 120.886701997554638, 22.580523484347591 ], [ 120.885883483884214, 22.580694846518973 ], [ 120.885732880748108, 22.580965971599106 ], [ 120.885975598022796, 22.581214309681812 ], [ 120.886443882314865, 22.581431292911006 ], [ 120.886752258995713, 22.58147696306365 ], [ 120.88717487286948, 22.581945219530819 ], [ 120.887563201028925, 22.582036571297799 ], [ 120.887848741170927, 22.582185035255758 ], [ 120.887974391648697, 22.582470564117052 ], [ 120.888385565650765, 22.582619021770327 ], [ 120.8886025815561, 22.582824596199842 ], [ 120.888751079207012, 22.58319007376052 ], [ 120.88913940470627, 22.583235739899852 ], [ 120.889402110304573, 22.583521261882314 ], [ 120.889436390038085, 22.583795373921291 ], [ 120.889550605297018, 22.583841053816066 ], [ 120.889721944804052, 22.584195108823 ], [ 120.889767645798258, 22.584469220288604 ], [ 120.889676290343203, 22.584720495819173 ], [ 120.889722019259239, 22.585474306362162 ], [ 120.889756306972473, 22.585885475280456 ], [ 120.889836276401837, 22.586239534872682 ], [ 120.889824873757362, 22.58655933483077 ], [ 120.889699213095241, 22.588278897361207 ], [ 120.889684005139344, 22.588629154595395 ], [ 120.889653565290786, 22.588918498425432 ], [ 120.889775422207975, 22.589436262744037 ], [ 120.889653614940244, 22.589771296787038 ], [ 120.889836392338736, 22.590410886385595 ], [ 120.889684134585451, 22.590852521753131 ], [ 120.889745071912458, 22.591263689334319 ], [ 120.889714649800865, 22.591857604008734 ], [ 120.889638534669587, 22.592314464097029 ], [ 120.889531949544434, 22.592542897581549 ], [ 120.889608113446812, 22.592923607314109 ], [ 120.889501538963401, 22.593334783305334 ], [ 120.889364527297701, 22.594080988754939 ], [ 120.88931887861871, 22.594705361279729 ], [ 120.889608226073605, 22.594857632175138 ], [ 120.889547340180371, 22.595329720042496 ], [ 120.889638748397559, 22.595984542770751 ], [ 120.889456025976727, 22.596289122790793 ], [ 120.889440828673571, 22.596822122533869 ], [ 120.889412136033144, 22.597225193617874 ], [ 120.890235509751761, 22.597961129499396 ], [ 120.890920818612827, 22.598532165422011 ], [ 120.89143479859527, 22.598931888846398 ], [ 120.892110200082143, 22.599349307344305 ], [ 120.893663535781911, 22.600110656450276 ], [ 120.894394513268011, 22.600399962043117 ], [ 120.89477524322082, 22.600765427935077 ], [ 120.89495804281961, 22.601785731078948 ], [ 120.894897195089854, 22.602912646254708 ], [ 120.894729730305542, 22.603719767400428 ], [ 120.89442520330644, 22.604405067093946 ], [ 120.893633367446995, 22.605059934180876 ], [ 120.893633378095601, 22.605242676686963 ], [ 120.894318666997179, 22.605471070398906 ], [ 120.895064876382946, 22.605821289387709 ], [ 120.895445595692181, 22.606004012770278 ], [ 120.895765402503386, 22.606201967754494 ], [ 120.896709575952457, 22.6064760340867 ], [ 120.897410090533782, 22.60665874140448 ], [ 120.897943095967094, 22.606887142762435 ], [ 120.898445639382132, 22.607024174397651 ], [ 120.899313669319497, 22.60726778746761 ], [ 120.900120782320357, 22.607450489428786 ], [ 120.900790837541464, 22.607587512648287 ], [ 120.900817787310842, 22.6083829488059 ], [ 120.900787387422312, 22.609357577022621 ], [ 120.90034583284087, 22.610514968400647 ], [ 120.899843332921563, 22.611124135328737 ], [ 120.900939781838062, 22.61126113712092 ], [ 120.901899176523941, 22.611413374340405 ], [ 120.902175742669328, 22.611473483531896 ], [ 120.902351630340434, 22.611396720771921 ] ] ] ] } },
{ "type": "Feature", "properties": { "番號": "186", "類型": "蕃", "分區": "準要", "郡\n支廳": "〃", "庄 (區)": null, "大字": null, "地名": "Mariburu社蕃地", "土地\n類型": "旱田、\n山林\n原野", "面積\n(公頃)": "308", "區分\n理由": "依據昭和9年5月10日總殖第338號，決定解除本區域中92甲即89公頃。將397訂正為308。", "地        況": "介於太麻里溪中游左岸與其支流Mariburu溪之間，為緩坡地。基岩及土壤狀況等，與番號130相同。海拔高度介於150至1,076公尺。\n東側以稜線，北側以溪流，與要存置林野101為界。西側以溪流，與準要存置林野188及185為界。南側以稜線，包圍要存置林野100。其餘部分則以太麻里溪溪畔為界。", "林        況": "同上", "參  考  事  項": "同上\r" }, "geometry": { "type": "MultiPolygon", "coordinates": [ [ [ [ 120.928487858207347, 22.613964500660931 ], [ 120.928899014204774, 22.613804580320469 ], [ 120.930269560604728, 22.613724561618362 ], [ 120.931651508950424, 22.61331332157539 ], [ 120.932313929308933, 22.61309628158395 ], [ 120.933084845716024, 22.61277787116574 ], [ 120.932890667672837, 22.612492345777166 ], [ 120.932273862445328, 22.611510135868429 ], [ 120.931519980812425, 22.610162447858574 ], [ 120.930926002132367, 22.608906123059455 ], [ 120.93072250642058, 22.60797029184409 ], [ 120.930294135446417, 22.606704440885199 ], [ 120.929999019151879, 22.60555279729024 ], [ 120.929561129362071, 22.604267911130737 ], [ 120.929313620508665, 22.603439871640848 ], [ 120.929808528416942, 22.603211418669897 ], [ 120.931055302039084, 22.602402339814144 ], [ 120.932596948715755, 22.601292839390577 ], [ 120.933636241346377, 22.600573238642475 ], [ 120.934047388697223, 22.600264840043341 ], [ 120.934378569939554, 22.599659488913368 ], [ 120.934789644113081, 22.598094735698947 ], [ 120.935257845208312, 22.59688404319466 ], [ 120.935773461365173, 22.595962405053012 ], [ 120.936062764444543, 22.59535324889687 ], [ 120.936367309171985, 22.594972520088092 ], [ 120.936869820609516, 22.594561324259924 ], [ 120.937221310605352, 22.594135222579656 ], [ 120.937202652662236, 22.594128506711201 ], [ 120.936821924088349, 22.593785883657592 ], [ 120.936003379490458, 22.59342424690605 ], [ 120.93528001481792, 22.593110194565472 ], [ 120.934385320734009, 22.592615311902343 ], [ 120.933385909056241, 22.591730203135167 ], [ 120.933188020294395, 22.591636073209823 ], [ 120.932626511038606, 22.592208450232103 ], [ 120.932002185245992, 22.592832851748494 ], [ 120.93111899354885, 22.593731379998911 ], [ 120.930388050719159, 22.594035987512342 ], [ 120.929809386906143, 22.594264444676899 ], [ 120.92910886352, 22.593929451943151 ], [ 120.928134208637516, 22.593228987985821 ], [ 120.927342305424318, 22.592726485885372 ], [ 120.926794059281335, 22.592284885716314 ], [ 120.926230591886224, 22.591965114639287 ], [ 120.925712806866485, 22.591599655645112 ], [ 120.925499586092869, 22.591188495738685 ], [ 120.925666995046384, 22.58942197657079 ], [ 120.925788771276785, 22.588553943617956 ], [ 120.925721175441396, 22.586021599149817 ], [ 120.926149414485963, 22.585022204653896 ], [ 120.92640267002993, 22.584760747799628 ], [ 120.926017017827931, 22.584677831167447 ], [ 120.924817779651647, 22.58457509869648 ], [ 120.92321880604689, 22.584620864560708 ], [ 120.922327899966945, 22.58488857467399 ], [ 120.921281595873367, 22.58504097762 ], [ 120.91948847746832, 22.585372288377709 ], [ 120.917820986923985, 22.585600800179581 ], [ 120.916324988439015, 22.58550951572164 ], [ 120.916342435379988, 22.585971152667991 ], [ 120.916634858164358, 22.58780523814621 ], [ 120.916472496426309, 22.588394321173425 ], [ 120.916461091789344, 22.588679856896267 ], [ 120.916712374784964, 22.588942536622039 ], [ 120.916769497038956, 22.58921664749921 ], [ 120.916689574156308, 22.589662086345424 ], [ 120.916780956863789, 22.589879088472905 ], [ 120.916780972157483, 22.590141780810441 ], [ 120.916723879825412, 22.590381633202568 ], [ 120.916746748942558, 22.590838488295514 ], [ 120.916643967584093, 22.591009814545362 ], [ 120.916506934417868, 22.591386727822897 ], [ 120.916472689260317, 22.591706528910972 ], [ 120.916541234106006, 22.592003482026989 ], [ 120.916655455343573, 22.592151954571527 ], [ 120.916658236429541, 22.592511728722169 ], [ 120.916601152745102, 22.592900059393095 ], [ 120.916715379303554, 22.593139903185566 ], [ 120.916612606592295, 22.593459707714153 ], [ 120.916532683715872, 22.593905146562101 ], [ 120.916281447937635, 22.594453386665659 ], [ 120.916178672567327, 22.594727505570859 ], [ 120.916304330363445, 22.595138669880363 ], [ 120.916304352313176, 22.5955155762794 ], [ 120.916224415471419, 22.595721165601827 ], [ 120.916201587586599, 22.595972437681532 ], [ 120.916258707186032, 22.596200862935042 ], [ 120.916361511157518, 22.596417864488632 ], [ 120.916393609164274, 22.596792090154789 ], [ 120.91639579821701, 22.596817611979681 ], [ 120.916395816842751, 22.59713741134863 ], [ 120.916498622145397, 22.597377255714214 ], [ 120.916510056709029, 22.597605683261467 ], [ 120.916601438757056, 22.59781126398244 ], [ 120.916738499854787, 22.597914049755087 ], [ 120.916944093164588, 22.598096781928987 ], [ 120.917046897137212, 22.598313783482258 ], [ 120.917012654647863, 22.598679270195614 ], [ 120.917148290159048, 22.598817605165976 ], [ 120.917243481179113, 22.599055546345685 ], [ 120.917319646192112, 22.599455291733335 ], [ 120.917481465660032, 22.599769372274388 ], [ 120.91774797224187, 22.59995019782102 ], [ 120.917805085190906, 22.600064409013459 ], [ 120.917814617322207, 22.600311872332682 ], [ 120.918014515416857, 22.600759200698416 ], [ 120.918223916257659, 22.600949546950392 ], [ 120.91836669419547, 22.60115893222466 ], [ 120.918557078456502, 22.601672885936029 ], [ 120.918747457173325, 22.60209166126365 ], [ 120.918718914560927, 22.602272501626061 ], [ 120.918690378048126, 22.602558038210443 ], [ 120.918814124991158, 22.602843567147115 ], [ 120.9188997960797, 22.60304343745036 ], [ 120.918890307199618, 22.603538365522404 ], [ 120.918839373525373, 22.603980550988432 ], [ 120.918972642067544, 22.604332704315038 ], [ 120.919048815405887, 22.604875217276952 ], [ 120.91913449093262, 22.605151230286744 ], [ 120.919210650961872, 22.605465315128146 ], [ 120.919191645478847, 22.605979279355306 ], [ 120.919353457187597, 22.606160110157134 ], [ 120.919534306547064, 22.606379011356005 ], [ 120.919619985957411, 22.606721649234004 ], [ 120.919629512547573, 22.606873934169549 ], [ 120.919800846409899, 22.607130907199686 ], [ 120.919915076195466, 22.607425954451447 ], [ 120.919972201904358, 22.60775907592522 ], [ 120.920057875769217, 22.608006535419435 ], [ 120.920153064576809, 22.608206405243706 ], [ 120.920257769436532, 22.608377721074799 ], [ 120.92029585638619, 22.608653736474515 ], [ 120.920311487728398, 22.609036162435103 ], [ 120.920448561476078, 22.609355954918769 ], [ 120.920471416420185, 22.609569153350389 ], [ 120.920440977924571, 22.609881339978145 ], [ 120.920494294441582, 22.610178293857263 ], [ 120.920623749135913, 22.610414329745478 ], [ 120.920737969715333, 22.610551380880104 ], [ 120.92068468382044, 22.6107798116781 ], [ 120.920677085181282, 22.61104631153448 ], [ 120.920806546089693, 22.611388947212156 ], [ 120.920905544981679, 22.611640213171629 ], [ 120.920897947674817, 22.611929555839971 ], [ 120.920875120247189, 22.612188442190948 ], [ 120.921004574942927, 22.612424478078921 ], [ 120.921000639385497, 22.612538804180364 ], [ 120.921269541974823, 22.612582873207941 ], [ 120.922320319113538, 22.612948305407908 ], [ 120.923690898160245, 22.613427935598693 ], [ 120.924947264613394, 22.61390757152542 ], [ 120.926363508712882, 22.614044557238561 ], [ 120.928487858207347, 22.613964500660931 ] ] ] ] } },
{ "type": "Feature", "properties": { "番號": "188", "類型": "蕃", "分區": "準要", "郡\n支廳": "大武", "庄 (區)": null, "大字": null, "地名": "Torokowai社蕃地", "土地\n類型": "旱田、\n山林\n原野", "面積\n(公頃)": "365", "區分\n理由": "第八條\n第二號", "地        況": "介於太麻里溪中游左岸支流Bashiyoro溪與Mariburu溪之間，為緩坡地。基岩及土壤狀況等，與番號130相同。海拔高度介於394至1,158公尺。\n東側以Mariburu溪，與準要存置林野186及要存置林野101相鄰。北側以小溪流與準要存置林野187鄰接；另以稜線與準要存置林野189相鄰。西側以稜線與要存置林野98連接；另以Bashiyoro溪，與準要存置林野184鄰接。南側以蕃社界與準要存置林野185接壤。", "林        況": "同上", "參  考  事  項": "同番號168。\r" }, "geometry": { "type": "MultiPolygon", "coordinates": [ [ [ [ 120.915639468024565, 22.625709112003314 ], [ 120.91619908040964, 22.625206541996512 ], [ 120.916621649010807, 22.624898142785923 ], [ 120.917866514960352, 22.62401863193109 ], [ 120.918940057358739, 22.623059179849541 ], [ 120.9196481301245, 22.622282488640636 ], [ 120.919899383835784, 22.622042626482898 ], [ 120.92050468059162, 22.621528632783882 ], [ 120.921041447128829, 22.620968956906168 ], [ 120.921203373433357, 22.620793171734231 ], [ 120.921185794969773, 22.620660135567562 ], [ 120.92124288294761, 22.620346044030686 ], [ 120.921138174196344, 22.620108103332573 ], [ 120.921081052359526, 22.619841606727697 ], [ 120.921128627062714, 22.619603658376221 ], [ 120.92125235181895, 22.619508473774118 ], [ 120.921318968614571, 22.619384738526946 ], [ 120.921318945303369, 22.618984989314846 ], [ 120.921347482355586, 22.618708970566807 ], [ 120.921416822940216, 22.618369933746667 ], [ 120.921340664341287, 22.618080595286521 ], [ 120.921249284500846, 22.617913085922645 ], [ 120.921264487982924, 22.617486685998099 ], [ 120.921431979359795, 22.617136421128418 ], [ 120.921523337001219, 22.616923216957417 ], [ 120.921447180179186, 22.616664335580111 ], [ 120.921416706618075, 22.616374994824266 ], [ 120.92124918860317, 22.616268403451816 ], [ 120.921279622208829, 22.615872459845452 ], [ 120.921233915863596, 22.615506977147714 ], [ 120.921081616427969, 22.61523287105485 ], [ 120.9211272845953, 22.614943526472871 ], [ 120.92109679949408, 22.614456214679095 ], [ 120.92091403360277, 22.614014596160992 ], [ 120.921007819791683, 22.613664334996006 ], [ 120.921027468949404, 22.613307732330433 ], [ 120.921004613558949, 22.613086919628305 ], [ 120.920943694406773, 22.612987937169923 ], [ 120.92093607180071, 22.612843266409268 ], [ 120.92099697364209, 22.6126452923112 ], [ 120.921000639385497, 22.612538804180364 ], [ 120.921004574942927, 22.612424478078921 ], [ 120.920875120247189, 22.612188442190948 ], [ 120.920897947674817, 22.611929555839971 ], [ 120.920905544981679, 22.611640213171629 ], [ 120.920806546089693, 22.611388947212156 ], [ 120.920677085181282, 22.61104631153448 ], [ 120.92068468382044, 22.6107798116781 ], [ 120.920737969715333, 22.610551380880104 ], [ 120.920623749135913, 22.610414329745478 ], [ 120.920494294441582, 22.610178293857263 ], [ 120.920440977924571, 22.609881339978145 ], [ 120.920471416420185, 22.609569153350389 ], [ 120.920448561476078, 22.609355954918769 ], [ 120.920311487728398, 22.609036162435103 ], [ 120.92029585638619, 22.608653736474515 ], [ 120.920257769436532, 22.608377721074799 ], [ 120.920153064576809, 22.608206405243706 ], [ 120.920057875769217, 22.608006535419435 ], [ 120.919972201904358, 22.60775907592522 ], [ 120.919915076195466, 22.607425954451447 ], [ 120.919800846409899, 22.607130907199686 ], [ 120.919629512547573, 22.606873934169549 ], [ 120.919619985957411, 22.606721649234004 ], [ 120.919534306547064, 22.606379011356005 ], [ 120.919353457187597, 22.606160110157134 ], [ 120.919191645478847, 22.605979279355306 ], [ 120.919210650961872, 22.605465315128146 ], [ 120.91913449093262, 22.605151230286744 ], [ 120.919048815405887, 22.604875217276952 ], [ 120.918972642067544, 22.604332704315038 ], [ 120.918839373525373, 22.603980550988432 ], [ 120.918890307199618, 22.603538365522404 ], [ 120.9188997960797, 22.60304343745036 ], [ 120.918814124991158, 22.602843567147115 ], [ 120.918690378048126, 22.602558038210443 ], [ 120.918718914560927, 22.602272501626061 ], [ 120.918747457173325, 22.60209166126365 ], [ 120.918557078456502, 22.601672885936029 ], [ 120.91836669419547, 22.60115893222466 ], [ 120.918223916257659, 22.600949546950392 ], [ 120.918014515416857, 22.600759200698416 ], [ 120.917814617322207, 22.600311872332682 ], [ 120.917805085190906, 22.600064409013459 ], [ 120.91774797224187, 22.59995019782102 ], [ 120.917481465660032, 22.599769372274388 ], [ 120.917319646192112, 22.599455291733335 ], [ 120.917243481179113, 22.599055546345685 ], [ 120.917148290159048, 22.598817605165976 ], [ 120.917012654647863, 22.598679270195614 ], [ 120.917046897137212, 22.598313783482258 ], [ 120.916944093164588, 22.598096781928987 ], [ 120.916738499854787, 22.597914049755087 ], [ 120.916601438757056, 22.59781126398244 ], [ 120.916510056709029, 22.597605683261467 ], [ 120.916498622145397, 22.597377255714214 ], [ 120.916395816842751, 22.59713741134863 ], [ 120.91639579821701, 22.596817611979681 ], [ 120.916393609164274, 22.596792090154789 ], [ 120.915849837192155, 22.596819306484413 ], [ 120.915073206197405, 22.597070616412751 ], [ 120.914313992116391, 22.597449424844669 ], [ 120.913857158375578, 22.597734982935979 ], [ 120.913295629202963, 22.598011028446439 ], [ 120.912686523091509, 22.598486950954399 ], [ 120.911553967541366, 22.599391202480685 ], [ 120.910459467885758, 22.6000384704606 ], [ 120.909422052901959, 22.600314539873803 ], [ 120.907689830770821, 22.600352698215325 ], [ 120.906771510525743, 22.600295793711673 ], [ 120.906736275569102, 22.600369798894359 ], [ 120.90704085745918, 22.600626765241255 ], [ 120.907078938304494, 22.600798084423694 ], [ 120.907012332588252, 22.601112176442218 ], [ 120.907098015877281, 22.601521439199178 ], [ 120.907221760605196, 22.601768896788389 ], [ 120.907326468237187, 22.601987801817629 ], [ 120.907297938932331, 22.602397070310296 ], [ 120.907450234036801, 22.602596937272327 ], [ 120.907497839253836, 22.602882470039479 ], [ 120.907450267308661, 22.60316800758671 ], [ 120.907183795654348, 22.603586805868598 ], [ 120.907164776858593, 22.603872341982186 ], [ 120.907079137377011, 22.60421498847353 ], [ 120.906869770912152, 22.60461474821113 ], [ 120.906831732768353, 22.605176302600551 ], [ 120.906727045654009, 22.605309557599547 ], [ 120.906631881247634, 22.605528472667864 ], [ 120.906470092827803, 22.6057473910829 ], [ 120.906434895097746, 22.606053201006333 ], [ 120.906309272557877, 22.606247371224477 ], [ 120.906126530409125, 22.606213116184335 ], [ 120.906058008842095, 22.606315912283577 ], [ 120.905818177700709, 22.606578616677169 ], [ 120.905635442207412, 22.606658575700745 ], [ 120.905658300700466, 22.606932688305896 ], [ 120.905578367192547, 22.607195384668174 ], [ 120.905429902134031, 22.60738955603453 ], [ 120.905418503505658, 22.607777884424788 ], [ 120.905372832445721, 22.608017736253398 ], [ 120.905007370778549, 22.608337553991504 ], [ 120.904973116319155, 22.608497455402059 ], [ 120.904721861922312, 22.608725896152215 ], [ 120.904470613516665, 22.609057129560039 ], [ 120.904447786308083, 22.609319823054829 ], [ 120.904316930579029, 22.609540643486334 ], [ 120.903974312208561, 22.609873785053217 ], [ 120.903893427985352, 22.610154565358421 ], [ 120.903826812015311, 22.610292577366593 ], [ 120.903531775846915, 22.61051626139848 ], [ 120.903241487995686, 22.610559106256634 ], [ 120.903060662758676, 22.610754231035045 ], [ 120.902894112986488, 22.610930319418948 ], [ 120.902703760601682, 22.610963641417872 ], [ 120.90253721360358, 22.61118731899569 ], [ 120.902399211155029, 22.611263468638928 ], [ 120.902351630340434, 22.611396720771921 ], [ 120.902175742669328, 22.611473483531896 ], [ 120.902599689323509, 22.611565624565902 ], [ 120.903315435794312, 22.611809245277573 ], [ 120.904381430672487, 22.611991934223454 ], [ 120.905401771580784, 22.612707624429206 ], [ 120.906483055168906, 22.613925853452582 ], [ 120.908051690222834, 22.615905485075064 ], [ 120.908915628581553, 22.616711285333928 ], [ 120.910248177662041, 22.617891430360501 ], [ 120.911618770965504, 22.618614717216531 ], [ 120.912418284649533, 22.619052497611737 ], [ 120.912304086487296, 22.619299967154223 ], [ 120.912075701264726, 22.619985263011113 ], [ 120.912018659357315, 22.621089335156018 ], [ 120.9118854945999, 22.622517017640764 ], [ 120.911657119377324, 22.623373634595726 ], [ 120.911352571337645, 22.623697256417412 ], [ 120.911067062061534, 22.624077984314184 ], [ 120.910563703572521, 22.624620129023871 ], [ 120.910648949330849, 22.624666025450033 ], [ 120.91142559496646, 22.624665986409617 ], [ 120.912282190082053, 22.624677364756678 ], [ 120.913344364531667, 22.624631625738079 ], [ 120.913770261185704, 22.62481307778501 ], [ 120.914486024969207, 22.625353655036232 ], [ 120.915079953991594, 22.625757181535327 ], [ 120.915277070080563, 22.626014922475047 ], [ 120.915639468024565, 22.625709112003314 ] ] ] ] } },
{ "type": "Feature", "properties": { "番號": "181", "類型": "蕃", "分區": "準要", "郡\n支廳": "〃", "庄 (區)": null, "大字": null, "地名": "斗里斗里溪蕃地", "土地\n類型": "旱田、\n山林\n原野", "面積\n(公頃)": "555", "區分\n理由": "同上", "地        況": "位於太麻里溪左岸支流 (斗里斗里溪) 中游右岸，為東向或南向緩坡地。基岩及土壤狀況等，與番號130相同。海拔高度介於425至1,516公尺。\n東側以斗里斗里溪，與準要存置林野182及要存置林野88相鄰。北側及西側以稜線，與要存置林野84及82相鄰。南側以溪流，與要存置林野83及準要存置林野180相鄰。", "林        況": "同上", "參  考  事  項": "同上\r" }, "geometry": { "type": "MultiPolygon", "coordinates": [ [ [ [ 120.824779863705757, 22.626958060247386 ], [ 120.825092031976226, 22.626737230654946 ], [ 120.825876251964871, 22.62605190671907 ], [ 120.826264561535865, 22.62582345902759 ], [ 120.827277196096503, 22.624955381077488 ], [ 120.828636981001949, 22.623942931768209 ], [ 120.829619156865959, 22.623040591133901 ], [ 120.831263725929176, 22.62145293270969 ], [ 120.831971826825708, 22.621155940500589 ], [ 120.833148160139686, 22.620185061671197 ], [ 120.834404464266726, 22.619591085297721 ], [ 120.835455220323723, 22.619591032482862 ], [ 120.837499611467152, 22.619339658746156 ], [ 120.838618885092529, 22.619168281367145 ], [ 120.839178526233937, 22.619156831830168 ], [ 120.839772449144078, 22.619453758587557 ], [ 120.840321802043945, 22.619830161548538 ], [ 120.841060404477602, 22.620302209288639 ], [ 120.841296447430963, 22.620363111600057 ], [ 120.841738074863954, 22.620454460665883 ], [ 120.84231677519665, 22.620850373721293 ], [ 120.843321880386128, 22.621436622141793 ], [ 120.84351985424405, 22.621527983454101 ], [ 120.844045245585164, 22.62175638520343 ], [ 120.844814461831504, 22.622202574600063 ], [ 120.845271330878873, 22.622521399272262 ], [ 120.845457980614242, 22.622533833316787 ], [ 120.845473688500221, 22.622681855941259 ], [ 120.845567803481046, 22.622447621109227 ], [ 120.845733405128058, 22.622265332776379 ], [ 120.845736563542317, 22.622091058478805 ], [ 120.845904065601573, 22.621923536075933 ], [ 120.845987795312581, 22.621474289822466 ], [ 120.846018246679364, 22.621382917028431 ], [ 120.846208580602294, 22.621032650951879 ], [ 120.846185722979854, 22.620773766855038 ], [ 120.846263485954182, 22.620285053592809 ], [ 120.846423375172463, 22.620140374389262 ], [ 120.846529944743779, 22.619645441357466 ], [ 120.846628899253645, 22.619135280165018 ], [ 120.846446137759443, 22.618769804298481 ], [ 120.846255763423784, 22.618427171630259 ], [ 120.846385198611046, 22.618328179589895 ], [ 120.846392790138395, 22.617939851340349 ], [ 120.846286178379671, 22.617711428540904 ], [ 120.846255700813316, 22.617353559292322 ], [ 120.846316594225058, 22.617010913995625 ], [ 120.846491711793135, 22.616866234028354 ], [ 120.846514525454765, 22.616371305207487 ], [ 120.846682031956902, 22.616279925526271 ], [ 120.846773390502278, 22.616081949865372 ], [ 120.846956120024728, 22.615899198156622 ], [ 120.847062714022215, 22.615823050080714 ], [ 120.847131225605594, 22.615548932849311 ], [ 120.84728350597949, 22.615495625293413 ], [ 120.847546181666331, 22.615267183935966 ], [ 120.847530888055402, 22.614147886736998 ], [ 120.847416667008815, 22.614003221310917 ], [ 120.847287205183846, 22.613645357037651 ], [ 120.847302411779225, 22.61327225695112 ], [ 120.847310005532762, 22.612922000062728 ], [ 120.847203389338787, 22.612617434544617 ], [ 120.846959716235375, 22.612282418825682 ], [ 120.846700818779183, 22.612015932318211 ], [ 120.846647508906884, 22.611833192471533 ], [ 120.846731251505545, 22.611604760107074 ], [ 120.846540878953277, 22.611292584524957 ], [ 120.846556073123367, 22.610706284826222 ], [ 120.84660173775049, 22.610356026025062 ], [ 120.8465284390725, 22.610145844077689 ], [ 120.8465379407006, 22.609869826244395 ], [ 120.846671172658276, 22.609593802194727 ], [ 120.846832954995364, 22.609270187511687 ], [ 120.846813886828045, 22.608708635918937 ], [ 120.847070840239908, 22.608280320216817 ], [ 120.847080339095982, 22.607956713185239 ], [ 120.847013702313561, 22.607737806216843 ], [ 120.846286227300098, 22.60494514992325 ], [ 120.846409939326108, 22.6046310549944 ], [ 120.84633378260969, 22.604374077144513 ], [ 120.846171970871637, 22.604193246315521 ], [ 120.84617195478755, 22.603917228961286 ], [ 120.84617192872075, 22.603469890490466 ], [ 120.84601011753756, 22.603298577501128 ], [ 120.84581974432804, 22.602974980508908 ], [ 120.845922915766963, 22.602587992906365 ], [ 120.845933931983765, 22.602546671981067 ], [ 120.845962466281421, 22.602223063993712 ], [ 120.845817539811549, 22.601893230533673 ], [ 120.845840366362793, 22.601619115600126 ], [ 120.845828925803573, 22.601287895348797 ], [ 120.845554802225763, 22.601059480960544 ], [ 120.845520525133608, 22.600831054526203 ], [ 120.845600461984361, 22.600625465171188 ], [ 120.845657550989557, 22.600328505701551 ], [ 120.845566173580579, 22.60020287480506 ], [ 120.845269190180801, 22.599677504961495 ], [ 120.845326282513739, 22.599437652530703 ], [ 120.845177784160796, 22.599060753531358 ], [ 120.845052146960356, 22.599003652801848 ], [ 120.844892229342719, 22.598661018598737 ], [ 120.84506353295825, 22.598398317617029 ], [ 120.84499498942283, 22.598124207272143 ], [ 120.845017811320403, 22.597770142484688 ], [ 120.844869324944739, 22.597598828824363 ], [ 120.844892140190041, 22.597130549959285 ], [ 120.844766491680019, 22.596879285297543 ], [ 120.844766470391264, 22.596513800249515 ], [ 120.84466367637917, 22.596468119780081 ], [ 120.84449401380293, 22.596309180374483 ], [ 120.844291271401119, 22.596157138445054 ], [ 120.84425742791619, 22.596516107323406 ], [ 120.844013790752712, 22.596797847616777 ], [ 120.843891975497499, 22.596995824802445 ], [ 120.843869161360928, 22.59748313934795 ], [ 120.843716887635196, 22.597650660975834 ], [ 120.843701666383666, 22.597772490090314 ], [ 120.843534173624249, 22.598099912192328 ], [ 120.843351444089194, 22.598282663893883 ], [ 120.843290542228132, 22.598480638021389 ], [ 120.843130660982098, 22.598762374110269 ], [ 120.842864178192656, 22.598990815649785 ], [ 120.842841343210935, 22.599120259418857 ], [ 120.842673842024567, 22.599303010356351 ], [ 120.84231598027317, 22.599379171047435 ], [ 120.842110412651579, 22.599638066616137 ], [ 120.841805849675595, 22.599706610359071 ], [ 120.841714489344085, 22.59987412892939 ], [ 120.841607890905053, 22.599874134282945 ], [ 120.841493687607411, 22.600034039728865 ], [ 120.841135030438508, 22.60007117731703 ], [ 120.840900904229443, 22.600236799489924 ], [ 120.840718171700303, 22.600368154858085 ], [ 120.840455483687478, 22.600385300163005 ], [ 120.84005002924188, 22.600391031230028 ], [ 120.839930114315166, 22.600533804851512 ], [ 120.839439003403086, 22.600590936556408 ], [ 120.839227718385459, 22.600733714767262 ], [ 120.838799434059212, 22.600956453732444 ], [ 120.838393979279189, 22.600956474096105 ], [ 120.83818269392826, 22.601093541603323 ], [ 120.837937141798605, 22.601179214496003 ], [ 120.837668738162336, 22.601110699528626 ], [ 120.837211887704996, 22.601110722473784 ], [ 120.836823555499294, 22.600950842265391 ], [ 120.836686501359992, 22.600967981260968 ], [ 120.836143993104059, 22.600996562028115 ], [ 120.835749965904782, 22.601105085194288 ], [ 120.83547586161805, 22.601207891633486 ], [ 120.835184632093586, 22.60142491301335 ], [ 120.834647833468182, 22.601436361382383 ], [ 120.8345164952826, 22.601544871355561 ], [ 120.83428655098821, 22.601609604217082 ], [ 120.834141881675549, 22.601609611483237 ], [ 120.833898239187519, 22.601799980521772 ], [ 120.833433774551395, 22.601800003850169 ], [ 120.833106367271711, 22.601838091654987 ], [ 120.832733294466536, 22.602211209724612 ], [ 120.832520101576918, 22.602279748881404 ], [ 120.832419237662862, 22.602361944315721 ], [ 120.832314528629112, 22.602447273192674 ], [ 120.831918608420324, 22.602736635418161 ], [ 120.831454147331399, 22.602797572924246 ], [ 120.830867858120442, 22.602835673733317 ], [ 120.830639443092636, 22.60301081346481 ], [ 120.830281580444307, 22.603071745617012 ], [ 120.829885643374013, 22.603071765504691 ], [ 120.829428802225237, 22.60323168816609 ], [ 120.828971957082942, 22.603323082379092 ], [ 120.82862615542308, 22.603473481623471 ], [ 120.828388219681287, 22.603597225497555 ], [ 120.828121724129687, 22.603606756723885 ], [ 120.827779113455776, 22.604073148103307 ], [ 120.827379376506272, 22.604196900105389 ], [ 120.826684615254635, 22.60474896973761 ], [ 120.825789993015519, 22.605491406216462 ], [ 120.824514686458087, 22.606652646794931 ], [ 120.823772344936401, 22.60734748642988 ], [ 120.823144199390541, 22.607756785120699 ], [ 120.822401836787606, 22.608089946828247 ], [ 120.821050339662051, 22.608413621300361 ], [ 120.819641722907775, 22.608508870475095 ], [ 120.819404552103464, 22.608488697482827 ], [ 120.819328954343945, 22.608715537136167 ], [ 120.819203380382234, 22.609743470208279 ], [ 120.819305116848767, 22.610107949308833 ], [ 120.819340464155019, 22.610234583885262 ], [ 120.819648878842315, 22.610931274305891 ], [ 120.820052488847367, 22.61193900296669 ], [ 120.820478920802714, 22.612593808957751 ], [ 120.820935827215436, 22.613553184308884 ], [ 120.821651627109958, 22.614710517727893 ], [ 120.822687248979932, 22.616324691408607 ], [ 120.822870015811006, 22.616781538560581 ], [ 120.823113700479439, 22.617314525373473 ], [ 120.823783791356846, 22.618060690378464 ], [ 120.824194962110226, 22.61815204097983 ], [ 120.824667073792369, 22.618715473398709 ], [ 120.825321930103982, 22.61935503935382 ], [ 120.825154445799143, 22.619827132652869 ], [ 120.824332223320155, 22.621685056419302 ], [ 120.824018212139904, 22.622945377037208 ], [ 120.823850770928843, 22.624156054751062 ], [ 120.823789986808549, 22.626371811049815 ], [ 120.82408700581405, 22.627506322691072 ], [ 120.824779863705757, 22.626958060247386 ] ] ] ] } },
{ "type": "Feature", "properties": { "番號": "187", "類型": "蕃", "分區": "準要", "郡\n支廳": "〃", "庄 (區)": null, "大字": null, "地名": "〃", "土地\n類型": "旱田、\n山林\n原野", "面積\n(公頃)": "41", "區分\n理由": "同上", "地        況": "位於太麻里溪中游左岸支流 (Mariburu溪) 源頭，為南向之地。基岩及土壤狀況等，與番號130相同。海拔高度介於700至1,173公尺。\n東側以稜線與要存置林野101相鄰。北側以稜線與準要存置林野189連接。西側以小溪流與準要存置林野188鄰接。", "林        況": "同上", "參  考  事  項": "同上\r" }, "geometry": { "type": "MultiPolygon", "coordinates": [ [ [ [ 120.924585118801176, 22.630045505146001 ], [ 120.924109197467914, 22.629436387416238 ], [ 120.923833158163561, 22.6289985807277 ], [ 120.923499990352099, 22.628180063374295 ], [ 120.923100182983816, 22.627095049894589 ], [ 120.922661349041746, 22.625942461722925 ], [ 120.922528066595504, 22.625352362440992 ], [ 120.922318641313112, 22.624743231309555 ], [ 120.922071164044851, 22.624457708596811 ], [ 120.921614220414654, 22.622858734710043 ], [ 120.92144286377976, 22.622211530309876 ], [ 120.921252448400296, 22.621164577654032 ], [ 120.921203373433357, 22.620793171734231 ], [ 120.921041447128829, 22.620968956906168 ], [ 120.92050468059162, 22.621528632783882 ], [ 120.919899383835784, 22.622042626482898 ], [ 120.9196481301245, 22.622282488640636 ], [ 120.918940057358739, 22.623059179849541 ], [ 120.917866514960352, 22.62401863193109 ], [ 120.916621649010807, 22.624898142785923 ], [ 120.91619908040964, 22.625206541996512 ], [ 120.915639468024565, 22.625709112003314 ], [ 120.915277070080563, 22.626014922475047 ], [ 120.915277937587518, 22.626016056791666 ], [ 120.916351579929994, 22.626769815632088 ], [ 120.917714569277365, 22.627668231068775 ], [ 120.91795918187961, 22.627793378347697 ], [ 120.918292313044063, 22.627983718370182 ], [ 120.918825314021987, 22.628135976990013 ], [ 120.919539174925134, 22.628687975733644 ], [ 120.919786636649576, 22.628706998969275 ], [ 120.920605190205521, 22.629220921093602 ], [ 120.921680708205145, 22.629496884335406 ], [ 120.923308246501321, 22.629649087922179 ], [ 120.923955463395089, 22.629858447826887 ], [ 120.924774013056677, 22.630305745076676 ], [ 120.924828769582476, 22.630329736451781 ], [ 120.924585118801176, 22.630045505146001 ] ] ] ] } },
{ "type": "Feature", "properties": { "番號": "107", "類型": null, "分區": "準要", "郡\n支廳": "大武", "庄 (區)": "太麻里", "大字": "[鴨] 子蘭", "地名": null, "土地\n類型": "旱田、\n山林\n原野", "面積\n(公頃)": "158", "區分\n理由": "第八條\n第四號", "地        況": "鴨子蘭溪右岸之東向緩坡地。基岩及土壤狀況等，與番號104相同。海拔高度在100至1,004公尺。\n北側以鴨子蘭溪與準要存置林野106相鄰。西北隅及西側以稜線與要存置林野3及4鄰接。南側以稜線與準要存置林野108接壤。", "林        況": "同番號104。", "參  考  事  項": "(1) 同番號104之 (1)。\n(2) 本區域是要針對現居住在本地及番號108行政區內的504名太麻里社蕃人所保留之蕃人所要地。此次的調查保留地總計865公頃。人均面積為1.716公頃。但是因太麻里社蕃人持有太麻里及猴子蘭的已登錄地有153.4公頃，若將此算入，則人均面積為2.0207公頃。" }, "geometry": { "type": "MultiPolygon", "coordinates": [ [ [ [ 120.980598830395309, 22.632307482910779 ], [ 120.981141326791544, 22.632079027540296 ], [ 120.981826576130857, 22.631631654735909 ], [ 120.982369078079685, 22.631498377739355 ], [ 120.98281623303707, 22.631172845224221 ], [ 120.984240023582956, 22.630152461493143 ], [ 120.985846544026629, 22.628956940378782 ], [ 120.986486119772522, 22.628705637325957 ], [ 120.986981024482773, 22.628423884467445 ], [ 120.988496202404932, 22.627700452679612 ], [ 120.989437638558613, 22.627281810880362 ], [ 120.989726969521783, 22.627152353752365 ], [ 120.99010006258888, 22.627129492189148 ], [ 120.990594970849813, 22.626908653491967 ], [ 120.990975675866693, 22.626847720198338 ], [ 120.991402055696071, 22.626611656407107 ], [ 120.99188935822329, 22.626535489216426 ], [ 120.992376657640989, 22.62640602213882 ], [ 120.992780204726245, 22.626337473427917 ], [ 120.993145680954512, 22.626268926630932 ], [ 120.99337410298628, 22.626215615262115 ], [ 120.993770040784739, 22.626230823899871 ], [ 120.993983231364624, 22.626124213409682 ], [ 120.994257341532787, 22.626124199631796 ], [ 120.994447700701812, 22.626207947029069 ], [ 120.99469135462877, 22.626215549051459 ], [ 120.994942612955526, 22.626055636761102 ], [ 120.995049212686553, 22.626078474211685 ], [ 120.995407078738708, 22.626078456223958 ], [ 120.995536514321515, 22.625987078483291 ], [ 120.995749715115522, 22.62605559619308 ], [ 120.996115194449956, 22.626040349283571 ], [ 120.996488279072736, 22.625872816600836 ], [ 120.996830920334162, 22.625933713534895 ], [ 120.997165943870826, 22.625933696695473 ], [ 120.997485729293828, 22.625766166692209 ], [ 120.997904509158175, 22.625773759912487 ], [ 120.998033946516614, 22.625712839250401 ], [ 120.998528864984081, 22.625667128757247 ], [ 120.999229365186494, 22.625606179392204 ], [ 120.999562316224043, 22.625429130891124 ], [ 121.000190478134073, 22.625305367439207 ], [ 121.000295164661352, 22.625162594624637 ], [ 121.000771042035566, 22.625019803153425 ], [ 121.00101849815897, 22.624943648021183 ], [ 121.001589540460088, 22.624591459357237 ], [ 121.001913142180811, 22.624581925256006 ], [ 121.002055897898572, 22.624410597018269 ], [ 121.002455636890105, 22.624324916396215 ], [ 121.002988611109586, 22.624020318831427 ], [ 121.003255107100571, 22.624020305437639 ], [ 121.004096326644927, 22.623629681325422 ], [ 121.003833584762802, 22.623322111309744 ], [ 121.003471896090275, 22.623055630057184 ], [ 121.00326250416272, 22.623017569233337 ], [ 121.003005510343712, 22.622751082718722 ], [ 121.002301181192067, 22.622437029500798 ], [ 121.001975668934705, 22.622326638952707 ], [ 121.001747243798775, 22.622326650432306 ], [ 121.001438860873193, 22.622172476973571 ], [ 121.001101931465811, 22.622132518991247 ], [ 121.00066792437228, 22.622143962206668 ], [ 121.000485185595011, 22.622166814198618 ], [ 121.000016901409268, 22.621949831052039 ], [ 120.999571470060545, 22.621909878522217 ], [ 120.998639491147742, 22.621835305517546 ], [ 120.998508142697233, 22.62176678369288 ], [ 120.997925654931876, 22.621703995242083 ], [ 120.997634412214481, 22.621692588474069 ], [ 120.997217535004523, 22.621669766615302 ], [ 120.99681778734859, 22.621606968980796 ], [ 120.996241011208397, 22.621561312349208 ], [ 120.996086820576181, 22.621498502374081 ], [ 120.995270200036458, 22.621487122008386 ], [ 120.994847616524694, 22.62153853956459 ], [ 120.994430736980874, 22.621475742790636 ], [ 120.993688353942389, 22.621452937289931 ], [ 120.992768944415516, 22.621481537005131 ], [ 120.992437732290114, 22.621555792778565 ], [ 120.992180760999389, 22.621675730438994 ], [ 120.991596559503634, 22.621603804950063 ], [ 120.990842753426818, 22.621550542944977 ], [ 120.990286919801761, 22.621565799417617 ], [ 120.989632114824332, 22.621801874683793 ], [ 120.989175274307229, 22.621969411574803 ], [ 120.988695588611037, 22.622091263996385 ], [ 120.987911343160889, 22.622334960039016 ], [ 120.987134714101117, 22.622616727048424 ], [ 120.986647424444868, 22.622913708056505 ], [ 120.985625888400122, 22.623461828185878 ], [ 120.984512350788421, 22.624061507893103 ], [ 120.983446394530176, 22.624537453328664 ], [ 120.982561273734404, 22.624994354002663 ], [ 120.981895051487527, 22.62529895828018 ], [ 120.980838611273512, 22.625746349731333 ], [ 120.980457912687086, 22.625917689937623 ], [ 120.979886852592884, 22.62596530782816 ], [ 120.979542636010166, 22.626092626203921 ], [ 120.979219042599468, 22.626244927866054 ], [ 120.978819301920353, 22.626302054983054 ], [ 120.978410054075212, 22.626540021486807 ], [ 120.978076939617978, 22.62663521660437 ], [ 120.977553477532069, 22.626844635338159 ], [ 120.976500080971846, 22.627320569693033 ], [ 120.976458207614257, 22.627907285550709 ], [ 120.976470141560213, 22.628538127210636 ], [ 120.976196112674785, 22.629931552376821 ], [ 120.976104802590598, 22.630959483403782 ], [ 120.976099265894888, 22.631735491804008 ], [ 120.976960057017905, 22.631784042039733 ], [ 120.978064117460747, 22.631879164903943 ], [ 120.978905495533255, 22.632086611455421 ], [ 120.979758294305839, 22.632284539594487 ], [ 120.980288909283459, 22.632527599359214 ], [ 120.980598830395309, 22.632307482910779 ] ] ] ] } },
{ "type": "Feature", "properties": { "番號": "106", "類型": null, "分區": "準要", "郡\n支廳": "〃", "庄 (區)": "〃", "大字": "鴨子蘭", "地名": null, "土地\n類型": "旱田、\n山林\n原野", "面積\n(公頃)": "282", "區分\n理由": "同上", "地        況": "文里格溪右岸之東向緩坡地。基岩及土壤狀況等，與番號104相同。海拔高度介於30至810公尺。\n東側與不要存置林野三相鄰。北側以文里格溪與準要存置林野105及要存置林野2鄰接。西側以小稜線與要存置林野4及3接壤。南側以鴨子蘭溪與準要存置林野107毗鄰。", "林        況": "同番號104。", "參  考  事  項": "同上\r" }, "geometry": { "type": "MultiPolygon", "coordinates": [ [ [ [ 120.987837362892478, 22.638337430244555 ], [ 120.98802009545156, 22.638207978469183 ], [ 120.988652069903409, 22.638177489608385 ], [ 120.988834804240128, 22.63807849491231 ], [ 120.989596221382499, 22.638078456620988 ], [ 120.989885546118728, 22.637842399709932 ], [ 120.990563205596033, 22.637811908552337 ], [ 120.990852537887179, 22.637705294226276 ], [ 120.991202790660111, 22.637720505152014 ], [ 120.991591104956328, 22.637575814500302 ], [ 120.992063178693115, 22.637492033794096 ], [ 120.992254405490399, 22.637221209986453 ], [ 120.992415054771271, 22.637231088109484 ], [ 120.992996789864932, 22.637266858271641 ], [ 120.993704906467016, 22.637243979853391 ], [ 120.993944761530443, 22.637392446049816 ], [ 120.994424461324058, 22.637512346673571 ], [ 120.995001237801873, 22.637563713988733 ], [ 120.995486641222996, 22.637563689578787 ], [ 120.995880670254735, 22.637489430634982 ], [ 120.99622331129649, 22.637546520426412 ], [ 120.996834347542347, 22.6375293575922 ], [ 120.997239803829615, 22.637557890713783 ], [ 120.997719495953177, 22.637546445186619 ], [ 120.997843454417733, 22.637650976529201 ], [ 120.9983916698597, 22.637567191995277 ], [ 120.998688627871644, 22.63765854829683 ], [ 120.999016037679709, 22.637666146101701 ], [ 120.999193239665104, 22.637565718114139 ], [ 121.000008254983413, 22.636717558190313 ], [ 121.000636376781088, 22.635906606899574 ], [ 121.000921881538815, 22.635449736371736 ], [ 121.001652789317433, 22.634547408682405 ], [ 121.002338004072712, 22.633508026443003 ], [ 121.002657752609664, 22.632708512070337 ], [ 121.002988934400747, 22.632114582400177 ], [ 121.003285867750208, 22.631783346749575 ], [ 121.00355995392124, 22.631372162418732 ], [ 121.004096737660802, 22.63110944313604 ], [ 121.004117730956352, 22.630321968336563 ], [ 121.0041523896722, 22.629021893190313 ], [ 121.004875699284625, 22.628393679601871 ], [ 121.00620808262488, 22.626737509029926 ], [ 121.007864046036573, 22.624700608737076 ], [ 121.007959187648012, 22.624091462406216 ], [ 121.00803526163854, 22.622930282505394 ], [ 121.007999502155414, 22.622563963843156 ], [ 121.007698840635996, 22.622526733522335 ], [ 121.007104921303025, 22.622286913884786 ], [ 121.006305424011728, 22.622127054406441 ], [ 121.005528777224967, 22.622104250628414 ], [ 121.004797812133233, 22.62202433753415 ], [ 121.004089694216105, 22.622024373120304 ], [ 121.004187817811385, 22.623587196987209 ], [ 121.004096326644927, 22.623629681325422 ], [ 121.003255107100571, 22.624020305437639 ], [ 121.002988611109586, 22.624020318831427 ], [ 121.002455636890105, 22.624324916396215 ], [ 121.002055897898572, 22.624410597018269 ], [ 121.001913142180811, 22.624581925256006 ], [ 121.001589540460088, 22.624591459357237 ], [ 121.00101849815897, 22.624943648021183 ], [ 121.000771042035566, 22.625019803153425 ], [ 121.000295164661352, 22.625162594624637 ], [ 121.000190478134073, 22.625305367439207 ], [ 120.999562316224043, 22.625429130891124 ], [ 120.999229365186494, 22.625606179392204 ], [ 120.998528864984081, 22.625667128757247 ], [ 120.998033946516614, 22.625712839250401 ], [ 120.997904509158175, 22.625773759912487 ], [ 120.997485729293828, 22.625766166692209 ], [ 120.997165943870826, 22.625933696695473 ], [ 120.996830920334162, 22.625933713534895 ], [ 120.996488279072736, 22.625872816600836 ], [ 120.996115194449956, 22.626040349283571 ], [ 120.995749715115522, 22.62605559619308 ], [ 120.995536514321515, 22.625987078483291 ], [ 120.995407078738708, 22.626078456223958 ], [ 120.995049212686553, 22.626078474211685 ], [ 120.994942612955526, 22.626055636761102 ], [ 120.99469135462877, 22.626215549051459 ], [ 120.994447700701812, 22.626207947029069 ], [ 120.994257341532787, 22.626124199631796 ], [ 120.993983231364624, 22.626124213409682 ], [ 120.993770040784739, 22.626230823899871 ], [ 120.99337410298628, 22.626215615262115 ], [ 120.993145680954512, 22.626268926630932 ], [ 120.992780204726245, 22.626337473427917 ], [ 120.992376657640989, 22.62640602213882 ], [ 120.99188935822329, 22.626535489216426 ], [ 120.991402055696071, 22.626611656407107 ], [ 120.990975675866693, 22.626847720198338 ], [ 120.990594970849813, 22.626908653491967 ], [ 120.99010006258888, 22.627129492189148 ], [ 120.989726969521783, 22.627152353752365 ], [ 120.989437638558613, 22.627281810880362 ], [ 120.988496202404932, 22.627700452679612 ], [ 120.986981024482773, 22.628423884467445 ], [ 120.986486119772522, 22.628705637325957 ], [ 120.985846544026629, 22.628956940378782 ], [ 120.984240023582956, 22.630152461493143 ], [ 120.98281623303707, 22.631172845224221 ], [ 120.982369078079685, 22.631498377739355 ], [ 120.981826576130857, 22.631631654735909 ], [ 120.981141326791544, 22.632079027540296 ], [ 120.980598830395309, 22.632307482910779 ], [ 120.980288909283459, 22.632527599359214 ], [ 120.980976592863072, 22.632817477228883 ], [ 120.98170757199604, 22.633137239808359 ], [ 120.982347191733382, 22.633639749455888 ], [ 120.983002055810459, 22.63441637204896 ], [ 120.98401465518829, 22.635670454820197 ], [ 120.984326843775307, 22.635799881708127 ], [ 120.984646662976317, 22.636211036194414 ], [ 120.985606107248529, 22.637216071558139 ], [ 120.986398031749019, 22.638084058487021 ], [ 120.986721000437853, 22.63842124335412 ], [ 120.987357674979876, 22.638421211335469 ], [ 120.987837362892478, 22.638337430244555 ] ] ] ] } },
{ "type": "Feature", "properties": { "番號": "105", "類型": null, "分區": "準要", "郡\n支廳": "〃", "庄 (區)": "〃", "大字": "文里格", "地名": null, "土地\n類型": "旱田、\n山林\n原野", "面積\n(公頃)": "144", "區分\n理由": "同上", "地        況": "介於羅打結溪右岸與文里格溪左岸之間，為東向緩坡地。基岩及表土狀況等，與番號104相同。海拔高度在122至700公尺。\n東側及北側以羅打結溪與準要存置林野104相鄰。西側以區分標樁2號及3號之間的稜線與要存置林野2鄰接。南側以文里格溪與準要存置林野106接壤。東南隅與不要存置林野二毗鄰。", "林        況": "幾乎全為現耕地及開墾舊跡。", "參  考  事  項": "同番號104之 (1) 及 (2)。\r" }, "geometry": { "type": "MultiPolygon", "coordinates": [ [ [ [ 120.989596883917912, 22.651132628024175 ], [ 120.989853851861938, 22.65095558332229 ], [ 120.990110818471621, 22.650755695811444 ], [ 120.990207888816201, 22.650578659155357 ], [ 120.990442022918828, 22.650550093863068 ], [ 120.990556229485492, 22.650447295475164 ], [ 120.990824610013874, 22.650121771939727 ], [ 120.991024470671661, 22.649927598005419 ], [ 120.991195789861251, 22.649933300087888 ], [ 120.991242994188184, 22.649872764268334 ], [ 120.991341965518615, 22.649651945466307 ], [ 120.991654128310856, 22.64933974470123 ], [ 120.99181401612573, 22.649172222722932 ], [ 120.991874916155169, 22.648943791567085 ], [ 120.991989123833818, 22.648860028854081 ], [ 120.992278453006548, 22.648700114633421 ], [ 120.992415488523804, 22.648365079871368 ], [ 120.992720044260736, 22.648174707806138 ], [ 120.992963695965045, 22.648144238469154 ], [ 120.993070280578323, 22.647908190746051 ], [ 120.993443368303772, 22.64779395793062 ], [ 120.993694631955691, 22.647725416862446 ], [ 120.993892591071969, 22.647565507239758 ], [ 120.994159084400465, 22.647519808214774 ], [ 120.994623545738364, 22.647466484960429 ], [ 120.995209836039848, 22.647451226925696 ], [ 120.995362116353263, 22.64739791937696 ], [ 120.995468706747516, 22.647260857160504 ], [ 120.995872257381563, 22.6472532225891 ], [ 120.996062611663845, 22.647253213012714 ], [ 120.996291028353824, 22.64710853039799 ], [ 120.99667173736259, 22.647116125515012 ], [ 120.996892542548906, 22.64701712890156 ], [ 120.997212327515172, 22.6468419846125 ], [ 120.997623491874009, 22.646826735388622 ], [ 120.997882367471803, 22.646720122590668 ], [ 120.998171700198853, 22.646621122530295 ], [ 120.998384895215281, 22.646590654726598 ], [ 120.998773216614609, 22.646567792382687 ], [ 120.999024477595682, 22.646453565698589 ], [ 120.999214824317519, 22.646324113539755 ], [ 120.999283325624816, 22.645874868187654 ], [ 120.999412759421588, 22.645753033362951 ], [ 120.999542181658228, 22.645433227529804 ], [ 120.999534541254576, 22.644983986008473 ], [ 120.999595451067407, 22.644923068787779 ], [ 120.999610668294736, 22.644732711282646 ], [ 120.999580188935269, 22.644344385067217 ], [ 120.999861893708342, 22.644009343035592 ], [ 120.999983709333392, 22.643818980168721 ], [ 121.000059831928667, 22.643491562748014 ], [ 121.000005904378682, 22.643325431616368 ], [ 120.999960195344812, 22.642914263358662 ], [ 121.000120075602794, 22.642617298803778 ], [ 121.00042842886549, 22.642263219759613 ], [ 121.000394144424135, 22.641909157949495 ], [ 121.000565458608648, 22.641829199502546 ], [ 121.000622517551321, 22.641018276925205 ], [ 121.000919443557976, 22.640561405818588 ], [ 121.001079311816596, 22.64005885598857 ], [ 121.001353407311868, 22.639807571308779 ], [ 121.001381831195772, 22.639594294622192 ], [ 121.001183624567034, 22.639627339776492 ], [ 121.000669652676336, 22.639364673325844 ], [ 121.000155671451495, 22.638942107214366 ], [ 120.99981301707939, 22.638656589338275 ], [ 120.999380183186076, 22.638385114806503 ], [ 120.99906035866114, 22.637882589098925 ], [ 120.999163133306595, 22.637597048821959 ], [ 120.999193239665104, 22.637565718114139 ], [ 120.999016037679709, 22.637666146101701 ], [ 120.998688627871644, 22.63765854829683 ], [ 120.9983916698597, 22.637567191995277 ], [ 120.997843454417733, 22.637650976529201 ], [ 120.997719495953177, 22.637546445186619 ], [ 120.997239803829615, 22.637557890713783 ], [ 120.996834347542347, 22.6375293575922 ], [ 120.99622331129649, 22.637546520426412 ], [ 120.995880670254735, 22.637489430634982 ], [ 120.995486641222996, 22.637563689578787 ], [ 120.995001237801873, 22.637563713988733 ], [ 120.994424461324058, 22.637512346673571 ], [ 120.993944761530443, 22.637392446049816 ], [ 120.993704906467016, 22.637243979853391 ], [ 120.992996789864932, 22.637266858271641 ], [ 120.992415054771271, 22.637231088109484 ], [ 120.9920290977213, 22.638014850299655 ], [ 120.991526607744717, 22.638791531077381 ], [ 120.990719561581116, 22.639750969647089 ], [ 120.990095266201621, 22.640893141502435 ], [ 120.989790750021342, 22.64176118356702 ], [ 120.989434037418917, 22.642770330194615 ], [ 120.988739297625628, 22.64368407750981 ], [ 120.98763529111686, 22.644512184880753 ], [ 120.987187976884101, 22.644826296010514 ], [ 120.98512271401701, 22.646216004143419 ], [ 120.983790261238497, 22.646682445203179 ], [ 120.98415196662431, 22.647234461569919 ], [ 120.984332804865176, 22.647263005983913 ], [ 120.984908086756178, 22.647797784319224 ], [ 120.985707616120038, 22.648505871187936 ], [ 120.987009690806673, 22.649385253840613 ], [ 120.987203854180265, 22.649419508285739 ], [ 120.987774934383609, 22.649716436074609 ], [ 120.988654405874527, 22.650310304867762 ], [ 120.98907701573826, 22.650710032767318 ], [ 120.989469876434171, 22.651294692617064 ], [ 120.989596883917912, 22.651132628024175 ] ] ] ] } },
{ "type": "Feature", "properties": { "番號": "190", "類型": "蕃", "分區": "準要", "郡\n支廳": "〃", "庄 (區)": null, "大字": null, "地名": "Kaka (a) rowan社蕃地", "土地\n類型": "旱田、\n山林\n原野", "面積\n(公頃)": "280", "區分\n理由": "同上", "地        況": "知本溪中游右岸之東向緩坡地。基岩及土壤狀況等，與番號130相同。海拔高度介於333至1,212公尺。\n東側以溪流與準要存置林野189相鄰。北側以知本溪與臺東支廳相對。西側以稜線與要存置林野96鄰接。南側以斷崖上緣與要存置林野95接壤。", "林        況": "同上", "參  考  事  項": "同上\r" }, "geometry": { "type": "MultiPolygon", "coordinates": [ [ [ [ 120.908737881651973, 22.651873222005335 ], [ 120.908501828501016, 22.651637191481615 ], [ 120.90851704572583, 22.651446833939119 ], [ 120.9085474939655, 22.651302161256595 ], [ 120.908471343784399, 22.651157493938314 ], [ 120.908311436811374, 22.650997602293167 ], [ 120.90828097389209, 22.650891004031052 ], [ 120.908334254864698, 22.650578816236127 ], [ 120.908288555593046, 22.650335161861619 ], [ 120.908212397405762, 22.650053437664464 ], [ 120.908204768554327, 22.649802167103235 ], [ 120.908105781637445, 22.649756486457925 ], [ 120.908060078807978, 22.649451917915034 ], [ 120.907839262010341, 22.649352943502752 ], [ 120.907496610884493, 22.649124532612767 ], [ 120.907344317640266, 22.648957026312338 ], [ 120.907275782967176, 22.648835201423665 ], [ 120.907016894859908, 22.648728614655568 ], [ 120.906856988332336, 22.648576337280225 ], [ 120.90660725226806, 22.648319804431832 ], [ 120.906369296575974, 22.648100906111367 ], [ 120.906045692556944, 22.648072368877873 ], [ 120.905836298352526, 22.647996236703086 ], [ 120.905731584572095, 22.647672635450352 ], [ 120.905731562890793, 22.64730143973545 ], [ 120.905683963191109, 22.647111085353107 ], [ 120.905541183549929, 22.646873146565444 ], [ 120.905512618171144, 22.646663755547557 ], [ 120.905617304155285, 22.646511464858449 ], [ 120.905560169507424, 22.646026057950841 ], [ 120.90564581783579, 22.645835696864346 ], [ 120.905636288446203, 22.645635822727801 ], [ 120.905617246899126, 22.645531127458227 ], [ 120.905702896339506, 22.645359802049519 ], [ 120.905769507568223, 22.645140888404566 ], [ 120.90577900749723, 22.644836317083225 ], [ 120.905921761567967, 22.644636435285225 ], [ 120.906235839533124, 22.644522205417715 ], [ 120.906369086448365, 22.644503163036347 ], [ 120.906397622922015, 22.644217626435498 ], [ 120.906549891374326, 22.643960637126511 ], [ 120.906768795512022, 22.643903519080705 ], [ 120.906949614333996, 22.643598939141516 ], [ 120.90713043760239, 22.643370501912923 ], [ 120.907244649085129, 22.643351460489619 ], [ 120.907453590294807, 22.643140510875515 ], [ 120.907400281302202, 22.642972999594306 ], [ 120.907438343719178, 22.64282832652945 ], [ 120.907720058781123, 22.642668412665579 ], [ 120.907758111861042, 22.642363839909578 ], [ 120.907727648055513, 22.642242013105339 ], [ 120.907598191998588, 22.641983134402025 ], [ 120.907605795945798, 22.641808005785638 ], [ 120.90765146986854, 22.641617646712039 ], [ 120.90751440408512, 22.64143491110196 ], [ 120.907445870304301, 22.64132831475488 ], [ 120.907377328076393, 22.641077047258253 ], [ 120.907339245652494, 22.640879078126762 ], [ 120.907232643230003, 22.640810555049793 ], [ 120.907133647867283, 22.640620203253306 ], [ 120.906996586974472, 22.640521224624184 ], [ 120.906958502772653, 22.640292798408517 ], [ 120.906768139112771, 22.64013290829196 ], [ 120.906638691059513, 22.640011086466444 ], [ 120.906486388039625, 22.639676066201151 ], [ 120.906448307394953, 22.639508554153394 ], [ 120.906318862453389, 22.639440032225011 ], [ 120.906151349314271, 22.639417197837698 ], [ 120.905960990099928, 22.639333450430993 ], [ 120.905869609799709, 22.639158326793037 ], [ 120.905839137104678, 22.638884214567668 ], [ 120.905878153184247, 22.638771902106978 ], [ 120.905946676073569, 22.638691948814419 ], [ 120.905975221887701, 22.638566311906228 ], [ 120.905866712254763, 22.638434971188328 ], [ 120.905860990956626, 22.638252228970824 ], [ 120.905883822807297, 22.63806948531704 ], [ 120.905900932026753, 22.637681156632738 ], [ 120.905849528024987, 22.637538391636031 ], [ 120.905798123356305, 22.637384205232554 ], [ 120.905860929949029, 22.637207170271772 ], [ 120.905855201651079, 22.636904503285717 ], [ 120.905849482020784, 22.636750314584553 ], [ 120.905775232499991, 22.636556154407156 ], [ 120.905718110868619, 22.636293464928709 ], [ 120.905776394164747, 22.636075622461686 ], [ 120.905787807423934, 22.635938565008928 ], [ 120.905719271866758, 22.635801511576787 ], [ 120.905662160236091, 22.635710143196579 ], [ 120.905605043271763, 22.63552740356376 ], [ 120.905565060197034, 22.635378927289231 ], [ 120.90543941934277, 22.635259008838823 ], [ 120.905250966227683, 22.635219043393171 ], [ 120.905039667927156, 22.635133393470031 ], [ 120.904919737702372, 22.635013474732258 ], [ 120.904839784552706, 22.634939239610365 ], [ 120.904759834402824, 22.634916400817989 ], [ 120.904582790214278, 22.634665138776437 ], [ 120.904377203209734, 22.634590909972495 ], [ 120.904205884650196, 22.634596629291259 ], [ 120.903926065791609, 22.634630907583055 ], [ 120.903760451861885, 22.634533833955498 ], [ 120.903554863190578, 22.634431051634852 ], [ 120.903206513107548, 22.634402515636602 ], [ 120.902983806879021, 22.634545294419077 ], [ 120.902766792947958, 22.634373984233065 ], [ 120.902464127235945, 22.634334024530538 ], [ 120.902104359225703, 22.634362596139628 ], [ 120.902041538631579, 22.63429978156228 ], [ 120.901920088438231, 22.634228974948591 ], [ 120.901663103431119, 22.634114773805535 ], [ 120.901520331686555, 22.634011988325351 ], [ 120.901417550015992, 22.634177603890695 ], [ 120.901171982935139, 22.634006295139912 ], [ 120.900943548743641, 22.633852117637566 ], [ 120.900892139743206, 22.633623692089166 ], [ 120.900852149669618, 22.633355291043497 ], [ 120.900926375525188, 22.633143991287483 ], [ 120.90105771367827, 22.633035481319556 ], [ 120.901114812310794, 22.63290413227169 ], [ 120.901091948128197, 22.632532937704855 ], [ 120.901044224830002, 22.632399055837766 ], [ 120.901204115354787, 22.63227721945993 ], [ 120.901242175555453, 22.632094475039658 ], [ 120.901402066080294, 22.631972638662003 ], [ 120.901546722482294, 22.631751817526336 ], [ 120.901539084758667, 22.6313482615422 ], [ 120.901676132764436, 22.631226426313674 ], [ 120.901698962842175, 22.631013225575039 ], [ 120.901539045657231, 22.630678205687975 ], [ 120.901341062050392, 22.630419330425674 ], [ 120.901173536468974, 22.630183296445001 ], [ 120.901036476466018, 22.630099546354284 ], [ 120.901051694593136, 22.629924417353973 ], [ 120.90095269923529, 22.629734065554008 ], [ 120.900736453865008, 22.629685154734755 ], [ 120.900450913710316, 22.6295366908051 ], [ 120.900222477854342, 22.629353959783888 ], [ 120.899891258658755, 22.629308290810641 ], [ 120.899651409873456, 22.629268327946491 ], [ 120.899417265053387, 22.629114150728761 ], [ 120.899325885646192, 22.628954255629754 ], [ 120.899337295243285, 22.628754380439155 ], [ 120.899205943426509, 22.62862875156971 ], [ 120.899086011869713, 22.628485990015893 ], [ 120.898990845962231, 22.62799923665608 ], [ 120.898676708010868, 22.627085539914699 ], [ 120.898529153143315, 22.626566825112562 ], [ 120.898191242837555, 22.62602908420185 ], [ 120.8977019997306, 22.625472315220485 ], [ 120.89743930009621, 22.625289585919411 ], [ 120.897290775748019, 22.62446725210301 ], [ 120.897030759342513, 22.623835507928593 ], [ 120.896846627567683, 22.624407405751821 ], [ 120.896511635040724, 22.624940421571964 ], [ 120.896272885696689, 22.624984548757229 ], [ 120.896025438394318, 22.625212989331125 ], [ 120.895882688193879, 22.625479495997801 ], [ 120.895663793485724, 22.625698417297976 ], [ 120.895387782484065, 22.625746020368144 ], [ 120.895121304190809, 22.626050604611422 ], [ 120.894883360723057, 22.6260410987345 ], [ 120.894864320292641, 22.625955439140846 ], [ 120.894626394593601, 22.626250504110327 ], [ 120.894274245190715, 22.626355218042587 ], [ 120.893922098564204, 22.626507521169959 ], [ 120.893627051017646, 22.626536089520069 ], [ 120.89337008322191, 22.626716941379765 ], [ 120.892513491509376, 22.626764573639132 ], [ 120.892018570248325, 22.626764598520786 ], [ 120.891733037085402, 22.626736059358471 ], [ 120.8916568914658, 22.62666943831319 ], [ 120.8912095587865, 22.626669460802319 ], [ 120.890743982798682, 22.626652034837122 ], [ 120.890268095302801, 22.626623505244535 ], [ 120.890087243139064, 22.626357014842689 ], [ 120.889649432616977, 22.626433179565492 ], [ 120.889335345192109, 22.626385606160447 ], [ 120.888868952089425, 22.625957326848283 ], [ 120.888556394614767, 22.625912691291198 ], [ 120.888501230273576, 22.626032398812765 ], [ 120.888912438056238, 22.626759541047218 ], [ 120.889483555030338, 22.627684646294046 ], [ 120.890283129193691, 22.629157967583954 ], [ 120.890722800438397, 22.629652873109595 ], [ 120.891514741106462, 22.630794973978279 ], [ 120.891956409367296, 22.631586835979856 ], [ 120.892382865280581, 22.632652812510162 ], [ 120.892687486426169, 22.633581738283681 ], [ 120.892870279025033, 22.634480213098232 ], [ 120.893113976123047, 22.635226399424724 ], [ 120.893220591437426, 22.635515736370085 ], [ 120.89332723608652, 22.636307615216214 ], [ 120.893388230369709, 22.637693409515929 ], [ 120.893586224655095, 22.638135027289906 ], [ 120.893829927985308, 22.638987813412079 ], [ 120.893999371845709, 22.639476070032945 ], [ 120.895221503991934, 22.640458249548089 ], [ 120.896192347749647, 22.641086378087916 ], [ 120.897003272529389, 22.641349029652215 ], [ 120.897585782784034, 22.641794435214816 ], [ 120.897871321612584, 22.641920056325521 ], [ 120.898054075773018, 22.642159896674634 ], [ 120.89856805713535, 22.642582462869502 ], [ 120.899413279705257, 22.64342760444999 ], [ 120.90024710035911, 22.64460396739738 ], [ 120.900646894473155, 22.6454605527897 ], [ 120.900863913080897, 22.645711812819513 ], [ 120.901133812266963, 22.646943312422348 ], [ 120.901156719496996, 22.648051187724985 ], [ 120.90106540746325, 22.649044854708002 ], [ 120.900917009818897, 22.65039258817453 ], [ 120.901008411256129, 22.650929389693541 ], [ 120.901236863805536, 22.651397655874639 ], [ 120.901538306236048, 22.651736745520626 ], [ 120.901905478192589, 22.651706955818614 ], [ 120.90243846641323, 22.65164030412312 ], [ 120.904123104418716, 22.651678290699017 ], [ 120.905560272342242, 22.651554486467479 ], [ 120.906169398395434, 22.651421206068971 ], [ 120.906833304153778, 22.65151353535305 ], [ 120.907461498111388, 22.651936095784563 ], [ 120.907747038271296, 22.652084559700612 ], [ 120.908820570777195, 22.65208450567426 ], [ 120.908737881651973, 22.651873222005335 ] ] ] ] } },
{ "type": "Feature", "properties": { "番號": "189", "類型": "蕃", "分區": "準要", "郡\n支廳": "〃", "庄 (區)": null, "大字": null, "地名": "〃", "土地\n類型": "旱田、\n山林\n原野", "面積\n(公頃)": "482", "區分\n理由": "第八條\n第二號", "地        況": "知本溪中游右岸之西向緩坡地。基岩及土壤狀況等，與番號130相同。海拔高度介於333至1,173公尺。\n東側以稜線及小溪流，與要存置林野99相鄰。北側以知本溪，與臺東支廳相對。西側以溪流，與準要存置林野190鄰接。南側以稜線，與要存置林野98及準要存置林野188、187接壤。", "林        況": "同上", "參  考  事  項": "同上\r" }, "geometry": { "type": "MultiPolygon", "coordinates": [ [ [ [ 120.912019467461008, 22.652088340969378 ], [ 120.912346831074686, 22.651304054580901 ], [ 120.91252954898161, 22.650923331835756 ], [ 120.91268179507405, 22.650283725410297 ], [ 120.91297871667885, 22.649750711499582 ], [ 120.913389801951922, 22.648380122037175 ], [ 120.913616654223432, 22.64752274371109 ], [ 120.913845032266934, 22.646715619497808 ], [ 120.913905848705312, 22.645055705368804 ], [ 120.9139514981687, 22.64444656139592 ], [ 120.915291577465993, 22.644187608766064 ], [ 120.916814391570043, 22.64383727569383 ], [ 120.9180021865143, 22.643563102186953 ], [ 120.919418391520026, 22.643030031981549 ], [ 120.919950728332438, 22.642674418753256 ], [ 120.92072733571294, 22.64201955239421 ], [ 120.921031882169743, 22.641669280616501 ], [ 120.921184140727149, 22.641242873791342 ], [ 120.921366867534715, 22.641014436475228 ], [ 120.92138202830742, 22.639857066548508 ], [ 120.921244882516518, 22.63830376220103 ], [ 120.921046862465232, 22.637420516746563 ], [ 120.921107702065669, 22.636156544733005 ], [ 120.921640648821537, 22.635379862309708 ], [ 120.922173602689455, 22.634725008220503 ], [ 120.922874063913014, 22.633994003001941 ], [ 120.923490776851452, 22.633393459836036 ], [ 120.923624003765241, 22.633031775276113 ], [ 120.924099854007096, 22.632422609689002 ], [ 120.924461487216902, 22.631737307139044 ], [ 120.924769218824494, 22.630945852863995 ], [ 120.924861171296854, 22.630709360494784 ], [ 120.924870669713059, 22.630378615132841 ], [ 120.924828769582476, 22.630329736451781 ], [ 120.924774013056677, 22.630305745076676 ], [ 120.923955463395089, 22.629858447826887 ], [ 120.923308246501321, 22.629649087922179 ], [ 120.921680708205145, 22.629496884335406 ], [ 120.920605190205521, 22.629220921093602 ], [ 120.919786636649576, 22.628706998969275 ], [ 120.919539174925134, 22.628687975733644 ], [ 120.918825314021987, 22.628135976990013 ], [ 120.918292313044063, 22.627983718370182 ], [ 120.91795918187961, 22.627793378347697 ], [ 120.917714569277365, 22.627668231068775 ], [ 120.916351579929994, 22.626769815632088 ], [ 120.915277937587518, 22.626016056791666 ], [ 120.915277070080563, 22.626014922475047 ], [ 120.915079953991594, 22.625757181535327 ], [ 120.914486024969207, 22.625353655036232 ], [ 120.913770261185704, 22.62481307778501 ], [ 120.913344364531667, 22.624631625738079 ], [ 120.912282190082053, 22.624677364756678 ], [ 120.91142559496646, 22.624665986409617 ], [ 120.910648949330849, 22.624666025450033 ], [ 120.910563703572521, 22.624620129023871 ], [ 120.91050046829551, 22.624586083069218 ], [ 120.910077875702484, 22.624483311654469 ], [ 120.909129909840971, 22.624460516493823 ], [ 120.908467473463944, 22.624403442760837 ], [ 120.908079143314779, 22.624277826810268 ], [ 120.907348157393685, 22.623843850109811 ], [ 120.906608424211242, 22.6235648242622 ], [ 120.906071603696901, 22.62319936623846 ], [ 120.905443415771259, 22.622879598432782 ], [ 120.90520355333291, 22.622605496733328 ], [ 120.904506817864188, 22.621943090176259 ], [ 120.903577378936902, 22.621361358997195 ], [ 120.90309007985563, 22.621498440368335 ], [ 120.901826145779793, 22.621818303280222 ], [ 120.90138453972915, 22.622092439234731 ], [ 120.900821102467816, 22.622290438602821 ], [ 120.899191686299815, 22.622579862805214 ], [ 120.898643475605411, 22.622747404325214 ], [ 120.897821179549183, 22.623341358805209 ], [ 120.897135913736733, 22.623508907216014 ], [ 120.897030759342513, 22.623835507928593 ], [ 120.897290775748019, 22.62446725210301 ], [ 120.89743930009621, 22.625289585919411 ], [ 120.8977019997306, 22.625472315220485 ], [ 120.898191242837555, 22.62602908420185 ], [ 120.898529153143315, 22.626566825112562 ], [ 120.898676708010868, 22.627085539914699 ], [ 120.898990845962231, 22.62799923665608 ], [ 120.899086011869713, 22.628485990015893 ], [ 120.899205943426509, 22.62862875156971 ], [ 120.899337295243285, 22.628754380439155 ], [ 120.899325885646192, 22.628954255629754 ], [ 120.899417265053387, 22.629114150728761 ], [ 120.899651409873456, 22.629268327946491 ], [ 120.899891258658755, 22.629308290810641 ], [ 120.900222477854342, 22.629353959783888 ], [ 120.900450913710316, 22.6295366908051 ], [ 120.900736453865008, 22.629685154734755 ], [ 120.90095269923529, 22.629734065554008 ], [ 120.901051694593136, 22.629924417353973 ], [ 120.901036476466018, 22.630099546354284 ], [ 120.901173536468974, 22.630183296445001 ], [ 120.901341062050392, 22.630419330425674 ], [ 120.901539045657231, 22.630678205687975 ], [ 120.901698962842175, 22.631013225575039 ], [ 120.901676132764436, 22.631226426313674 ], [ 120.901539084758667, 22.6313482615422 ], [ 120.901546722482294, 22.631751817526336 ], [ 120.901402066080294, 22.631972638662003 ], [ 120.901242175555453, 22.632094475039658 ], [ 120.901204115354787, 22.63227721945993 ], [ 120.901044224830002, 22.632399055837766 ], [ 120.901091948128197, 22.632532937704855 ], [ 120.901114812310794, 22.63290413227169 ], [ 120.90105771367827, 22.633035481319556 ], [ 120.900926375525188, 22.633143991287483 ], [ 120.900852149669618, 22.633355291043497 ], [ 120.900892139743206, 22.633623692089166 ], [ 120.900943548743641, 22.633852117637566 ], [ 120.901171982935139, 22.634006295139912 ], [ 120.901417550015992, 22.634177603890695 ], [ 120.901520331686555, 22.634011988325351 ], [ 120.901663103431119, 22.634114773805535 ], [ 120.901920088438231, 22.634228974948591 ], [ 120.902041538631579, 22.63429978156228 ], [ 120.902104359225703, 22.634362596139628 ], [ 120.902464127235945, 22.634334024530538 ], [ 120.902766792947958, 22.634373984233065 ], [ 120.902983806879021, 22.634545294419077 ], [ 120.903206513107548, 22.634402515636602 ], [ 120.903554863190578, 22.634431051634852 ], [ 120.903760451861885, 22.634533833955498 ], [ 120.903926065791609, 22.634630907583055 ], [ 120.904205884650196, 22.634596629291259 ], [ 120.904377203209734, 22.634590909972495 ], [ 120.904582790214278, 22.634665138776437 ], [ 120.904759834402824, 22.634916400817989 ], [ 120.904839784552706, 22.634939239610365 ], [ 120.904919737702372, 22.635013474732258 ], [ 120.905039667927156, 22.635133393470031 ], [ 120.905250966227683, 22.635219043393171 ], [ 120.90543941934277, 22.635259008838823 ], [ 120.905565060197034, 22.635378927289231 ], [ 120.905605043271763, 22.63552740356376 ], [ 120.905662160236091, 22.635710143196579 ], [ 120.905719271866758, 22.635801511576787 ], [ 120.905787807423934, 22.635938565008928 ], [ 120.905776394164747, 22.636075622461686 ], [ 120.905718110868619, 22.636293464928709 ], [ 120.905775232499991, 22.636556154407156 ], [ 120.905849482020784, 22.636750314584553 ], [ 120.905855201651079, 22.636904503285717 ], [ 120.905860929949029, 22.637207170271772 ], [ 120.905798123356305, 22.637384205232554 ], [ 120.905849528024987, 22.637538391636031 ], [ 120.905900932026753, 22.637681156632738 ], [ 120.905883822807297, 22.63806948531704 ], [ 120.905860990956626, 22.638252228970824 ], [ 120.905866712254763, 22.638434971188328 ], [ 120.905975221887701, 22.638566311906228 ], [ 120.905946676073569, 22.638691948814419 ], [ 120.905878153184247, 22.638771902106978 ], [ 120.905839137104678, 22.638884214567668 ], [ 120.905869609799709, 22.639158326793037 ], [ 120.905960990099928, 22.639333450430993 ], [ 120.906151349314271, 22.639417197837698 ], [ 120.906318862453389, 22.639440032225011 ], [ 120.906448307394953, 22.639508554153394 ], [ 120.906486388039625, 22.639676066201151 ], [ 120.906638691059513, 22.640011086466444 ], [ 120.906768139112771, 22.64013290829196 ], [ 120.906958502772653, 22.640292798408517 ], [ 120.906996586974472, 22.640521224624184 ], [ 120.907133647867283, 22.640620203253306 ], [ 120.907232643230003, 22.640810555049793 ], [ 120.907339245652494, 22.640879078126762 ], [ 120.907377328076393, 22.641077047258253 ], [ 120.907445870304301, 22.64132831475488 ], [ 120.90751440408512, 22.64143491110196 ], [ 120.90765146986854, 22.641617646712039 ], [ 120.907605795945798, 22.641808005785638 ], [ 120.907598191998588, 22.641983134402025 ], [ 120.907727648055513, 22.642242013105339 ], [ 120.907758111861042, 22.642363839909578 ], [ 120.907720058781123, 22.642668412665579 ], [ 120.907438343719178, 22.64282832652945 ], [ 120.907400281302202, 22.642972999594306 ], [ 120.907453590294807, 22.643140510875515 ], [ 120.907244649085129, 22.643351460489619 ], [ 120.90713043760239, 22.643370501912923 ], [ 120.906949614333996, 22.643598939141516 ], [ 120.906768795512022, 22.643903519080705 ], [ 120.906549891374326, 22.643960637126511 ], [ 120.906397622922015, 22.644217626435498 ], [ 120.906369086448365, 22.644503163036347 ], [ 120.906235839533124, 22.644522205417715 ], [ 120.905921761567967, 22.644636435285225 ], [ 120.90577900749723, 22.644836317083225 ], [ 120.905769507568223, 22.645140888404566 ], [ 120.905702896339506, 22.645359802049519 ], [ 120.905617246899126, 22.645531127458227 ], [ 120.905636288446203, 22.645635822727801 ], [ 120.90564581783579, 22.645835696864346 ], [ 120.905560169507424, 22.646026057950841 ], [ 120.905617304155285, 22.646511464858449 ], [ 120.905512618171144, 22.646663755547557 ], [ 120.905541183549929, 22.646873146565444 ], [ 120.905683963191109, 22.647111085353107 ], [ 120.905731562890793, 22.64730143973545 ], [ 120.905731584572095, 22.647672635450352 ], [ 120.905836298352526, 22.647996236703086 ], [ 120.906045692556944, 22.648072368877873 ], [ 120.906369296575974, 22.648100906111367 ], [ 120.90660725226806, 22.648319804431832 ], [ 120.906856988332336, 22.648576337280225 ], [ 120.907016894859908, 22.648728614655568 ], [ 120.907275782967176, 22.648835201423665 ], [ 120.907344317640266, 22.648957026312338 ], [ 120.907496610884493, 22.649124532612767 ], [ 120.907839262010341, 22.649352943502752 ], [ 120.908060078807978, 22.649451917915034 ], [ 120.908105781637445, 22.649756486457925 ], [ 120.908204768554327, 22.649802167103235 ], [ 120.908212397405762, 22.650053437664464 ], [ 120.908288555593046, 22.650335161861619 ], [ 120.908334254864698, 22.650578816236127 ], [ 120.90828097389209, 22.650891004031052 ], [ 120.908311436811374, 22.650997602293167 ], [ 120.908471343784399, 22.651157493938314 ], [ 120.9085474939655, 22.651302161256595 ], [ 120.90851704572583, 22.651446833939119 ], [ 120.908501828501016, 22.651637191481615 ], [ 120.908737881651973, 22.651873222005335 ], [ 120.908820570777195, 22.65208450567426 ], [ 120.909003376804222, 22.652084496474419 ], [ 120.909197539548273, 22.652107329516348 ], [ 120.909631565420781, 22.652415685651285 ], [ 120.909825735504612, 22.652564154164981 ], [ 120.910693755218091, 22.652632638919815 ], [ 120.911470396847548, 22.652564071394806 ], [ 120.911755939674208, 22.6527582209354 ], [ 120.911940164516935, 22.652924601660249 ], [ 120.912019467461008, 22.652088340969378 ] ] ] ] } },
{ "type": "Feature", "properties": { "番號": "104", "類型": null, "分區": "準要", "郡\n支廳": "大武", "庄 (區)": "太麻里", "大字": "羅打結", "地名": null, "土地\n類型": "旱田、\n山林\n原野", "面積\n(公頃)": "445", "區分\n理由": "第八條\n第四號", "地        況": "位於羅打結溪上游，為南向緩坡地。基岩為結晶片岩，土壤質地為黏質壤土，摻雜石礫，濕度乾，結合度軟，地力尚可。海拔高度介於33至954公尺。\n東側以稜線與不要存置林野一鄰接。北側以稜線與要存置林野102相鄰。西側以稜線與要存置林野1連接。南側以小溪與準要存置林野105毗鄰；部分區域以山麓與不要存置林野一接壤。", "林        況": "大部分為蕃人的現耕地及開墾地，其餘為栲櫧植物、櫟屬植物類為主的闊葉林，竹林零星分布生長。", "參  考  事  項": "(1) 現居住大武支廳行政區內的總人口中8成左右為蕃人，約3,600名。考量到保護蕃人之生活，認為此地有保留之必要。\n(2) 本區域是為現居於本地及番號105、106內的蕃人而保留的蕃人所要地。對象包括羅打結社185名、鴨子蘭社84名、文里格社26名，總計295名。人均面積為2.9525公頃。" }, "geometry": { "type": "MultiPolygon", "coordinates": [ [ [ [ 120.994735474042727, 22.667690499209861 ], [ 120.995297017506147, 22.667661917424002 ], [ 120.996448633088562, 22.667185967580846 ], [ 120.998409225427608, 22.666215049478964 ], [ 121.000008151305693, 22.665358363639207 ], [ 121.000683885630636, 22.664958580461963 ], [ 121.000913086220677, 22.664655981019777 ], [ 121.001626865808589, 22.663818375425343 ], [ 121.001959952972953, 22.663256806271889 ], [ 121.002102713675413, 22.663171138551956 ], [ 121.002492917694212, 22.662790405427948 ], [ 121.003102026908635, 22.662371589937038 ], [ 121.003730174888389, 22.662009880510883 ], [ 121.004387390091139, 22.658230235053452 ], [ 121.004867029480494, 22.657316498566342 ], [ 121.005049722871931, 22.656516991069058 ], [ 121.0053123303625, 22.65512356652717 ], [ 121.005849027334762, 22.653376064662666 ], [ 121.006704082216032, 22.651463697850332 ], [ 121.007769921182614, 22.648981392372129 ], [ 121.008196239165031, 22.647686945115343 ], [ 121.00819610221474, 22.645341750130292 ], [ 121.008016503416542, 22.642632855904587 ], [ 121.008111553866911, 22.640462784334822 ], [ 121.008187574460621, 22.638387892093427 ], [ 121.008568189685732, 22.636788876376482 ], [ 121.00944371270694, 22.634961407697102 ], [ 121.009881443118516, 22.633514674506223 ], [ 121.010082545744865, 22.631769283499665 ], [ 121.010444143345552, 22.630474839530383 ], [ 121.010653454199442, 22.629123296199413 ], [ 121.010881786051385, 22.627524288161013 ], [ 121.010995944346803, 22.62659391388932 ], [ 121.011338515978835, 22.625461274109295 ], [ 121.011728680624557, 22.624404774632893 ], [ 121.011938036466375, 22.623824176076816 ], [ 121.011917063229149, 22.623236609349924 ], [ 121.011840900981738, 22.622884453222667 ], [ 121.011450668056341, 22.622770258794556 ], [ 121.011136585166795, 22.622798828088786 ], [ 121.010403756729104, 22.623408006463222 ], [ 121.00950920487324, 22.625349690102546 ], [ 121.00908103599653, 22.627548331899245 ], [ 121.008928796437772, 22.628300248651378 ], [ 121.008510079217004, 22.629366267411715 ], [ 121.008285667830549, 22.630189571569726 ], [ 121.007372048931956, 22.631588739501169 ], [ 121.006810538245261, 22.632178873610439 ], [ 121.00618239745252, 22.632664314866574 ], [ 121.005202160118017, 22.634158664528861 ], [ 121.004898420389267, 22.634740854153122 ], [ 121.004241742009114, 22.635492796281795 ], [ 121.004061667935929, 22.637685556315581 ], [ 121.003616261589457, 22.638073906458022 ], [ 121.003159429986241, 22.638393728750412 ], [ 121.002588392482195, 22.638827770829337 ], [ 121.002005938388095, 22.639341763313713 ], [ 121.001663312685508, 22.639547365822104 ], [ 121.001381831195772, 22.639594294622192 ], [ 121.001353407311868, 22.639807571308779 ], [ 121.001079311816596, 22.64005885598857 ], [ 121.000919443557976, 22.640561405818588 ], [ 121.000622517551321, 22.641018276925205 ], [ 121.000565458608648, 22.641829199502546 ], [ 121.000394144424135, 22.641909157949495 ], [ 121.00042842886549, 22.642263219759613 ], [ 121.000120075602794, 22.642617298803778 ], [ 120.999960195344812, 22.642914263358662 ], [ 121.000005904378682, 22.643325431616368 ], [ 121.000059831928667, 22.643491562748014 ], [ 120.999983709333392, 22.643818980168721 ], [ 120.999861893708342, 22.644009343035592 ], [ 120.999580188935269, 22.644344385067217 ], [ 120.999610668294736, 22.644732711282646 ], [ 120.999595451067407, 22.644923068787779 ], [ 120.999534541254576, 22.644983986008473 ], [ 120.999542181658228, 22.645433227529804 ], [ 120.999412759421588, 22.645753033362951 ], [ 120.999283325624816, 22.645874868187654 ], [ 120.999214824317519, 22.646324113539755 ], [ 120.999024477595682, 22.646453565698589 ], [ 120.998773216614609, 22.646567792382687 ], [ 120.998384895215281, 22.646590654726598 ], [ 120.998171700198853, 22.646621122530295 ], [ 120.997882367471803, 22.646720122590668 ], [ 120.997623491874009, 22.646826735388622 ], [ 120.997212327515172, 22.6468419846125 ], [ 120.996892542548906, 22.64701712890156 ], [ 120.99667173736259, 22.647116125515012 ], [ 120.996291028353824, 22.64710853039799 ], [ 120.996062611663845, 22.647253213012714 ], [ 120.995872257381563, 22.6472532225891 ], [ 120.995468706747516, 22.647260857160504 ], [ 120.995362116353263, 22.64739791937696 ], [ 120.995209836039848, 22.647451226925696 ], [ 120.994623545738364, 22.647466484960429 ], [ 120.994159084400465, 22.647519808214774 ], [ 120.993892591071969, 22.647565507239758 ], [ 120.993694631955691, 22.647725416862446 ], [ 120.993443368303772, 22.64779395793062 ], [ 120.993070280578323, 22.647908190746051 ], [ 120.992963695965045, 22.648144238469154 ], [ 120.992720044260736, 22.648174707806138 ], [ 120.992415488523804, 22.648365079871368 ], [ 120.992278453006548, 22.648700114633421 ], [ 120.991989123833818, 22.648860028854081 ], [ 120.991874916155169, 22.648943791567085 ], [ 120.99181401612573, 22.649172222722932 ], [ 120.991654128310856, 22.64933974470123 ], [ 120.991341965518615, 22.649651945466307 ], [ 120.991242994188184, 22.649872764268334 ], [ 120.991195789861251, 22.649933300087888 ], [ 120.991024470671661, 22.649927598005419 ], [ 120.990824610013874, 22.650121771939727 ], [ 120.990556229485492, 22.650447295475164 ], [ 120.990442022918828, 22.650550093863068 ], [ 120.990207888816201, 22.650578659155357 ], [ 120.990110818471621, 22.650755695811444 ], [ 120.989853851861938, 22.65095558332229 ], [ 120.989596883917912, 22.651132628024175 ], [ 120.989469876434171, 22.651294692617064 ], [ 120.98956817249254, 22.651440977952305 ], [ 120.98993368341047, 22.651966344174678 ], [ 120.99035631462587, 22.652731557019859 ], [ 120.990596198389483, 22.653371143608744 ], [ 120.990881747832148, 22.653679507164881 ], [ 120.991018823602218, 22.654033563810735 ], [ 120.991144479449957, 22.654410463840552 ], [ 120.991372921940723, 22.654707408864976 ], [ 120.991372945963548, 22.65511857943071 ], [ 120.991566493061114, 22.655465018964296 ], [ 120.991785429405525, 22.655959935480233 ], [ 120.991528472810785, 22.656331144062992 ], [ 120.99137621830242, 22.656826079260409 ], [ 120.991005060817216, 22.657397168173109 ], [ 120.990738624329822, 22.658415590166211 ], [ 120.990062947270687, 22.659795710575104 ], [ 120.989872654730135, 22.660852200089082 ], [ 120.989910735043964, 22.661014001405526 ], [ 120.989739451789674, 22.661623151612449 ], [ 120.989613401805343, 22.662645056419237 ], [ 120.989537349998045, 22.664183142752233 ], [ 120.989385090605609, 22.664594320988428 ], [ 120.989019663793044, 22.665508051766569 ], [ 120.988897867765175, 22.666033442517858 ], [ 120.988897884890832, 22.666326374813607 ], [ 120.989442587083445, 22.666516559428217 ], [ 120.989947029277019, 22.666573641053706 ], [ 120.9907465172722, 22.666573600800092 ], [ 120.991346139388597, 22.666678266819535 ], [ 120.991660229521756, 22.666773429377667 ], [ 120.992145647969863, 22.66703038654283 ], [ 120.992573958463325, 22.667258793071081 ], [ 120.992992743451566, 22.667353950357366 ], [ 120.993440085477062, 22.667515731066153 ], [ 120.993925501697689, 22.667734616880992 ], [ 120.994446638108201, 22.667876203377226 ], [ 120.994735474042727, 22.667690499209861 ] ] ] ] } }
]
}
